CRITICAL - 2024-06-21 05:49:05 --> User does not exist for specified user id
in APPPATH/Models/UserModel.php on line 276.
 1 APPPATH/Controllers/Users.php(115): App\Models\UserModel->findUserById()
 2 SYSTEMPATH/CodeIgniter.php(932): App\Controllers\Users->ref_point()
 3 SYSTEMPATH/CodeIgniter.php(497): CodeIgniter\CodeIgniter->runController()
 4 SYSTEMPATH/CodeIgniter.php(366): CodeIgniter\CodeIgniter->handleRequest()
 5 FCPATH/index.php(67): CodeIgniter\CodeIgniter->run()
CRITICAL - 2024-06-21 05:49:05 --> User does not exist for specified user id
in APPPATH/Models/UserModel.php on line 276.
 1 APPPATH/Controllers/Users.php(115): App\Models\UserModel->findUserById()
 2 SYSTEMPATH/CodeIgniter.php(932): App\Controllers\Users->ref_point()
 3 SYSTEMPATH/CodeIgniter.php(497): CodeIgniter\CodeIgniter->runController()
 4 SYSTEMPATH/CodeIgniter.php(366): CodeIgniter\CodeIgniter->handleRequest()
 5 FCPATH/index.php(67): CodeIgniter\CodeIgniter->run()
CRITICAL - 2024-06-21 05:49:07 --> User does not exist for specified user id
in APPPATH/Models/UserModel.php on line 276.
 1 APPPATH/Controllers/Users.php(115): App\Models\UserModel->findUserById()
 2 SYSTEMPATH/CodeIgniter.php(932): App\Controllers\Users->ref_point()
 3 SYSTEMPATH/CodeIgniter.php(497): CodeIgniter\CodeIgniter->runController()
 4 SYSTEMPATH/CodeIgniter.php(366): CodeIgniter\CodeIgniter->handleRequest()
 5 FCPATH/index.php(67): CodeIgniter\CodeIgniter->run()
CRITICAL - 2024-06-21 05:49:07 --> User does not exist for specified user id
in APPPATH/Models/UserModel.php on line 276.
 1 APPPATH/Controllers/Users.php(115): App\Models\UserModel->findUserById()
 2 SYSTEMPATH/CodeIgniter.php(932): App\Controllers\Users->ref_point()
 3 SYSTEMPATH/CodeIgniter.php(497): CodeIgniter\CodeIgniter->runController()
 4 SYSTEMPATH/CodeIgniter.php(366): CodeIgniter\CodeIgniter->handleRequest()
 5 FCPATH/index.php(67): CodeIgniter\CodeIgniter->run()
CRITICAL - 2024-06-21 05:49:07 --> User does not exist for specified user id
in APPPATH/Models/UserModel.php on line 276.
 1 APPPATH/Controllers/Users.php(115): App\Models\UserModel->findUserById()
 2 SYSTEMPATH/CodeIgniter.php(932): App\Controllers\Users->ref_point()
 3 SYSTEMPATH/CodeIgniter.php(497): CodeIgniter\CodeIgniter->runController()
 4 SYSTEMPATH/CodeIgniter.php(366): CodeIgniter\CodeIgniter->handleRequest()
 5 FCPATH/index.php(67): CodeIgniter\CodeIgniter->run()
CRITICAL - 2024-06-21 05:49:07 --> User does not exist for specified user id
in APPPATH/Models/UserModel.php on line 276.
 1 APPPATH/Controllers/Users.php(115): App\Models\UserModel->findUserById()
 2 SYSTEMPATH/CodeIgniter.php(932): App\Controllers\Users->ref_point()
 3 SYSTEMPATH/CodeIgniter.php(497): CodeIgniter\CodeIgniter->runController()
 4 SYSTEMPATH/CodeIgniter.php(366): CodeIgniter\CodeIgniter->handleRequest()
 5 FCPATH/index.php(67): CodeIgniter\CodeIgniter->run()
CRITICAL - 2024-06-21 05:49:38 --> User does not exist for specified user id
in APPPATH/Models/UserModel.php on line 276.
 1 APPPATH/Controllers/Users.php(41): App\Models\UserModel->findUserById()
 2 SYSTEMPATH/CodeIgniter.php(932): App\Controllers\Users->get_user()
 3 SYSTEMPATH/CodeIgniter.php(497): CodeIgniter\CodeIgniter->runController()
 4 SYSTEMPATH/CodeIgniter.php(366): CodeIgniter\CodeIgniter->handleRequest()
 5 FCPATH/index.php(67): CodeIgniter\CodeIgniter->run()
CRITICAL - 2024-06-21 05:49:38 --> User does not exist for specified user id
in APPPATH/Models/UserModel.php on line 276.
 1 APPPATH/Controllers/Users.php(41): App\Models\UserModel->findUserById()
 2 SYSTEMPATH/CodeIgniter.php(932): App\Controllers\Users->get_user()
 3 SYSTEMPATH/CodeIgniter.php(497): CodeIgniter\CodeIgniter->runController()
 4 SYSTEMPATH/CodeIgniter.php(366): CodeIgniter\CodeIgniter->handleRequest()
 5 FCPATH/index.php(67): CodeIgniter\CodeIgniter->run()
CRITICAL - 2024-06-21 05:49:39 --> User does not exist for specified user id
in APPPATH/Models/UserModel.php on line 276.
 1 APPPATH/Controllers/Users.php(41): App\Models\UserModel->findUserById()
 2 SYSTEMPATH/CodeIgniter.php(932): App\Controllers\Users->get_user()
 3 SYSTEMPATH/CodeIgniter.php(497): CodeIgniter\CodeIgniter->runController()
 4 SYSTEMPATH/CodeIgniter.php(366): CodeIgniter\CodeIgniter->handleRequest()
 5 FCPATH/index.php(67): CodeIgniter\CodeIgniter->run()
CRITICAL - 2024-06-21 05:49:39 --> User does not exist for specified user id
in APPPATH/Models/UserModel.php on line 276.
 1 APPPATH/Controllers/Users.php(41): App\Models\UserModel->findUserById()
 2 SYSTEMPATH/CodeIgniter.php(932): App\Controllers\Users->get_user()
 3 SYSTEMPATH/CodeIgniter.php(497): CodeIgniter\CodeIgniter->runController()
 4 SYSTEMPATH/CodeIgniter.php(366): CodeIgniter\CodeIgniter->handleRequest()
 5 FCPATH/index.php(67): CodeIgniter\CodeIgniter->run()
CRITICAL - 2024-06-21 05:57:20 --> User does not exist for specified user id
in APPPATH/Models/UserModel.php on line 276.
 1 APPPATH/Controllers/Users.php(115): App\Models\UserModel->findUserById()
 2 SYSTEMPATH/CodeIgniter.php(932): App\Controllers\Users->ref_point()
 3 SYSTEMPATH/CodeIgniter.php(497): CodeIgniter\CodeIgniter->runController()
 4 SYSTEMPATH/CodeIgniter.php(366): CodeIgniter\CodeIgniter->handleRequest()
 5 FCPATH/index.php(67): CodeIgniter\CodeIgniter->run()
CRITICAL - 2024-06-21 05:57:20 --> User does not exist for specified user id
in APPPATH/Models/UserModel.php on line 276.
 1 APPPATH/Controllers/Users.php(115): App\Models\UserModel->findUserById()
 2 SYSTEMPATH/CodeIgniter.php(932): App\Controllers\Users->ref_point()
 3 SYSTEMPATH/CodeIgniter.php(497): CodeIgniter\CodeIgniter->runController()
 4 SYSTEMPATH/CodeIgniter.php(366): CodeIgniter\CodeIgniter->handleRequest()
 5 FCPATH/index.php(67): CodeIgniter\CodeIgniter->run()
CRITICAL - 2024-06-21 06:25:13 --> User does not exist for specified user id
in APPPATH/Models/UserModel.php on line 276.
 1 APPPATH/Controllers/Users.php(41): App\Models\UserModel->findUserById()
 2 SYSTEMPATH/CodeIgniter.php(932): App\Controllers\Users->get_user()
 3 SYSTEMPATH/CodeIgniter.php(497): CodeIgniter\CodeIgniter->runController()
 4 SYSTEMPATH/CodeIgniter.php(366): CodeIgniter\CodeIgniter->handleRequest()
 5 FCPATH/index.php(67): CodeIgniter\CodeIgniter->run()
CRITICAL - 2024-06-21 06:25:13 --> User does not exist for specified user id
in APPPATH/Models/UserModel.php on line 276.
 1 APPPATH/Controllers/Users.php(41): App\Models\UserModel->findUserById()
 2 SYSTEMPATH/CodeIgniter.php(932): App\Controllers\Users->get_user()
 3 SYSTEMPATH/CodeIgniter.php(497): CodeIgniter\CodeIgniter->runController()
 4 SYSTEMPATH/CodeIgniter.php(366): CodeIgniter\CodeIgniter->handleRequest()
 5 FCPATH/index.php(67): CodeIgniter\CodeIgniter->run()
CRITICAL - 2024-06-21 06:25:14 --> User does not exist for specified user id
in APPPATH/Models/UserModel.php on line 276.
 1 APPPATH/Controllers/Users.php(41): App\Models\UserModel->findUserById()
 2 SYSTEMPATH/CodeIgniter.php(932): App\Controllers\Users->get_user()
 3 SYSTEMPATH/CodeIgniter.php(497): CodeIgniter\CodeIgniter->runController()
 4 SYSTEMPATH/CodeIgniter.php(366): CodeIgniter\CodeIgniter->handleRequest()
 5 FCPATH/index.php(67): CodeIgniter\CodeIgniter->run()
CRITICAL - 2024-06-21 06:25:14 --> User does not exist for specified user id
in APPPATH/Models/UserModel.php on line 276.
 1 APPPATH/Controllers/Users.php(41): App\Models\UserModel->findUserById()
 2 SYSTEMPATH/CodeIgniter.php(932): App\Controllers\Users->get_user()
 3 SYSTEMPATH/CodeIgniter.php(497): CodeIgniter\CodeIgniter->runController()
 4 SYSTEMPATH/CodeIgniter.php(366): CodeIgniter\CodeIgniter->handleRequest()
 5 FCPATH/index.php(67): CodeIgniter\CodeIgniter->run()
CRITICAL - 2024-06-21 06:25:23 --> User does not exist for specified user id
in APPPATH/Models/UserModel.php on line 276.
 1 APPPATH/Controllers/Users.php(41): App\Models\UserModel->findUserById()
 2 SYSTEMPATH/CodeIgniter.php(932): App\Controllers\Users->get_user()
 3 SYSTEMPATH/CodeIgniter.php(497): CodeIgniter\CodeIgniter->runController()
 4 SYSTEMPATH/CodeIgniter.php(366): CodeIgniter\CodeIgniter->handleRequest()
 5 FCPATH/index.php(67): CodeIgniter\CodeIgniter->run()
CRITICAL - 2024-06-21 06:25:23 --> User does not exist for specified user id
in APPPATH/Models/UserModel.php on line 276.
 1 APPPATH/Controllers/Users.php(41): App\Models\UserModel->findUserById()
 2 SYSTEMPATH/CodeIgniter.php(932): App\Controllers\Users->get_user()
 3 SYSTEMPATH/CodeIgniter.php(497): CodeIgniter\CodeIgniter->runController()
 4 SYSTEMPATH/CodeIgniter.php(366): CodeIgniter\CodeIgniter->handleRequest()
 5 FCPATH/index.php(67): CodeIgniter\CodeIgniter->run()
CRITICAL - 2024-06-21 06:25:30 --> User does not exist for specified user id
in APPPATH/Models/UserModel.php on line 276.
 1 APPPATH/Controllers/Users.php(41): App\Models\UserModel->findUserById()
 2 SYSTEMPATH/CodeIgniter.php(932): App\Controllers\Users->get_user()
 3 SYSTEMPATH/CodeIgniter.php(497): CodeIgniter\CodeIgniter->runController()
 4 SYSTEMPATH/CodeIgniter.php(366): CodeIgniter\CodeIgniter->handleRequest()
 5 FCPATH/index.php(67): CodeIgniter\CodeIgniter->run()
CRITICAL - 2024-06-21 06:25:30 --> User does not exist for specified user id
in APPPATH/Models/UserModel.php on line 276.
 1 APPPATH/Controllers/Users.php(41): App\Models\UserModel->findUserById()
 2 SYSTEMPATH/CodeIgniter.php(932): App\Controllers\Users->get_user()
 3 SYSTEMPATH/CodeIgniter.php(497): CodeIgniter\CodeIgniter->runController()
 4 SYSTEMPATH/CodeIgniter.php(366): CodeIgniter\CodeIgniter->handleRequest()
 5 FCPATH/index.php(67): CodeIgniter\CodeIgniter->run()
CRITICAL - 2024-06-21 06:26:46 --> User does not exist for specified user id
in APPPATH/Models/UserModel.php on line 276.
 1 APPPATH/Controllers/Users.php(41): App\Models\UserModel->findUserById()
 2 SYSTEMPATH/CodeIgniter.php(932): App\Controllers\Users->get_user()
 3 SYSTEMPATH/CodeIgniter.php(497): CodeIgniter\CodeIgniter->runController()
 4 SYSTEMPATH/CodeIgniter.php(366): CodeIgniter\CodeIgniter->handleRequest()
 5 FCPATH/index.php(67): CodeIgniter\CodeIgniter->run()
CRITICAL - 2024-06-21 06:26:47 --> User does not exist for specified user id
in APPPATH/Models/UserModel.php on line 276.
 1 APPPATH/Controllers/Users.php(41): App\Models\UserModel->findUserById()
 2 SYSTEMPATH/CodeIgniter.php(932): App\Controllers\Users->get_user()
 3 SYSTEMPATH/CodeIgniter.php(497): CodeIgniter\CodeIgniter->runController()
 4 SYSTEMPATH/CodeIgniter.php(366): CodeIgniter\CodeIgniter->handleRequest()
 5 FCPATH/index.php(67): CodeIgniter\CodeIgniter->run()
CRITICAL - 2024-06-21 06:26:48 --> User does not exist for specified user id
in APPPATH/Models/UserModel.php on line 276.
 1 APPPATH/Controllers/Users.php(41): App\Models\UserModel->findUserById()
 2 SYSTEMPATH/CodeIgniter.php(932): App\Controllers\Users->get_user()
 3 SYSTEMPATH/CodeIgniter.php(497): CodeIgniter\CodeIgniter->runController()
 4 SYSTEMPATH/CodeIgniter.php(366): CodeIgniter\CodeIgniter->handleRequest()
 5 FCPATH/index.php(67): CodeIgniter\CodeIgniter->run()
CRITICAL - 2024-06-21 06:26:48 --> User does not exist for specified user id
in APPPATH/Models/UserModel.php on line 276.
 1 APPPATH/Controllers/Users.php(41): App\Models\UserModel->findUserById()
 2 SYSTEMPATH/CodeIgniter.php(932): App\Controllers\Users->get_user()
 3 SYSTEMPATH/CodeIgniter.php(497): CodeIgniter\CodeIgniter->runController()
 4 SYSTEMPATH/CodeIgniter.php(366): CodeIgniter\CodeIgniter->handleRequest()
 5 FCPATH/index.php(67): CodeIgniter\CodeIgniter->run()
ERROR - 2024-06-21 12:04:57 --> mysqli_sql_exception: Cannot add or update a child row: a foreign key constraint fails (`webuser_moj`.`job_pref_user`, CONSTRAINT `job_pref_user_user_id_foreign` FOREIGN KEY (`user_id`) REFERENCES `users` (`id`) ON DELETE CASCADE ON UPDATE CASCADE) in /home/webuser/web/dashboard.masterofjobs.in/public_html/vendor/codeigniter4/framework/system/Database/MySQLi/Connection.php:295
Stack trace:
#0 /home/webuser/web/dashboard.masterofjobs.in/public_html/vendor/codeigniter4/framework/system/Database/MySQLi/Connection.php(295): mysqli->query()
#1 /home/webuser/web/dashboard.masterofjobs.in/public_html/vendor/codeigniter4/framework/system/Database/BaseConnection.php(692): CodeIgniter\Database\MySQLi\Connection->execute()
#2 /home/webuser/web/dashboard.masterofjobs.in/public_html/vendor/codeigniter4/framework/system/Database/BaseConnection.php(606): CodeIgniter\Database\BaseConnection->simpleQuery()
#3 /home/webuser/web/dashboard.masterofjobs.in/public_html/app/Models/Job_prefModel.php(294): CodeIgniter\Database\BaseConnection->query()
#4 /home/webuser/web/dashboard.masterofjobs.in/public_html/app/Controllers/Job_pref.php(206): App\Models\Job_prefModel->user_save()
#5 /home/webuser/web/dashboard.masterofjobs.in/public_html/vendor/codeigniter4/framework/system/CodeIgniter.php(932): App\Controllers\Job_pref->user_save()
#6 /home/webuser/web/dashboard.masterofjobs.in/public_html/vendor/codeigniter4/framework/system/CodeIgniter.php(497): CodeIgniter\CodeIgniter->runController()
#7 /home/webuser/web/dashboard.masterofjobs.in/public_html/vendor/codeigniter4/framework/system/CodeIgniter.php(366): CodeIgniter\CodeIgniter->handleRequest()
#8 /home/webuser/web/dashboard.masterofjobs.in/public_html/public/index.php(67): CodeIgniter\CodeIgniter->run()
#9 {main}
CRITICAL - 2024-06-21 12:04:57 --> Cannot add or update a child row: a foreign key constraint fails (`webuser_moj`.`job_pref_user`, CONSTRAINT `job_pref_user_user_id_foreign` FOREIGN KEY (`user_id`) REFERENCES `users` (`id`) ON DELETE CASCADE ON UPDATE CASCADE)
in SYSTEMPATH/Database/MySQLi/Connection.php on line 295.
 1 SYSTEMPATH/Database/MySQLi/Connection.php(295): mysqli->query()
 2 SYSTEMPATH/Database/BaseConnection.php(692): CodeIgniter\Database\MySQLi\Connection->execute()
 3 SYSTEMPATH/Database/BaseConnection.php(606): CodeIgniter\Database\BaseConnection->simpleQuery()
 4 APPPATH/Models/Job_prefModel.php(294): CodeIgniter\Database\BaseConnection->query()
 5 APPPATH/Controllers/Job_pref.php(206): App\Models\Job_prefModel->user_save()
 6 SYSTEMPATH/CodeIgniter.php(932): App\Controllers\Job_pref->user_save()
 7 SYSTEMPATH/CodeIgniter.php(497): CodeIgniter\CodeIgniter->runController()
 8 SYSTEMPATH/CodeIgniter.php(366): CodeIgniter\CodeIgniter->handleRequest()
 9 FCPATH/index.php(67): CodeIgniter\CodeIgniter->run()
CRITICAL - 2024-06-21 06:35:35 --> User does not exist for specified user id
in APPPATH/Models/UserModel.php on line 276.
 1 APPPATH/Controllers/Users.php(41): App\Models\UserModel->findUserById()
 2 SYSTEMPATH/CodeIgniter.php(932): App\Controllers\Users->get_user()
 3 SYSTEMPATH/CodeIgniter.php(497): CodeIgniter\CodeIgniter->runController()
 4 SYSTEMPATH/CodeIgniter.php(366): CodeIgniter\CodeIgniter->handleRequest()
 5 FCPATH/index.php(67): CodeIgniter\CodeIgniter->run()
CRITICAL - 2024-06-21 06:35:36 --> User does not exist for specified user id
in APPPATH/Models/UserModel.php on line 276.
 1 APPPATH/Controllers/Users.php(41): App\Models\UserModel->findUserById()
 2 SYSTEMPATH/CodeIgniter.php(932): App\Controllers\Users->get_user()
 3 SYSTEMPATH/CodeIgniter.php(497): CodeIgniter\CodeIgniter->runController()
 4 SYSTEMPATH/CodeIgniter.php(366): CodeIgniter\CodeIgniter->handleRequest()
 5 FCPATH/index.php(67): CodeIgniter\CodeIgniter->run()
CRITICAL - 2024-06-21 06:35:36 --> User does not exist for specified user id
in APPPATH/Models/UserModel.php on line 276.
 1 APPPATH/Controllers/Users.php(41): App\Models\UserModel->findUserById()
 2 SYSTEMPATH/CodeIgniter.php(932): App\Controllers\Users->get_user()
 3 SYSTEMPATH/CodeIgniter.php(497): CodeIgniter\CodeIgniter->runController()
 4 SYSTEMPATH/CodeIgniter.php(366): CodeIgniter\CodeIgniter->handleRequest()
 5 FCPATH/index.php(67): CodeIgniter\CodeIgniter->run()
CRITICAL - 2024-06-21 06:35:37 --> User does not exist for specified user id
in APPPATH/Models/UserModel.php on line 276.
 1 APPPATH/Controllers/Users.php(41): App\Models\UserModel->findUserById()
 2 SYSTEMPATH/CodeIgniter.php(932): App\Controllers\Users->get_user()
 3 SYSTEMPATH/CodeIgniter.php(497): CodeIgniter\CodeIgniter->runController()
 4 SYSTEMPATH/CodeIgniter.php(366): CodeIgniter\CodeIgniter->handleRequest()
 5 FCPATH/index.php(67): CodeIgniter\CodeIgniter->run()
CRITICAL - 2024-06-21 06:35:39 --> User does not exist for specified user id
in APPPATH/Models/UserModel.php on line 276.
 1 APPPATH/Controllers/Users.php(41): App\Models\UserModel->findUserById()
 2 SYSTEMPATH/CodeIgniter.php(932): App\Controllers\Users->get_user()
 3 SYSTEMPATH/CodeIgniter.php(497): CodeIgniter\CodeIgniter->runController()
 4 SYSTEMPATH/CodeIgniter.php(366): CodeIgniter\CodeIgniter->handleRequest()
 5 FCPATH/index.php(67): CodeIgniter\CodeIgniter->run()
CRITICAL - 2024-06-21 06:35:39 --> User does not exist for specified user id
in APPPATH/Models/UserModel.php on line 276.
 1 APPPATH/Controllers/Users.php(41): App\Models\UserModel->findUserById()
 2 SYSTEMPATH/CodeIgniter.php(932): App\Controllers\Users->get_user()
 3 SYSTEMPATH/CodeIgniter.php(497): CodeIgniter\CodeIgniter->runController()
 4 SYSTEMPATH/CodeIgniter.php(366): CodeIgniter\CodeIgniter->handleRequest()
 5 FCPATH/index.php(67): CodeIgniter\CodeIgniter->run()
CRITICAL - 2024-06-21 06:46:39 --> User does not exist for specified user id
in APPPATH/Models/UserModel.php on line 276.
 1 APPPATH/Controllers/Users.php(115): App\Models\UserModel->findUserById()
 2 SYSTEMPATH/CodeIgniter.php(932): App\Controllers\Users->ref_point()
 3 SYSTEMPATH/CodeIgniter.php(497): CodeIgniter\CodeIgniter->runController()
 4 SYSTEMPATH/CodeIgniter.php(366): CodeIgniter\CodeIgniter->handleRequest()
 5 FCPATH/index.php(67): CodeIgniter\CodeIgniter->run()
CRITICAL - 2024-06-21 06:46:39 --> User does not exist for specified user id
in APPPATH/Models/UserModel.php on line 276.
 1 APPPATH/Controllers/Users.php(115): App\Models\UserModel->findUserById()
 2 SYSTEMPATH/CodeIgniter.php(932): App\Controllers\Users->ref_point()
 3 SYSTEMPATH/CodeIgniter.php(497): CodeIgniter\CodeIgniter->runController()
 4 SYSTEMPATH/CodeIgniter.php(366): CodeIgniter\CodeIgniter->handleRequest()
 5 FCPATH/index.php(67): CodeIgniter\CodeIgniter->run()
CRITICAL - 2024-06-21 06:46:51 --> User does not exist for specified user id
in APPPATH/Models/UserModel.php on line 276.
 1 APPPATH/Controllers/Users.php(115): App\Models\UserModel->findUserById()
 2 SYSTEMPATH/CodeIgniter.php(932): App\Controllers\Users->ref_point()
 3 SYSTEMPATH/CodeIgniter.php(497): CodeIgniter\CodeIgniter->runController()
 4 SYSTEMPATH/CodeIgniter.php(366): CodeIgniter\CodeIgniter->handleRequest()
 5 FCPATH/index.php(67): CodeIgniter\CodeIgniter->run()
CRITICAL - 2024-06-21 06:46:51 --> User does not exist for specified user id
in APPPATH/Models/UserModel.php on line 276.
 1 APPPATH/Controllers/Users.php(115): App\Models\UserModel->findUserById()
 2 SYSTEMPATH/CodeIgniter.php(932): App\Controllers\Users->ref_point()
 3 SYSTEMPATH/CodeIgniter.php(497): CodeIgniter\CodeIgniter->runController()
 4 SYSTEMPATH/CodeIgniter.php(366): CodeIgniter\CodeIgniter->handleRequest()
 5 FCPATH/index.php(67): CodeIgniter\CodeIgniter->run()
CRITICAL - 2024-06-21 06:47:11 --> User does not exist for specified user id
in APPPATH/Models/UserModel.php on line 276.
 1 APPPATH/Controllers/Users.php(115): App\Models\UserModel->findUserById()
 2 SYSTEMPATH/CodeIgniter.php(932): App\Controllers\Users->ref_point()
 3 SYSTEMPATH/CodeIgniter.php(497): CodeIgniter\CodeIgniter->runController()
 4 SYSTEMPATH/CodeIgniter.php(366): CodeIgniter\CodeIgniter->handleRequest()
 5 FCPATH/index.php(67): CodeIgniter\CodeIgniter->run()
CRITICAL - 2024-06-21 06:47:11 --> User does not exist for specified user id
in APPPATH/Models/UserModel.php on line 276.
 1 APPPATH/Controllers/Users.php(115): App\Models\UserModel->findUserById()
 2 SYSTEMPATH/CodeIgniter.php(932): App\Controllers\Users->ref_point()
 3 SYSTEMPATH/CodeIgniter.php(497): CodeIgniter\CodeIgniter->runController()
 4 SYSTEMPATH/CodeIgniter.php(366): CodeIgniter\CodeIgniter->handleRequest()
 5 FCPATH/index.php(67): CodeIgniter\CodeIgniter->run()
CRITICAL - 2024-06-21 06:47:11 --> User does not exist for specified user id
in APPPATH/Models/UserModel.php on line 276.
 1 APPPATH/Controllers/Users.php(115): App\Models\UserModel->findUserById()
 2 SYSTEMPATH/CodeIgniter.php(932): App\Controllers\Users->ref_point()
 3 SYSTEMPATH/CodeIgniter.php(497): CodeIgniter\CodeIgniter->runController()
 4 SYSTEMPATH/CodeIgniter.php(366): CodeIgniter\CodeIgniter->handleRequest()
 5 FCPATH/index.php(67): CodeIgniter\CodeIgniter->run()
CRITICAL - 2024-06-21 06:47:11 --> User does not exist for specified user id
in APPPATH/Models/UserModel.php on line 276.
 1 APPPATH/Controllers/Users.php(115): App\Models\UserModel->findUserById()
 2 SYSTEMPATH/CodeIgniter.php(932): App\Controllers\Users->ref_point()
 3 SYSTEMPATH/CodeIgniter.php(497): CodeIgniter\CodeIgniter->runController()
 4 SYSTEMPATH/CodeIgniter.php(366): CodeIgniter\CodeIgniter->handleRequest()
 5 FCPATH/index.php(67): CodeIgniter\CodeIgniter->run()
CRITICAL - 2024-06-21 06:47:15 --> User does not exist for specified user id
in APPPATH/Models/UserModel.php on line 276.
 1 APPPATH/Controllers/Users.php(115): App\Models\UserModel->findUserById()
 2 SYSTEMPATH/CodeIgniter.php(932): App\Controllers\Users->ref_point()
 3 SYSTEMPATH/CodeIgniter.php(497): CodeIgniter\CodeIgniter->runController()
 4 SYSTEMPATH/CodeIgniter.php(366): CodeIgniter\CodeIgniter->handleRequest()
 5 FCPATH/index.php(67): CodeIgniter\CodeIgniter->run()
CRITICAL - 2024-06-21 06:47:15 --> User does not exist for specified user id
in APPPATH/Models/UserModel.php on line 276.
 1 APPPATH/Controllers/Users.php(115): App\Models\UserModel->findUserById()
 2 SYSTEMPATH/CodeIgniter.php(932): App\Controllers\Users->ref_point()
 3 SYSTEMPATH/CodeIgniter.php(497): CodeIgniter\CodeIgniter->runController()
 4 SYSTEMPATH/CodeIgniter.php(366): CodeIgniter\CodeIgniter->handleRequest()
 5 FCPATH/index.php(67): CodeIgniter\CodeIgniter->run()
CRITICAL - 2024-06-21 06:47:15 --> User does not exist for specified user id
in APPPATH/Models/UserModel.php on line 276.
 1 APPPATH/Controllers/Users.php(115): App\Models\UserModel->findUserById()
 2 SYSTEMPATH/CodeIgniter.php(932): App\Controllers\Users->ref_point()
 3 SYSTEMPATH/CodeIgniter.php(497): CodeIgniter\CodeIgniter->runController()
 4 SYSTEMPATH/CodeIgniter.php(366): CodeIgniter\CodeIgniter->handleRequest()
 5 FCPATH/index.php(67): CodeIgniter\CodeIgniter->run()
CRITICAL - 2024-06-21 06:47:15 --> User does not exist for specified user id
in APPPATH/Models/UserModel.php on line 276.
 1 APPPATH/Controllers/Users.php(115): App\Models\UserModel->findUserById()
 2 SYSTEMPATH/CodeIgniter.php(932): App\Controllers\Users->ref_point()
 3 SYSTEMPATH/CodeIgniter.php(497): CodeIgniter\CodeIgniter->runController()
 4 SYSTEMPATH/CodeIgniter.php(366): CodeIgniter\CodeIgniter->handleRequest()
 5 FCPATH/index.php(67): CodeIgniter\CodeIgniter->run()
ERROR - 2024-06-21 12:41:17 --> mysqli_sql_exception: Cannot add or update a child row: a foreign key constraint fails (`webuser_moj`.`job_pref_user`, CONSTRAINT `job_pref_user_user_id_foreign` FOREIGN KEY (`user_id`) REFERENCES `users` (`id`) ON DELETE CASCADE ON UPDATE CASCADE) in /home/webuser/web/dashboard.masterofjobs.in/public_html/vendor/codeigniter4/framework/system/Database/MySQLi/Connection.php:295
Stack trace:
#0 /home/webuser/web/dashboard.masterofjobs.in/public_html/vendor/codeigniter4/framework/system/Database/MySQLi/Connection.php(295): mysqli->query()
#1 /home/webuser/web/dashboard.masterofjobs.in/public_html/vendor/codeigniter4/framework/system/Database/BaseConnection.php(692): CodeIgniter\Database\MySQLi\Connection->execute()
#2 /home/webuser/web/dashboard.masterofjobs.in/public_html/vendor/codeigniter4/framework/system/Database/BaseConnection.php(606): CodeIgniter\Database\BaseConnection->simpleQuery()
#3 /home/webuser/web/dashboard.masterofjobs.in/public_html/app/Models/Job_prefModel.php(294): CodeIgniter\Database\BaseConnection->query()
#4 /home/webuser/web/dashboard.masterofjobs.in/public_html/app/Controllers/Job_pref.php(206): App\Models\Job_prefModel->user_save()
#5 /home/webuser/web/dashboard.masterofjobs.in/public_html/vendor/codeigniter4/framework/system/CodeIgniter.php(932): App\Controllers\Job_pref->user_save()
#6 /home/webuser/web/dashboard.masterofjobs.in/public_html/vendor/codeigniter4/framework/system/CodeIgniter.php(497): CodeIgniter\CodeIgniter->runController()
#7 /home/webuser/web/dashboard.masterofjobs.in/public_html/vendor/codeigniter4/framework/system/CodeIgniter.php(366): CodeIgniter\CodeIgniter->handleRequest()
#8 /home/webuser/web/dashboard.masterofjobs.in/public_html/public/index.php(67): CodeIgniter\CodeIgniter->run()
#9 {main}
CRITICAL - 2024-06-21 12:41:17 --> Cannot add or update a child row: a foreign key constraint fails (`webuser_moj`.`job_pref_user`, CONSTRAINT `job_pref_user_user_id_foreign` FOREIGN KEY (`user_id`) REFERENCES `users` (`id`) ON DELETE CASCADE ON UPDATE CASCADE)
in SYSTEMPATH/Database/MySQLi/Connection.php on line 295.
 1 SYSTEMPATH/Database/MySQLi/Connection.php(295): mysqli->query()
 2 SYSTEMPATH/Database/BaseConnection.php(692): CodeIgniter\Database\MySQLi\Connection->execute()
 3 SYSTEMPATH/Database/BaseConnection.php(606): CodeIgniter\Database\BaseConnection->simpleQuery()
 4 APPPATH/Models/Job_prefModel.php(294): CodeIgniter\Database\BaseConnection->query()
 5 APPPATH/Controllers/Job_pref.php(206): App\Models\Job_prefModel->user_save()
 6 SYSTEMPATH/CodeIgniter.php(932): App\Controllers\Job_pref->user_save()
 7 SYSTEMPATH/CodeIgniter.php(497): CodeIgniter\CodeIgniter->runController()
 8 SYSTEMPATH/CodeIgniter.php(366): CodeIgniter\CodeIgniter->handleRequest()
 9 FCPATH/index.php(67): CodeIgniter\CodeIgniter->run()
ERROR - 2024-06-21 12:42:02 --> mysqli_sql_exception: Cannot add or update a child row: a foreign key constraint fails (`webuser_moj`.`job_pref_user`, CONSTRAINT `job_pref_user_user_id_foreign` FOREIGN KEY (`user_id`) REFERENCES `users` (`id`) ON DELETE CASCADE ON UPDATE CASCADE) in /home/webuser/web/dashboard.masterofjobs.in/public_html/vendor/codeigniter4/framework/system/Database/MySQLi/Connection.php:295
Stack trace:
#0 /home/webuser/web/dashboard.masterofjobs.in/public_html/vendor/codeigniter4/framework/system/Database/MySQLi/Connection.php(295): mysqli->query()
#1 /home/webuser/web/dashboard.masterofjobs.in/public_html/vendor/codeigniter4/framework/system/Database/BaseConnection.php(692): CodeIgniter\Database\MySQLi\Connection->execute()
#2 /home/webuser/web/dashboard.masterofjobs.in/public_html/vendor/codeigniter4/framework/system/Database/BaseConnection.php(606): CodeIgniter\Database\BaseConnection->simpleQuery()
#3 /home/webuser/web/dashboard.masterofjobs.in/public_html/app/Models/Job_prefModel.php(294): CodeIgniter\Database\BaseConnection->query()
#4 /home/webuser/web/dashboard.masterofjobs.in/public_html/app/Controllers/Job_pref.php(206): App\Models\Job_prefModel->user_save()
#5 /home/webuser/web/dashboard.masterofjobs.in/public_html/vendor/codeigniter4/framework/system/CodeIgniter.php(932): App\Controllers\Job_pref->user_save()
#6 /home/webuser/web/dashboard.masterofjobs.in/public_html/vendor/codeigniter4/framework/system/CodeIgniter.php(497): CodeIgniter\CodeIgniter->runController()
#7 /home/webuser/web/dashboard.masterofjobs.in/public_html/vendor/codeigniter4/framework/system/CodeIgniter.php(366): CodeIgniter\CodeIgniter->handleRequest()
#8 /home/webuser/web/dashboard.masterofjobs.in/public_html/public/index.php(67): CodeIgniter\CodeIgniter->run()
#9 {main}
CRITICAL - 2024-06-21 12:42:02 --> Cannot add or update a child row: a foreign key constraint fails (`webuser_moj`.`job_pref_user`, CONSTRAINT `job_pref_user_user_id_foreign` FOREIGN KEY (`user_id`) REFERENCES `users` (`id`) ON DELETE CASCADE ON UPDATE CASCADE)
in SYSTEMPATH/Database/MySQLi/Connection.php on line 295.
 1 SYSTEMPATH/Database/MySQLi/Connection.php(295): mysqli->query()
 2 SYSTEMPATH/Database/BaseConnection.php(692): CodeIgniter\Database\MySQLi\Connection->execute()
 3 SYSTEMPATH/Database/BaseConnection.php(606): CodeIgniter\Database\BaseConnection->simpleQuery()
 4 APPPATH/Models/Job_prefModel.php(294): CodeIgniter\Database\BaseConnection->query()
 5 APPPATH/Controllers/Job_pref.php(206): App\Models\Job_prefModel->user_save()
 6 SYSTEMPATH/CodeIgniter.php(932): App\Controllers\Job_pref->user_save()
 7 SYSTEMPATH/CodeIgniter.php(497): CodeIgniter\CodeIgniter->runController()
 8 SYSTEMPATH/CodeIgniter.php(366): CodeIgniter\CodeIgniter->handleRequest()
 9 FCPATH/index.php(67): CodeIgniter\CodeIgniter->run()
ERROR - 2024-06-21 12:45:18 --> mysqli_sql_exception: Cannot add or update a child row: a foreign key constraint fails (`webuser_moj`.`job_pref_user`, CONSTRAINT `job_pref_user_user_id_foreign` FOREIGN KEY (`user_id`) REFERENCES `users` (`id`) ON DELETE CASCADE ON UPDATE CASCADE) in /home/webuser/web/dashboard.masterofjobs.in/public_html/vendor/codeigniter4/framework/system/Database/MySQLi/Connection.php:295
Stack trace:
#0 /home/webuser/web/dashboard.masterofjobs.in/public_html/vendor/codeigniter4/framework/system/Database/MySQLi/Connection.php(295): mysqli->query()
#1 /home/webuser/web/dashboard.masterofjobs.in/public_html/vendor/codeigniter4/framework/system/Database/BaseConnection.php(692): CodeIgniter\Database\MySQLi\Connection->execute()
#2 /home/webuser/web/dashboard.masterofjobs.in/public_html/vendor/codeigniter4/framework/system/Database/BaseConnection.php(606): CodeIgniter\Database\BaseConnection->simpleQuery()
#3 /home/webuser/web/dashboard.masterofjobs.in/public_html/app/Models/Job_prefModel.php(294): CodeIgniter\Database\BaseConnection->query()
#4 /home/webuser/web/dashboard.masterofjobs.in/public_html/app/Controllers/Job_pref.php(206): App\Models\Job_prefModel->user_save()
#5 /home/webuser/web/dashboard.masterofjobs.in/public_html/vendor/codeigniter4/framework/system/CodeIgniter.php(932): App\Controllers\Job_pref->user_save()
#6 /home/webuser/web/dashboard.masterofjobs.in/public_html/vendor/codeigniter4/framework/system/CodeIgniter.php(497): CodeIgniter\CodeIgniter->runController()
#7 /home/webuser/web/dashboard.masterofjobs.in/public_html/vendor/codeigniter4/framework/system/CodeIgniter.php(366): CodeIgniter\CodeIgniter->handleRequest()
#8 /home/webuser/web/dashboard.masterofjobs.in/public_html/public/index.php(67): CodeIgniter\CodeIgniter->run()
#9 {main}
CRITICAL - 2024-06-21 12:45:18 --> Cannot add or update a child row: a foreign key constraint fails (`webuser_moj`.`job_pref_user`, CONSTRAINT `job_pref_user_user_id_foreign` FOREIGN KEY (`user_id`) REFERENCES `users` (`id`) ON DELETE CASCADE ON UPDATE CASCADE)
in SYSTEMPATH/Database/MySQLi/Connection.php on line 295.
 1 SYSTEMPATH/Database/MySQLi/Connection.php(295): mysqli->query()
 2 SYSTEMPATH/Database/BaseConnection.php(692): CodeIgniter\Database\MySQLi\Connection->execute()
 3 SYSTEMPATH/Database/BaseConnection.php(606): CodeIgniter\Database\BaseConnection->simpleQuery()
 4 APPPATH/Models/Job_prefModel.php(294): CodeIgniter\Database\BaseConnection->query()
 5 APPPATH/Controllers/Job_pref.php(206): App\Models\Job_prefModel->user_save()
 6 SYSTEMPATH/CodeIgniter.php(932): App\Controllers\Job_pref->user_save()
 7 SYSTEMPATH/CodeIgniter.php(497): CodeIgniter\CodeIgniter->runController()
 8 SYSTEMPATH/CodeIgniter.php(366): CodeIgniter\CodeIgniter->handleRequest()
 9 FCPATH/index.php(67): CodeIgniter\CodeIgniter->run()
ERROR - 2024-06-21 12:51:54 --> mysqli_sql_exception: Cannot add or update a child row: a foreign key constraint fails (`webuser_moj`.`job_pref_user`, CONSTRAINT `job_pref_user_user_id_foreign` FOREIGN KEY (`user_id`) REFERENCES `users` (`id`) ON DELETE CASCADE ON UPDATE CASCADE) in /home/webuser/web/dashboard.masterofjobs.in/public_html/vendor/codeigniter4/framework/system/Database/MySQLi/Connection.php:295
Stack trace:
#0 /home/webuser/web/dashboard.masterofjobs.in/public_html/vendor/codeigniter4/framework/system/Database/MySQLi/Connection.php(295): mysqli->query()
#1 /home/webuser/web/dashboard.masterofjobs.in/public_html/vendor/codeigniter4/framework/system/Database/BaseConnection.php(692): CodeIgniter\Database\MySQLi\Connection->execute()
#2 /home/webuser/web/dashboard.masterofjobs.in/public_html/vendor/codeigniter4/framework/system/Database/BaseConnection.php(606): CodeIgniter\Database\BaseConnection->simpleQuery()
#3 /home/webuser/web/dashboard.masterofjobs.in/public_html/app/Models/Job_prefModel.php(294): CodeIgniter\Database\BaseConnection->query()
#4 /home/webuser/web/dashboard.masterofjobs.in/public_html/app/Controllers/Job_pref.php(206): App\Models\Job_prefModel->user_save()
#5 /home/webuser/web/dashboard.masterofjobs.in/public_html/vendor/codeigniter4/framework/system/CodeIgniter.php(932): App\Controllers\Job_pref->user_save()
#6 /home/webuser/web/dashboard.masterofjobs.in/public_html/vendor/codeigniter4/framework/system/CodeIgniter.php(497): CodeIgniter\CodeIgniter->runController()
#7 /home/webuser/web/dashboard.masterofjobs.in/public_html/vendor/codeigniter4/framework/system/CodeIgniter.php(366): CodeIgniter\CodeIgniter->handleRequest()
#8 /home/webuser/web/dashboard.masterofjobs.in/public_html/public/index.php(67): CodeIgniter\CodeIgniter->run()
#9 {main}
CRITICAL - 2024-06-21 12:51:54 --> Cannot add or update a child row: a foreign key constraint fails (`webuser_moj`.`job_pref_user`, CONSTRAINT `job_pref_user_user_id_foreign` FOREIGN KEY (`user_id`) REFERENCES `users` (`id`) ON DELETE CASCADE ON UPDATE CASCADE)
in SYSTEMPATH/Database/MySQLi/Connection.php on line 295.
 1 SYSTEMPATH/Database/MySQLi/Connection.php(295): mysqli->query()
 2 SYSTEMPATH/Database/BaseConnection.php(692): CodeIgniter\Database\MySQLi\Connection->execute()
 3 SYSTEMPATH/Database/BaseConnection.php(606): CodeIgniter\Database\BaseConnection->simpleQuery()
 4 APPPATH/Models/Job_prefModel.php(294): CodeIgniter\Database\BaseConnection->query()
 5 APPPATH/Controllers/Job_pref.php(206): App\Models\Job_prefModel->user_save()
 6 SYSTEMPATH/CodeIgniter.php(932): App\Controllers\Job_pref->user_save()
 7 SYSTEMPATH/CodeIgniter.php(497): CodeIgniter\CodeIgniter->runController()
 8 SYSTEMPATH/CodeIgniter.php(366): CodeIgniter\CodeIgniter->handleRequest()
 9 FCPATH/index.php(67): CodeIgniter\CodeIgniter->run()
CRITICAL - 2024-06-21 07:23:53 --> Trying to access array offset on value of type null
in APPPATH/Models/BasicModel.php on line 216.
 1 APPPATH/Models/BasicModel.php(216): CodeIgniter\Debug\Exceptions->errorHandler()
 2 APPPATH/Models/BasicModel.php(32): App\Models\BasicModel->getUserWorkEmptyFields()
 3 APPPATH/Controllers/Basic.php(16): App\Models\BasicModel->getEmptyFields()
 4 SYSTEMPATH/CodeIgniter.php(932): App\Controllers\Basic->getUserProfileEmptyFields()
 5 SYSTEMPATH/CodeIgniter.php(497): CodeIgniter\CodeIgniter->runController()
 6 SYSTEMPATH/CodeIgniter.php(366): CodeIgniter\CodeIgniter->handleRequest()
 7 FCPATH/index.php(67): CodeIgniter\CodeIgniter->run()
CRITICAL - 2024-06-21 07:23:53 --> Trying to access array offset on value of type null
in APPPATH/Models/BasicModel.php on line 216.
 1 APPPATH/Models/BasicModel.php(216): CodeIgniter\Debug\Exceptions->errorHandler()
 2 APPPATH/Models/BasicModel.php(32): App\Models\BasicModel->getUserWorkEmptyFields()
 3 APPPATH/Controllers/Basic.php(16): App\Models\BasicModel->getEmptyFields()
 4 SYSTEMPATH/CodeIgniter.php(932): App\Controllers\Basic->getUserProfileEmptyFields()
 5 SYSTEMPATH/CodeIgniter.php(497): CodeIgniter\CodeIgniter->runController()
 6 SYSTEMPATH/CodeIgniter.php(366): CodeIgniter\CodeIgniter->handleRequest()
 7 FCPATH/index.php(67): CodeIgniter\CodeIgniter->run()
CRITICAL - 2024-06-21 07:23:53 --> User does not exist for specified user id
in APPPATH/Models/UserModel.php on line 276.
 1 APPPATH/Controllers/Users.php(115): App\Models\UserModel->findUserById()
 2 SYSTEMPATH/CodeIgniter.php(932): App\Controllers\Users->ref_point()
 3 SYSTEMPATH/CodeIgniter.php(497): CodeIgniter\CodeIgniter->runController()
 4 SYSTEMPATH/CodeIgniter.php(366): CodeIgniter\CodeIgniter->handleRequest()
 5 FCPATH/index.php(67): CodeIgniter\CodeIgniter->run()
CRITICAL - 2024-06-21 07:23:53 --> User does not exist for specified user id
in APPPATH/Models/UserModel.php on line 276.
 1 APPPATH/Controllers/Users.php(115): App\Models\UserModel->findUserById()
 2 SYSTEMPATH/CodeIgniter.php(932): App\Controllers\Users->ref_point()
 3 SYSTEMPATH/CodeIgniter.php(497): CodeIgniter\CodeIgniter->runController()
 4 SYSTEMPATH/CodeIgniter.php(366): CodeIgniter\CodeIgniter->handleRequest()
 5 FCPATH/index.php(67): CodeIgniter\CodeIgniter->run()
CRITICAL - 2024-06-21 07:23:58 --> Trying to access array offset on value of type null
in APPPATH/Models/BasicModel.php on line 216.
 1 APPPATH/Models/BasicModel.php(216): CodeIgniter\Debug\Exceptions->errorHandler()
 2 APPPATH/Models/BasicModel.php(32): App\Models\BasicModel->getUserWorkEmptyFields()
 3 APPPATH/Controllers/Basic.php(16): App\Models\BasicModel->getEmptyFields()
 4 SYSTEMPATH/CodeIgniter.php(932): App\Controllers\Basic->getUserProfileEmptyFields()
 5 SYSTEMPATH/CodeIgniter.php(497): CodeIgniter\CodeIgniter->runController()
 6 SYSTEMPATH/CodeIgniter.php(366): CodeIgniter\CodeIgniter->handleRequest()
 7 FCPATH/index.php(67): CodeIgniter\CodeIgniter->run()
CRITICAL - 2024-06-21 07:23:58 --> Trying to access array offset on value of type null
in APPPATH/Models/BasicModel.php on line 216.
 1 APPPATH/Models/BasicModel.php(216): CodeIgniter\Debug\Exceptions->errorHandler()
 2 APPPATH/Models/BasicModel.php(32): App\Models\BasicModel->getUserWorkEmptyFields()
 3 APPPATH/Controllers/Basic.php(16): App\Models\BasicModel->getEmptyFields()
 4 SYSTEMPATH/CodeIgniter.php(932): App\Controllers\Basic->getUserProfileEmptyFields()
 5 SYSTEMPATH/CodeIgniter.php(497): CodeIgniter\CodeIgniter->runController()
 6 SYSTEMPATH/CodeIgniter.php(366): CodeIgniter\CodeIgniter->handleRequest()
 7 FCPATH/index.php(67): CodeIgniter\CodeIgniter->run()
CRITICAL - 2024-06-21 07:23:58 --> Trying to access array offset on value of type null
in APPPATH/Models/BasicModel.php on line 216.
 1 APPPATH/Models/BasicModel.php(216): CodeIgniter\Debug\Exceptions->errorHandler()
 2 APPPATH/Models/BasicModel.php(32): App\Models\BasicModel->getUserWorkEmptyFields()
 3 APPPATH/Controllers/Basic.php(16): App\Models\BasicModel->getEmptyFields()
 4 SYSTEMPATH/CodeIgniter.php(932): App\Controllers\Basic->getUserProfileEmptyFields()
 5 SYSTEMPATH/CodeIgniter.php(497): CodeIgniter\CodeIgniter->runController()
 6 SYSTEMPATH/CodeIgniter.php(366): CodeIgniter\CodeIgniter->handleRequest()
 7 FCPATH/index.php(67): CodeIgniter\CodeIgniter->run()
CRITICAL - 2024-06-21 07:23:58 --> Trying to access array offset on value of type null
in APPPATH/Models/BasicModel.php on line 216.
 1 APPPATH/Models/BasicModel.php(216): CodeIgniter\Debug\Exceptions->errorHandler()
 2 APPPATH/Models/BasicModel.php(32): App\Models\BasicModel->getUserWorkEmptyFields()
 3 APPPATH/Controllers/Basic.php(16): App\Models\BasicModel->getEmptyFields()
 4 SYSTEMPATH/CodeIgniter.php(932): App\Controllers\Basic->getUserProfileEmptyFields()
 5 SYSTEMPATH/CodeIgniter.php(497): CodeIgniter\CodeIgniter->runController()
 6 SYSTEMPATH/CodeIgniter.php(366): CodeIgniter\CodeIgniter->handleRequest()
 7 FCPATH/index.php(67): CodeIgniter\CodeIgniter->run()
CRITICAL - 2024-06-21 07:24:01 --> Trying to access array offset on value of type null
in APPPATH/Models/BasicModel.php on line 216.
 1 APPPATH/Models/BasicModel.php(216): CodeIgniter\Debug\Exceptions->errorHandler()
 2 APPPATH/Models/BasicModel.php(32): App\Models\BasicModel->getUserWorkEmptyFields()
 3 APPPATH/Controllers/Basic.php(16): App\Models\BasicModel->getEmptyFields()
 4 SYSTEMPATH/CodeIgniter.php(932): App\Controllers\Basic->getUserProfileEmptyFields()
 5 SYSTEMPATH/CodeIgniter.php(497): CodeIgniter\CodeIgniter->runController()
 6 SYSTEMPATH/CodeIgniter.php(366): CodeIgniter\CodeIgniter->handleRequest()
 7 FCPATH/index.php(67): CodeIgniter\CodeIgniter->run()
CRITICAL - 2024-06-21 07:24:01 --> User does not exist for specified user id
in APPPATH/Models/UserModel.php on line 276.
 1 APPPATH/Controllers/Users.php(115): App\Models\UserModel->findUserById()
 2 SYSTEMPATH/CodeIgniter.php(932): App\Controllers\Users->ref_point()
 3 SYSTEMPATH/CodeIgniter.php(497): CodeIgniter\CodeIgniter->runController()
 4 SYSTEMPATH/CodeIgniter.php(366): CodeIgniter\CodeIgniter->handleRequest()
 5 FCPATH/index.php(67): CodeIgniter\CodeIgniter->run()
CRITICAL - 2024-06-21 07:24:01 --> Trying to access array offset on value of type null
in APPPATH/Models/BasicModel.php on line 216.
 1 APPPATH/Models/BasicModel.php(216): CodeIgniter\Debug\Exceptions->errorHandler()
 2 APPPATH/Models/BasicModel.php(32): App\Models\BasicModel->getUserWorkEmptyFields()
 3 APPPATH/Controllers/Basic.php(16): App\Models\BasicModel->getEmptyFields()
 4 SYSTEMPATH/CodeIgniter.php(932): App\Controllers\Basic->getUserProfileEmptyFields()
 5 SYSTEMPATH/CodeIgniter.php(497): CodeIgniter\CodeIgniter->runController()
 6 SYSTEMPATH/CodeIgniter.php(366): CodeIgniter\CodeIgniter->handleRequest()
 7 FCPATH/index.php(67): CodeIgniter\CodeIgniter->run()
CRITICAL - 2024-06-21 07:24:01 --> User does not exist for specified user id
in APPPATH/Models/UserModel.php on line 276.
 1 APPPATH/Controllers/Users.php(115): App\Models\UserModel->findUserById()
 2 SYSTEMPATH/CodeIgniter.php(932): App\Controllers\Users->ref_point()
 3 SYSTEMPATH/CodeIgniter.php(497): CodeIgniter\CodeIgniter->runController()
 4 SYSTEMPATH/CodeIgniter.php(366): CodeIgniter\CodeIgniter->handleRequest()
 5 FCPATH/index.php(67): CodeIgniter\CodeIgniter->run()
CRITICAL - 2024-06-21 07:24:16 --> User does not exist for specified user id
in APPPATH/Models/UserModel.php on line 276.
 1 APPPATH/Controllers/Users.php(41): App\Models\UserModel->findUserById()
 2 SYSTEMPATH/CodeIgniter.php(932): App\Controllers\Users->get_user()
 3 SYSTEMPATH/CodeIgniter.php(497): CodeIgniter\CodeIgniter->runController()
 4 SYSTEMPATH/CodeIgniter.php(366): CodeIgniter\CodeIgniter->handleRequest()
 5 FCPATH/index.php(67): CodeIgniter\CodeIgniter->run()
CRITICAL - 2024-06-21 07:24:17 --> User does not exist for specified user id
in APPPATH/Models/UserModel.php on line 276.
 1 APPPATH/Controllers/Users.php(41): App\Models\UserModel->findUserById()
 2 SYSTEMPATH/CodeIgniter.php(932): App\Controllers\Users->get_user()
 3 SYSTEMPATH/CodeIgniter.php(497): CodeIgniter\CodeIgniter->runController()
 4 SYSTEMPATH/CodeIgniter.php(366): CodeIgniter\CodeIgniter->handleRequest()
 5 FCPATH/index.php(67): CodeIgniter\CodeIgniter->run()
CRITICAL - 2024-06-21 07:24:17 --> User does not exist for specified user id
in APPPATH/Models/UserModel.php on line 276.
 1 APPPATH/Controllers/Users.php(41): App\Models\UserModel->findUserById()
 2 SYSTEMPATH/CodeIgniter.php(932): App\Controllers\Users->get_user()
 3 SYSTEMPATH/CodeIgniter.php(497): CodeIgniter\CodeIgniter->runController()
 4 SYSTEMPATH/CodeIgniter.php(366): CodeIgniter\CodeIgniter->handleRequest()
 5 FCPATH/index.php(67): CodeIgniter\CodeIgniter->run()
CRITICAL - 2024-06-21 07:24:18 --> User does not exist for specified user id
in APPPATH/Models/UserModel.php on line 276.
 1 APPPATH/Controllers/Users.php(41): App\Models\UserModel->findUserById()
 2 SYSTEMPATH/CodeIgniter.php(932): App\Controllers\Users->get_user()
 3 SYSTEMPATH/CodeIgniter.php(497): CodeIgniter\CodeIgniter->runController()
 4 SYSTEMPATH/CodeIgniter.php(366): CodeIgniter\CodeIgniter->handleRequest()
 5 FCPATH/index.php(67): CodeIgniter\CodeIgniter->run()
CRITICAL - 2024-06-21 07:24:19 --> User does not exist for specified user id
in APPPATH/Models/UserModel.php on line 276.
 1 APPPATH/Controllers/Users.php(41): App\Models\UserModel->findUserById()
 2 SYSTEMPATH/CodeIgniter.php(932): App\Controllers\Users->get_user()
 3 SYSTEMPATH/CodeIgniter.php(497): CodeIgniter\CodeIgniter->runController()
 4 SYSTEMPATH/CodeIgniter.php(366): CodeIgniter\CodeIgniter->handleRequest()
 5 FCPATH/index.php(67): CodeIgniter\CodeIgniter->run()
CRITICAL - 2024-06-21 07:24:20 --> User does not exist for specified user id
in APPPATH/Models/UserModel.php on line 276.
 1 APPPATH/Controllers/Users.php(41): App\Models\UserModel->findUserById()
 2 SYSTEMPATH/CodeIgniter.php(932): App\Controllers\Users->get_user()
 3 SYSTEMPATH/CodeIgniter.php(497): CodeIgniter\CodeIgniter->runController()
 4 SYSTEMPATH/CodeIgniter.php(366): CodeIgniter\CodeIgniter->handleRequest()
 5 FCPATH/index.php(67): CodeIgniter\CodeIgniter->run()
CRITICAL - 2024-06-21 07:25:31 --> User does not exist for specified user id
in APPPATH/Models/UserModel.php on line 276.
 1 APPPATH/Controllers/Users.php(41): App\Models\UserModel->findUserById()
 2 SYSTEMPATH/CodeIgniter.php(932): App\Controllers\Users->get_user()
 3 SYSTEMPATH/CodeIgniter.php(497): CodeIgniter\CodeIgniter->runController()
 4 SYSTEMPATH/CodeIgniter.php(366): CodeIgniter\CodeIgniter->handleRequest()
 5 FCPATH/index.php(67): CodeIgniter\CodeIgniter->run()
CRITICAL - 2024-06-21 07:25:32 --> User does not exist for specified user id
in APPPATH/Models/UserModel.php on line 276.
 1 APPPATH/Controllers/Users.php(41): App\Models\UserModel->findUserById()
 2 SYSTEMPATH/CodeIgniter.php(932): App\Controllers\Users->get_user()
 3 SYSTEMPATH/CodeIgniter.php(497): CodeIgniter\CodeIgniter->runController()
 4 SYSTEMPATH/CodeIgniter.php(366): CodeIgniter\CodeIgniter->handleRequest()
 5 FCPATH/index.php(67): CodeIgniter\CodeIgniter->run()
CRITICAL - 2024-06-21 07:26:43 --> User does not exist for specified user id
in APPPATH/Models/UserModel.php on line 276.
 1 APPPATH/Controllers/Users.php(41): App\Models\UserModel->findUserById()
 2 SYSTEMPATH/CodeIgniter.php(932): App\Controllers\Users->get_user()
 3 SYSTEMPATH/CodeIgniter.php(497): CodeIgniter\CodeIgniter->runController()
 4 SYSTEMPATH/CodeIgniter.php(366): CodeIgniter\CodeIgniter->handleRequest()
 5 FCPATH/index.php(67): CodeIgniter\CodeIgniter->run()
CRITICAL - 2024-06-21 07:26:44 --> User does not exist for specified user id
in APPPATH/Models/UserModel.php on line 276.
 1 APPPATH/Controllers/Users.php(41): App\Models\UserModel->findUserById()
 2 SYSTEMPATH/CodeIgniter.php(932): App\Controllers\Users->get_user()
 3 SYSTEMPATH/CodeIgniter.php(497): CodeIgniter\CodeIgniter->runController()
 4 SYSTEMPATH/CodeIgniter.php(366): CodeIgniter\CodeIgniter->handleRequest()
 5 FCPATH/index.php(67): CodeIgniter\CodeIgniter->run()
CRITICAL - 2024-06-21 07:30:52 --> Trying to access array offset on value of type null
in APPPATH/Models/BasicModel.php on line 216.
 1 APPPATH/Models/BasicModel.php(216): CodeIgniter\Debug\Exceptions->errorHandler()
 2 APPPATH/Models/BasicModel.php(32): App\Models\BasicModel->getUserWorkEmptyFields()
 3 APPPATH/Controllers/Basic.php(16): App\Models\BasicModel->getEmptyFields()
 4 SYSTEMPATH/CodeIgniter.php(932): App\Controllers\Basic->getUserProfileEmptyFields()
 5 SYSTEMPATH/CodeIgniter.php(497): CodeIgniter\CodeIgniter->runController()
 6 SYSTEMPATH/CodeIgniter.php(366): CodeIgniter\CodeIgniter->handleRequest()
 7 FCPATH/index.php(67): CodeIgniter\CodeIgniter->run()
CRITICAL - 2024-06-21 07:30:52 --> User does not exist for specified user id
in APPPATH/Models/UserModel.php on line 276.
 1 APPPATH/Controllers/Users.php(115): App\Models\UserModel->findUserById()
 2 SYSTEMPATH/CodeIgniter.php(932): App\Controllers\Users->ref_point()
 3 SYSTEMPATH/CodeIgniter.php(497): CodeIgniter\CodeIgniter->runController()
 4 SYSTEMPATH/CodeIgniter.php(366): CodeIgniter\CodeIgniter->handleRequest()
 5 FCPATH/index.php(67): CodeIgniter\CodeIgniter->run()
CRITICAL - 2024-06-21 07:31:17 --> Trying to access array offset on value of type null
in APPPATH/Models/BasicModel.php on line 216.
 1 APPPATH/Models/BasicModel.php(216): CodeIgniter\Debug\Exceptions->errorHandler()
 2 APPPATH/Models/BasicModel.php(32): App\Models\BasicModel->getUserWorkEmptyFields()
 3 APPPATH/Controllers/Basic.php(16): App\Models\BasicModel->getEmptyFields()
 4 SYSTEMPATH/CodeIgniter.php(932): App\Controllers\Basic->getUserProfileEmptyFields()
 5 SYSTEMPATH/CodeIgniter.php(497): CodeIgniter\CodeIgniter->runController()
 6 SYSTEMPATH/CodeIgniter.php(366): CodeIgniter\CodeIgniter->handleRequest()
 7 FCPATH/index.php(67): CodeIgniter\CodeIgniter->run()
CRITICAL - 2024-06-21 07:31:18 --> User does not exist for specified user id
in APPPATH/Models/UserModel.php on line 276.
 1 APPPATH/Controllers/Users.php(115): App\Models\UserModel->findUserById()
 2 SYSTEMPATH/CodeIgniter.php(932): App\Controllers\Users->ref_point()
 3 SYSTEMPATH/CodeIgniter.php(497): CodeIgniter\CodeIgniter->runController()
 4 SYSTEMPATH/CodeIgniter.php(366): CodeIgniter\CodeIgniter->handleRequest()
 5 FCPATH/index.php(67): CodeIgniter\CodeIgniter->run()
CRITICAL - 2024-06-21 07:31:39 --> Trying to access array offset on value of type null
in APPPATH/Models/BasicModel.php on line 216.
 1 APPPATH/Models/BasicModel.php(216): CodeIgniter\Debug\Exceptions->errorHandler()
 2 APPPATH/Models/BasicModel.php(32): App\Models\BasicModel->getUserWorkEmptyFields()
 3 APPPATH/Controllers/Basic.php(16): App\Models\BasicModel->getEmptyFields()
 4 SYSTEMPATH/CodeIgniter.php(932): App\Controllers\Basic->getUserProfileEmptyFields()
 5 SYSTEMPATH/CodeIgniter.php(497): CodeIgniter\CodeIgniter->runController()
 6 SYSTEMPATH/CodeIgniter.php(366): CodeIgniter\CodeIgniter->handleRequest()
 7 FCPATH/index.php(67): CodeIgniter\CodeIgniter->run()
CRITICAL - 2024-06-21 07:31:39 --> User does not exist for specified user id
in APPPATH/Models/UserModel.php on line 276.
 1 APPPATH/Controllers/Users.php(115): App\Models\UserModel->findUserById()
 2 SYSTEMPATH/CodeIgniter.php(932): App\Controllers\Users->ref_point()
 3 SYSTEMPATH/CodeIgniter.php(497): CodeIgniter\CodeIgniter->runController()
 4 SYSTEMPATH/CodeIgniter.php(366): CodeIgniter\CodeIgniter->handleRequest()
 5 FCPATH/index.php(67): CodeIgniter\CodeIgniter->run()
CRITICAL - 2024-06-21 07:31:43 --> User does not exist for specified user id
in APPPATH/Models/UserModel.php on line 276.
 1 APPPATH/Controllers/Users.php(115): App\Models\UserModel->findUserById()
 2 SYSTEMPATH/CodeIgniter.php(932): App\Controllers\Users->ref_point()
 3 SYSTEMPATH/CodeIgniter.php(497): CodeIgniter\CodeIgniter->runController()
 4 SYSTEMPATH/CodeIgniter.php(366): CodeIgniter\CodeIgniter->handleRequest()
 5 FCPATH/index.php(67): CodeIgniter\CodeIgniter->run()
CRITICAL - 2024-06-21 07:31:43 --> Trying to access array offset on value of type null
in APPPATH/Models/BasicModel.php on line 216.
 1 APPPATH/Models/BasicModel.php(216): CodeIgniter\Debug\Exceptions->errorHandler()
 2 APPPATH/Models/BasicModel.php(32): App\Models\BasicModel->getUserWorkEmptyFields()
 3 APPPATH/Controllers/Basic.php(16): App\Models\BasicModel->getEmptyFields()
 4 SYSTEMPATH/CodeIgniter.php(932): App\Controllers\Basic->getUserProfileEmptyFields()
 5 SYSTEMPATH/CodeIgniter.php(497): CodeIgniter\CodeIgniter->runController()
 6 SYSTEMPATH/CodeIgniter.php(366): CodeIgniter\CodeIgniter->handleRequest()
 7 FCPATH/index.php(67): CodeIgniter\CodeIgniter->run()
CRITICAL - 2024-06-21 07:32:01 --> User does not exist for specified user id
in APPPATH/Models/UserModel.php on line 276.
 1 APPPATH/Controllers/Users.php(115): App\Models\UserModel->findUserById()
 2 SYSTEMPATH/CodeIgniter.php(932): App\Controllers\Users->ref_point()
 3 SYSTEMPATH/CodeIgniter.php(497): CodeIgniter\CodeIgniter->runController()
 4 SYSTEMPATH/CodeIgniter.php(366): CodeIgniter\CodeIgniter->handleRequest()
 5 FCPATH/index.php(67): CodeIgniter\CodeIgniter->run()
CRITICAL - 2024-06-21 07:32:01 --> Trying to access array offset on value of type null
in APPPATH/Models/BasicModel.php on line 216.
 1 APPPATH/Models/BasicModel.php(216): CodeIgniter\Debug\Exceptions->errorHandler()
 2 APPPATH/Models/BasicModel.php(32): App\Models\BasicModel->getUserWorkEmptyFields()
 3 APPPATH/Controllers/Basic.php(16): App\Models\BasicModel->getEmptyFields()
 4 SYSTEMPATH/CodeIgniter.php(932): App\Controllers\Basic->getUserProfileEmptyFields()
 5 SYSTEMPATH/CodeIgniter.php(497): CodeIgniter\CodeIgniter->runController()
 6 SYSTEMPATH/CodeIgniter.php(366): CodeIgniter\CodeIgniter->handleRequest()
 7 FCPATH/index.php(67): CodeIgniter\CodeIgniter->run()
CRITICAL - 2024-06-21 07:32:14 --> User does not exist for specified user id
in APPPATH/Models/UserModel.php on line 276.
 1 APPPATH/Controllers/Users.php(115): App\Models\UserModel->findUserById()
 2 SYSTEMPATH/CodeIgniter.php(932): App\Controllers\Users->ref_point()
 3 SYSTEMPATH/CodeIgniter.php(497): CodeIgniter\CodeIgniter->runController()
 4 SYSTEMPATH/CodeIgniter.php(366): CodeIgniter\CodeIgniter->handleRequest()
 5 FCPATH/index.php(67): CodeIgniter\CodeIgniter->run()
CRITICAL - 2024-06-21 07:32:14 --> Trying to access array offset on value of type null
in APPPATH/Models/BasicModel.php on line 216.
 1 APPPATH/Models/BasicModel.php(216): CodeIgniter\Debug\Exceptions->errorHandler()
 2 APPPATH/Models/BasicModel.php(32): App\Models\BasicModel->getUserWorkEmptyFields()
 3 APPPATH/Controllers/Basic.php(16): App\Models\BasicModel->getEmptyFields()
 4 SYSTEMPATH/CodeIgniter.php(932): App\Controllers\Basic->getUserProfileEmptyFields()
 5 SYSTEMPATH/CodeIgniter.php(497): CodeIgniter\CodeIgniter->runController()
 6 SYSTEMPATH/CodeIgniter.php(366): CodeIgniter\CodeIgniter->handleRequest()
 7 FCPATH/index.php(67): CodeIgniter\CodeIgniter->run()
CRITICAL - 2024-06-21 07:32:41 --> Trying to access array offset on value of type null
in APPPATH/Models/BasicModel.php on line 216.
 1 APPPATH/Models/BasicModel.php(216): CodeIgniter\Debug\Exceptions->errorHandler()
 2 APPPATH/Models/BasicModel.php(32): App\Models\BasicModel->getUserWorkEmptyFields()
 3 APPPATH/Controllers/Basic.php(16): App\Models\BasicModel->getEmptyFields()
 4 SYSTEMPATH/CodeIgniter.php(932): App\Controllers\Basic->getUserProfileEmptyFields()
 5 SYSTEMPATH/CodeIgniter.php(497): CodeIgniter\CodeIgniter->runController()
 6 SYSTEMPATH/CodeIgniter.php(366): CodeIgniter\CodeIgniter->handleRequest()
 7 FCPATH/index.php(67): CodeIgniter\CodeIgniter->run()
CRITICAL - 2024-06-21 07:32:41 --> User does not exist for specified user id
in APPPATH/Models/UserModel.php on line 276.
 1 APPPATH/Controllers/Users.php(115): App\Models\UserModel->findUserById()
 2 SYSTEMPATH/CodeIgniter.php(932): App\Controllers\Users->ref_point()
 3 SYSTEMPATH/CodeIgniter.php(497): CodeIgniter\CodeIgniter->runController()
 4 SYSTEMPATH/CodeIgniter.php(366): CodeIgniter\CodeIgniter->handleRequest()
 5 FCPATH/index.php(67): CodeIgniter\CodeIgniter->run()
CRITICAL - 2024-06-21 07:33:01 --> Trying to access array offset on value of type null
in APPPATH/Models/BasicModel.php on line 216.
 1 APPPATH/Models/BasicModel.php(216): CodeIgniter\Debug\Exceptions->errorHandler()
 2 APPPATH/Models/BasicModel.php(32): App\Models\BasicModel->getUserWorkEmptyFields()
 3 APPPATH/Controllers/Basic.php(16): App\Models\BasicModel->getEmptyFields()
 4 SYSTEMPATH/CodeIgniter.php(932): App\Controllers\Basic->getUserProfileEmptyFields()
 5 SYSTEMPATH/CodeIgniter.php(497): CodeIgniter\CodeIgniter->runController()
 6 SYSTEMPATH/CodeIgniter.php(366): CodeIgniter\CodeIgniter->handleRequest()
 7 FCPATH/index.php(67): CodeIgniter\CodeIgniter->run()
CRITICAL - 2024-06-21 07:33:01 --> User does not exist for specified user id
in APPPATH/Models/UserModel.php on line 276.
 1 APPPATH/Controllers/Users.php(115): App\Models\UserModel->findUserById()
 2 SYSTEMPATH/CodeIgniter.php(932): App\Controllers\Users->ref_point()
 3 SYSTEMPATH/CodeIgniter.php(497): CodeIgniter\CodeIgniter->runController()
 4 SYSTEMPATH/CodeIgniter.php(366): CodeIgniter\CodeIgniter->handleRequest()
 5 FCPATH/index.php(67): CodeIgniter\CodeIgniter->run()
CRITICAL - 2024-06-21 07:33:15 --> Trying to access array offset on value of type null
in APPPATH/Models/BasicModel.php on line 216.
 1 APPPATH/Models/BasicModel.php(216): CodeIgniter\Debug\Exceptions->errorHandler()
 2 APPPATH/Models/BasicModel.php(32): App\Models\BasicModel->getUserWorkEmptyFields()
 3 APPPATH/Controllers/Basic.php(16): App\Models\BasicModel->getEmptyFields()
 4 SYSTEMPATH/CodeIgniter.php(932): App\Controllers\Basic->getUserProfileEmptyFields()
 5 SYSTEMPATH/CodeIgniter.php(497): CodeIgniter\CodeIgniter->runController()
 6 SYSTEMPATH/CodeIgniter.php(366): CodeIgniter\CodeIgniter->handleRequest()
 7 FCPATH/index.php(67): CodeIgniter\CodeIgniter->run()
CRITICAL - 2024-06-21 07:33:15 --> User does not exist for specified user id
in APPPATH/Models/UserModel.php on line 276.
 1 APPPATH/Controllers/Users.php(115): App\Models\UserModel->findUserById()
 2 SYSTEMPATH/CodeIgniter.php(932): App\Controllers\Users->ref_point()
 3 SYSTEMPATH/CodeIgniter.php(497): CodeIgniter\CodeIgniter->runController()
 4 SYSTEMPATH/CodeIgniter.php(366): CodeIgniter\CodeIgniter->handleRequest()
 5 FCPATH/index.php(67): CodeIgniter\CodeIgniter->run()
CRITICAL - 2024-06-21 07:33:20 --> User does not exist for specified user id
in APPPATH/Models/UserModel.php on line 276.
 1 APPPATH/Controllers/Users.php(115): App\Models\UserModel->findUserById()
 2 SYSTEMPATH/CodeIgniter.php(932): App\Controllers\Users->ref_point()
 3 SYSTEMPATH/CodeIgniter.php(497): CodeIgniter\CodeIgniter->runController()
 4 SYSTEMPATH/CodeIgniter.php(366): CodeIgniter\CodeIgniter->handleRequest()
 5 FCPATH/index.php(67): CodeIgniter\CodeIgniter->run()
CRITICAL - 2024-06-21 07:33:20 --> Trying to access array offset on value of type null
in APPPATH/Models/BasicModel.php on line 216.
 1 APPPATH/Models/BasicModel.php(216): CodeIgniter\Debug\Exceptions->errorHandler()
 2 APPPATH/Models/BasicModel.php(32): App\Models\BasicModel->getUserWorkEmptyFields()
 3 APPPATH/Controllers/Basic.php(16): App\Models\BasicModel->getEmptyFields()
 4 SYSTEMPATH/CodeIgniter.php(932): App\Controllers\Basic->getUserProfileEmptyFields()
 5 SYSTEMPATH/CodeIgniter.php(497): CodeIgniter\CodeIgniter->runController()
 6 SYSTEMPATH/CodeIgniter.php(366): CodeIgniter\CodeIgniter->handleRequest()
 7 FCPATH/index.php(67): CodeIgniter\CodeIgniter->run()
CRITICAL - 2024-06-21 07:33:29 --> User does not exist for specified user id
in APPPATH/Models/UserModel.php on line 276.
 1 APPPATH/Controllers/Users.php(115): App\Models\UserModel->findUserById()
 2 SYSTEMPATH/CodeIgniter.php(932): App\Controllers\Users->ref_point()
 3 SYSTEMPATH/CodeIgniter.php(497): CodeIgniter\CodeIgniter->runController()
 4 SYSTEMPATH/CodeIgniter.php(366): CodeIgniter\CodeIgniter->handleRequest()
 5 FCPATH/index.php(67): CodeIgniter\CodeIgniter->run()
CRITICAL - 2024-06-21 07:33:29 --> Trying to access array offset on value of type null
in APPPATH/Models/BasicModel.php on line 216.
 1 APPPATH/Models/BasicModel.php(216): CodeIgniter\Debug\Exceptions->errorHandler()
 2 APPPATH/Models/BasicModel.php(32): App\Models\BasicModel->getUserWorkEmptyFields()
 3 APPPATH/Controllers/Basic.php(16): App\Models\BasicModel->getEmptyFields()
 4 SYSTEMPATH/CodeIgniter.php(932): App\Controllers\Basic->getUserProfileEmptyFields()
 5 SYSTEMPATH/CodeIgniter.php(497): CodeIgniter\CodeIgniter->runController()
 6 SYSTEMPATH/CodeIgniter.php(366): CodeIgniter\CodeIgniter->handleRequest()
 7 FCPATH/index.php(67): CodeIgniter\CodeIgniter->run()
CRITICAL - 2024-06-21 07:34:00 --> Trying to access array offset on value of type null
in APPPATH/Models/BasicModel.php on line 216.
 1 APPPATH/Models/BasicModel.php(216): CodeIgniter\Debug\Exceptions->errorHandler()
 2 APPPATH/Models/BasicModel.php(32): App\Models\BasicModel->getUserWorkEmptyFields()
 3 APPPATH/Controllers/Basic.php(16): App\Models\BasicModel->getEmptyFields()
 4 SYSTEMPATH/CodeIgniter.php(932): App\Controllers\Basic->getUserProfileEmptyFields()
 5 SYSTEMPATH/CodeIgniter.php(497): CodeIgniter\CodeIgniter->runController()
 6 SYSTEMPATH/CodeIgniter.php(366): CodeIgniter\CodeIgniter->handleRequest()
 7 FCPATH/index.php(67): CodeIgniter\CodeIgniter->run()
CRITICAL - 2024-06-21 07:34:00 --> User does not exist for specified user id
in APPPATH/Models/UserModel.php on line 276.
 1 APPPATH/Controllers/Users.php(115): App\Models\UserModel->findUserById()
 2 SYSTEMPATH/CodeIgniter.php(932): App\Controllers\Users->ref_point()
 3 SYSTEMPATH/CodeIgniter.php(497): CodeIgniter\CodeIgniter->runController()
 4 SYSTEMPATH/CodeIgniter.php(366): CodeIgniter\CodeIgniter->handleRequest()
 5 FCPATH/index.php(67): CodeIgniter\CodeIgniter->run()
CRITICAL - 2024-06-21 07:34:36 --> User does not exist for specified user id
in APPPATH/Models/UserModel.php on line 276.
 1 APPPATH/Controllers/Users.php(115): App\Models\UserModel->findUserById()
 2 SYSTEMPATH/CodeIgniter.php(932): App\Controllers\Users->ref_point()
 3 SYSTEMPATH/CodeIgniter.php(497): CodeIgniter\CodeIgniter->runController()
 4 SYSTEMPATH/CodeIgniter.php(366): CodeIgniter\CodeIgniter->handleRequest()
 5 FCPATH/index.php(67): CodeIgniter\CodeIgniter->run()
CRITICAL - 2024-06-21 07:34:37 --> Trying to access array offset on value of type null
in APPPATH/Models/BasicModel.php on line 216.
 1 APPPATH/Models/BasicModel.php(216): CodeIgniter\Debug\Exceptions->errorHandler()
 2 APPPATH/Models/BasicModel.php(32): App\Models\BasicModel->getUserWorkEmptyFields()
 3 APPPATH/Controllers/Basic.php(16): App\Models\BasicModel->getEmptyFields()
 4 SYSTEMPATH/CodeIgniter.php(932): App\Controllers\Basic->getUserProfileEmptyFields()
 5 SYSTEMPATH/CodeIgniter.php(497): CodeIgniter\CodeIgniter->runController()
 6 SYSTEMPATH/CodeIgniter.php(366): CodeIgniter\CodeIgniter->handleRequest()
 7 FCPATH/index.php(67): CodeIgniter\CodeIgniter->run()
CRITICAL - 2024-06-21 07:35:01 --> User does not exist for specified user id
in APPPATH/Models/UserModel.php on line 276.
 1 APPPATH/Controllers/Users.php(115): App\Models\UserModel->findUserById()
 2 SYSTEMPATH/CodeIgniter.php(932): App\Controllers\Users->ref_point()
 3 SYSTEMPATH/CodeIgniter.php(497): CodeIgniter\CodeIgniter->runController()
 4 SYSTEMPATH/CodeIgniter.php(366): CodeIgniter\CodeIgniter->handleRequest()
 5 FCPATH/index.php(67): CodeIgniter\CodeIgniter->run()
CRITICAL - 2024-06-21 07:35:01 --> Trying to access array offset on value of type null
in APPPATH/Models/BasicModel.php on line 216.
 1 APPPATH/Models/BasicModel.php(216): CodeIgniter\Debug\Exceptions->errorHandler()
 2 APPPATH/Models/BasicModel.php(32): App\Models\BasicModel->getUserWorkEmptyFields()
 3 APPPATH/Controllers/Basic.php(16): App\Models\BasicModel->getEmptyFields()
 4 SYSTEMPATH/CodeIgniter.php(932): App\Controllers\Basic->getUserProfileEmptyFields()
 5 SYSTEMPATH/CodeIgniter.php(497): CodeIgniter\CodeIgniter->runController()
 6 SYSTEMPATH/CodeIgniter.php(366): CodeIgniter\CodeIgniter->handleRequest()
 7 FCPATH/index.php(67): CodeIgniter\CodeIgniter->run()
CRITICAL - 2024-06-21 07:35:16 --> User does not exist for specified user id
in APPPATH/Models/UserModel.php on line 276.
 1 APPPATH/Controllers/Users.php(115): App\Models\UserModel->findUserById()
 2 SYSTEMPATH/CodeIgniter.php(932): App\Controllers\Users->ref_point()
 3 SYSTEMPATH/CodeIgniter.php(497): CodeIgniter\CodeIgniter->runController()
 4 SYSTEMPATH/CodeIgniter.php(366): CodeIgniter\CodeIgniter->handleRequest()
 5 FCPATH/index.php(67): CodeIgniter\CodeIgniter->run()
CRITICAL - 2024-06-21 07:35:16 --> Trying to access array offset on value of type null
in APPPATH/Models/BasicModel.php on line 216.
 1 APPPATH/Models/BasicModel.php(216): CodeIgniter\Debug\Exceptions->errorHandler()
 2 APPPATH/Models/BasicModel.php(32): App\Models\BasicModel->getUserWorkEmptyFields()
 3 APPPATH/Controllers/Basic.php(16): App\Models\BasicModel->getEmptyFields()
 4 SYSTEMPATH/CodeIgniter.php(932): App\Controllers\Basic->getUserProfileEmptyFields()
 5 SYSTEMPATH/CodeIgniter.php(497): CodeIgniter\CodeIgniter->runController()
 6 SYSTEMPATH/CodeIgniter.php(366): CodeIgniter\CodeIgniter->handleRequest()
 7 FCPATH/index.php(67): CodeIgniter\CodeIgniter->run()
CRITICAL - 2024-06-21 07:35:39 --> Trying to access array offset on value of type null
in APPPATH/Models/BasicModel.php on line 216.
 1 APPPATH/Models/BasicModel.php(216): CodeIgniter\Debug\Exceptions->errorHandler()
 2 APPPATH/Models/BasicModel.php(32): App\Models\BasicModel->getUserWorkEmptyFields()
 3 APPPATH/Controllers/Basic.php(16): App\Models\BasicModel->getEmptyFields()
 4 SYSTEMPATH/CodeIgniter.php(932): App\Controllers\Basic->getUserProfileEmptyFields()
 5 SYSTEMPATH/CodeIgniter.php(497): CodeIgniter\CodeIgniter->runController()
 6 SYSTEMPATH/CodeIgniter.php(366): CodeIgniter\CodeIgniter->handleRequest()
 7 FCPATH/index.php(67): CodeIgniter\CodeIgniter->run()
CRITICAL - 2024-06-21 07:35:39 --> User does not exist for specified user id
in APPPATH/Models/UserModel.php on line 276.
 1 APPPATH/Controllers/Users.php(115): App\Models\UserModel->findUserById()
 2 SYSTEMPATH/CodeIgniter.php(932): App\Controllers\Users->ref_point()
 3 SYSTEMPATH/CodeIgniter.php(497): CodeIgniter\CodeIgniter->runController()
 4 SYSTEMPATH/CodeIgniter.php(366): CodeIgniter\CodeIgniter->handleRequest()
 5 FCPATH/index.php(67): CodeIgniter\CodeIgniter->run()
CRITICAL - 2024-06-21 08:04:38 --> User does not exist for specified user id
in APPPATH/Models/UserModel.php on line 276.
 1 APPPATH/Controllers/Users.php(115): App\Models\UserModel->findUserById()
 2 SYSTEMPATH/CodeIgniter.php(932): App\Controllers\Users->ref_point()
 3 SYSTEMPATH/CodeIgniter.php(497): CodeIgniter\CodeIgniter->runController()
 4 SYSTEMPATH/CodeIgniter.php(366): CodeIgniter\CodeIgniter->handleRequest()
 5 FCPATH/index.php(67): CodeIgniter\CodeIgniter->run()
CRITICAL - 2024-06-21 08:04:38 --> Trying to access array offset on value of type null
in APPPATH/Models/BasicModel.php on line 216.
 1 APPPATH/Models/BasicModel.php(216): CodeIgniter\Debug\Exceptions->errorHandler()
 2 APPPATH/Models/BasicModel.php(32): App\Models\BasicModel->getUserWorkEmptyFields()
 3 APPPATH/Controllers/Basic.php(16): App\Models\BasicModel->getEmptyFields()
 4 SYSTEMPATH/CodeIgniter.php(932): App\Controllers\Basic->getUserProfileEmptyFields()
 5 SYSTEMPATH/CodeIgniter.php(497): CodeIgniter\CodeIgniter->runController()
 6 SYSTEMPATH/CodeIgniter.php(366): CodeIgniter\CodeIgniter->handleRequest()
 7 FCPATH/index.php(67): CodeIgniter\CodeIgniter->run()
CRITICAL - 2024-06-21 08:04:38 --> Trying to access array offset on value of type null
in APPPATH/Models/BasicModel.php on line 216.
 1 APPPATH/Models/BasicModel.php(216): CodeIgniter\Debug\Exceptions->errorHandler()
 2 APPPATH/Models/BasicModel.php(32): App\Models\BasicModel->getUserWorkEmptyFields()
 3 APPPATH/Controllers/Basic.php(16): App\Models\BasicModel->getEmptyFields()
 4 SYSTEMPATH/CodeIgniter.php(932): App\Controllers\Basic->getUserProfileEmptyFields()
 5 SYSTEMPATH/CodeIgniter.php(497): CodeIgniter\CodeIgniter->runController()
 6 SYSTEMPATH/CodeIgniter.php(366): CodeIgniter\CodeIgniter->handleRequest()
 7 FCPATH/index.php(67): CodeIgniter\CodeIgniter->run()
CRITICAL - 2024-06-21 08:04:38 --> User does not exist for specified user id
in APPPATH/Models/UserModel.php on line 276.
 1 APPPATH/Controllers/Users.php(115): App\Models\UserModel->findUserById()
 2 SYSTEMPATH/CodeIgniter.php(932): App\Controllers\Users->ref_point()
 3 SYSTEMPATH/CodeIgniter.php(497): CodeIgniter\CodeIgniter->runController()
 4 SYSTEMPATH/CodeIgniter.php(366): CodeIgniter\CodeIgniter->handleRequest()
 5 FCPATH/index.php(67): CodeIgniter\CodeIgniter->run()
CRITICAL - 2024-06-21 08:10:21 --> User does not exist for specified user id
in APPPATH/Models/UserModel.php on line 276.
 1 APPPATH/Controllers/Users.php(115): App\Models\UserModel->findUserById()
 2 SYSTEMPATH/CodeIgniter.php(932): App\Controllers\Users->ref_point()
 3 SYSTEMPATH/CodeIgniter.php(497): CodeIgniter\CodeIgniter->runController()
 4 SYSTEMPATH/CodeIgniter.php(366): CodeIgniter\CodeIgniter->handleRequest()
 5 FCPATH/index.php(67): CodeIgniter\CodeIgniter->run()
CRITICAL - 2024-06-21 08:10:21 --> Trying to access array offset on value of type null
in APPPATH/Models/BasicModel.php on line 216.
 1 APPPATH/Models/BasicModel.php(216): CodeIgniter\Debug\Exceptions->errorHandler()
 2 APPPATH/Models/BasicModel.php(32): App\Models\BasicModel->getUserWorkEmptyFields()
 3 APPPATH/Controllers/Basic.php(16): App\Models\BasicModel->getEmptyFields()
 4 SYSTEMPATH/CodeIgniter.php(932): App\Controllers\Basic->getUserProfileEmptyFields()
 5 SYSTEMPATH/CodeIgniter.php(497): CodeIgniter\CodeIgniter->runController()
 6 SYSTEMPATH/CodeIgniter.php(366): CodeIgniter\CodeIgniter->handleRequest()
 7 FCPATH/index.php(67): CodeIgniter\CodeIgniter->run()
CRITICAL - 2024-06-21 08:16:27 --> Trying to access array offset on value of type null
in APPPATH/Models/BasicModel.php on line 216.
 1 APPPATH/Models/BasicModel.php(216): CodeIgniter\Debug\Exceptions->errorHandler()
 2 APPPATH/Models/BasicModel.php(32): App\Models\BasicModel->getUserWorkEmptyFields()
 3 APPPATH/Controllers/Basic.php(16): App\Models\BasicModel->getEmptyFields()
 4 SYSTEMPATH/CodeIgniter.php(932): App\Controllers\Basic->getUserProfileEmptyFields()
 5 SYSTEMPATH/CodeIgniter.php(497): CodeIgniter\CodeIgniter->runController()
 6 SYSTEMPATH/CodeIgniter.php(366): CodeIgniter\CodeIgniter->handleRequest()
 7 FCPATH/index.php(67): CodeIgniter\CodeIgniter->run()
CRITICAL - 2024-06-21 08:16:27 --> User does not exist for specified user id
in APPPATH/Models/UserModel.php on line 276.
 1 APPPATH/Controllers/Users.php(115): App\Models\UserModel->findUserById()
 2 SYSTEMPATH/CodeIgniter.php(932): App\Controllers\Users->ref_point()
 3 SYSTEMPATH/CodeIgniter.php(497): CodeIgniter\CodeIgniter->runController()
 4 SYSTEMPATH/CodeIgniter.php(366): CodeIgniter\CodeIgniter->handleRequest()
 5 FCPATH/index.php(67): CodeIgniter\CodeIgniter->run()
CRITICAL - 2024-06-21 08:16:49 --> Trying to access array offset on value of type null
in APPPATH/Models/BasicModel.php on line 216.
 1 APPPATH/Models/BasicModel.php(216): CodeIgniter\Debug\Exceptions->errorHandler()
 2 APPPATH/Models/BasicModel.php(32): App\Models\BasicModel->getUserWorkEmptyFields()
 3 APPPATH/Controllers/Basic.php(16): App\Models\BasicModel->getEmptyFields()
 4 SYSTEMPATH/CodeIgniter.php(932): App\Controllers\Basic->getUserProfileEmptyFields()
 5 SYSTEMPATH/CodeIgniter.php(497): CodeIgniter\CodeIgniter->runController()
 6 SYSTEMPATH/CodeIgniter.php(366): CodeIgniter\CodeIgniter->handleRequest()
 7 FCPATH/index.php(67): CodeIgniter\CodeIgniter->run()
CRITICAL - 2024-06-21 08:16:49 --> User does not exist for specified user id
in APPPATH/Models/UserModel.php on line 276.
 1 APPPATH/Controllers/Users.php(115): App\Models\UserModel->findUserById()
 2 SYSTEMPATH/CodeIgniter.php(932): App\Controllers\Users->ref_point()
 3 SYSTEMPATH/CodeIgniter.php(497): CodeIgniter\CodeIgniter->runController()
 4 SYSTEMPATH/CodeIgniter.php(366): CodeIgniter\CodeIgniter->handleRequest()
 5 FCPATH/index.php(67): CodeIgniter\CodeIgniter->run()
CRITICAL - 2024-06-21 08:16:49 --> Trying to access array offset on value of type null
in APPPATH/Models/BasicModel.php on line 216.
 1 APPPATH/Models/BasicModel.php(216): CodeIgniter\Debug\Exceptions->errorHandler()
 2 APPPATH/Models/BasicModel.php(32): App\Models\BasicModel->getUserWorkEmptyFields()
 3 APPPATH/Controllers/Basic.php(16): App\Models\BasicModel->getEmptyFields()
 4 SYSTEMPATH/CodeIgniter.php(932): App\Controllers\Basic->getUserProfileEmptyFields()
 5 SYSTEMPATH/CodeIgniter.php(497): CodeIgniter\CodeIgniter->runController()
 6 SYSTEMPATH/CodeIgniter.php(366): CodeIgniter\CodeIgniter->handleRequest()
 7 FCPATH/index.php(67): CodeIgniter\CodeIgniter->run()
CRITICAL - 2024-06-21 08:16:49 --> User does not exist for specified user id
in APPPATH/Models/UserModel.php on line 276.
 1 APPPATH/Controllers/Users.php(115): App\Models\UserModel->findUserById()
 2 SYSTEMPATH/CodeIgniter.php(932): App\Controllers\Users->ref_point()
 3 SYSTEMPATH/CodeIgniter.php(497): CodeIgniter\CodeIgniter->runController()
 4 SYSTEMPATH/CodeIgniter.php(366): CodeIgniter\CodeIgniter->handleRequest()
 5 FCPATH/index.php(67): CodeIgniter\CodeIgniter->run()
CRITICAL - 2024-06-21 08:16:59 --> User does not exist for specified user id
in APPPATH/Models/UserModel.php on line 276.
 1 APPPATH/Controllers/Users.php(115): App\Models\UserModel->findUserById()
 2 SYSTEMPATH/CodeIgniter.php(932): App\Controllers\Users->ref_point()
 3 SYSTEMPATH/CodeIgniter.php(497): CodeIgniter\CodeIgniter->runController()
 4 SYSTEMPATH/CodeIgniter.php(366): CodeIgniter\CodeIgniter->handleRequest()
 5 FCPATH/index.php(67): CodeIgniter\CodeIgniter->run()
CRITICAL - 2024-06-21 08:17:09 --> User does not exist for specified user id
in APPPATH/Models/UserModel.php on line 276.
 1 APPPATH/Controllers/Users.php(115): App\Models\UserModel->findUserById()
 2 SYSTEMPATH/CodeIgniter.php(932): App\Controllers\Users->ref_point()
 3 SYSTEMPATH/CodeIgniter.php(497): CodeIgniter\CodeIgniter->runController()
 4 SYSTEMPATH/CodeIgniter.php(366): CodeIgniter\CodeIgniter->handleRequest()
 5 FCPATH/index.php(67): CodeIgniter\CodeIgniter->run()
CRITICAL - 2024-06-21 08:17:19 --> User does not exist for specified user id
in APPPATH/Models/UserModel.php on line 276.
 1 APPPATH/Controllers/Users.php(115): App\Models\UserModel->findUserById()
 2 SYSTEMPATH/CodeIgniter.php(932): App\Controllers\Users->ref_point()
 3 SYSTEMPATH/CodeIgniter.php(497): CodeIgniter\CodeIgniter->runController()
 4 SYSTEMPATH/CodeIgniter.php(366): CodeIgniter\CodeIgniter->handleRequest()
 5 FCPATH/index.php(67): CodeIgniter\CodeIgniter->run()
CRITICAL - 2024-06-21 08:17:29 --> User does not exist for specified user id
in APPPATH/Models/UserModel.php on line 276.
 1 APPPATH/Controllers/Users.php(115): App\Models\UserModel->findUserById()
 2 SYSTEMPATH/CodeIgniter.php(932): App\Controllers\Users->ref_point()
 3 SYSTEMPATH/CodeIgniter.php(497): CodeIgniter\CodeIgniter->runController()
 4 SYSTEMPATH/CodeIgniter.php(366): CodeIgniter\CodeIgniter->handleRequest()
 5 FCPATH/index.php(67): CodeIgniter\CodeIgniter->run()
CRITICAL - 2024-06-21 08:17:39 --> User does not exist for specified user id
in APPPATH/Models/UserModel.php on line 276.
 1 APPPATH/Controllers/Users.php(115): App\Models\UserModel->findUserById()
 2 SYSTEMPATH/CodeIgniter.php(932): App\Controllers\Users->ref_point()
 3 SYSTEMPATH/CodeIgniter.php(497): CodeIgniter\CodeIgniter->runController()
 4 SYSTEMPATH/CodeIgniter.php(366): CodeIgniter\CodeIgniter->handleRequest()
 5 FCPATH/index.php(67): CodeIgniter\CodeIgniter->run()
CRITICAL - 2024-06-21 08:17:49 --> User does not exist for specified user id
in APPPATH/Models/UserModel.php on line 276.
 1 APPPATH/Controllers/Users.php(115): App\Models\UserModel->findUserById()
 2 SYSTEMPATH/CodeIgniter.php(932): App\Controllers\Users->ref_point()
 3 SYSTEMPATH/CodeIgniter.php(497): CodeIgniter\CodeIgniter->runController()
 4 SYSTEMPATH/CodeIgniter.php(366): CodeIgniter\CodeIgniter->handleRequest()
 5 FCPATH/index.php(67): CodeIgniter\CodeIgniter->run()
CRITICAL - 2024-06-21 08:17:59 --> User does not exist for specified user id
in APPPATH/Models/UserModel.php on line 276.
 1 APPPATH/Controllers/Users.php(115): App\Models\UserModel->findUserById()
 2 SYSTEMPATH/CodeIgniter.php(932): App\Controllers\Users->ref_point()
 3 SYSTEMPATH/CodeIgniter.php(497): CodeIgniter\CodeIgniter->runController()
 4 SYSTEMPATH/CodeIgniter.php(366): CodeIgniter\CodeIgniter->handleRequest()
 5 FCPATH/index.php(67): CodeIgniter\CodeIgniter->run()
CRITICAL - 2024-06-21 08:18:09 --> User does not exist for specified user id
in APPPATH/Models/UserModel.php on line 276.
 1 APPPATH/Controllers/Users.php(115): App\Models\UserModel->findUserById()
 2 SYSTEMPATH/CodeIgniter.php(932): App\Controllers\Users->ref_point()
 3 SYSTEMPATH/CodeIgniter.php(497): CodeIgniter\CodeIgniter->runController()
 4 SYSTEMPATH/CodeIgniter.php(366): CodeIgniter\CodeIgniter->handleRequest()
 5 FCPATH/index.php(67): CodeIgniter\CodeIgniter->run()
CRITICAL - 2024-06-21 08:18:19 --> User does not exist for specified user id
in APPPATH/Models/UserModel.php on line 276.
 1 APPPATH/Controllers/Users.php(115): App\Models\UserModel->findUserById()
 2 SYSTEMPATH/CodeIgniter.php(932): App\Controllers\Users->ref_point()
 3 SYSTEMPATH/CodeIgniter.php(497): CodeIgniter\CodeIgniter->runController()
 4 SYSTEMPATH/CodeIgniter.php(366): CodeIgniter\CodeIgniter->handleRequest()
 5 FCPATH/index.php(67): CodeIgniter\CodeIgniter->run()
CRITICAL - 2024-06-21 08:18:29 --> User does not exist for specified user id
in APPPATH/Models/UserModel.php on line 276.
 1 APPPATH/Controllers/Users.php(115): App\Models\UserModel->findUserById()
 2 SYSTEMPATH/CodeIgniter.php(932): App\Controllers\Users->ref_point()
 3 SYSTEMPATH/CodeIgniter.php(497): CodeIgniter\CodeIgniter->runController()
 4 SYSTEMPATH/CodeIgniter.php(366): CodeIgniter\CodeIgniter->handleRequest()
 5 FCPATH/index.php(67): CodeIgniter\CodeIgniter->run()
CRITICAL - 2024-06-21 08:18:39 --> User does not exist for specified user id
in APPPATH/Models/UserModel.php on line 276.
 1 APPPATH/Controllers/Users.php(115): App\Models\UserModel->findUserById()
 2 SYSTEMPATH/CodeIgniter.php(932): App\Controllers\Users->ref_point()
 3 SYSTEMPATH/CodeIgniter.php(497): CodeIgniter\CodeIgniter->runController()
 4 SYSTEMPATH/CodeIgniter.php(366): CodeIgniter\CodeIgniter->handleRequest()
 5 FCPATH/index.php(67): CodeIgniter\CodeIgniter->run()
CRITICAL - 2024-06-21 08:18:49 --> User does not exist for specified user id
in APPPATH/Models/UserModel.php on line 276.
 1 APPPATH/Controllers/Users.php(115): App\Models\UserModel->findUserById()
 2 SYSTEMPATH/CodeIgniter.php(932): App\Controllers\Users->ref_point()
 3 SYSTEMPATH/CodeIgniter.php(497): CodeIgniter\CodeIgniter->runController()
 4 SYSTEMPATH/CodeIgniter.php(366): CodeIgniter\CodeIgniter->handleRequest()
 5 FCPATH/index.php(67): CodeIgniter\CodeIgniter->run()
CRITICAL - 2024-06-21 08:18:59 --> User does not exist for specified user id
in APPPATH/Models/UserModel.php on line 276.
 1 APPPATH/Controllers/Users.php(115): App\Models\UserModel->findUserById()
 2 SYSTEMPATH/CodeIgniter.php(932): App\Controllers\Users->ref_point()
 3 SYSTEMPATH/CodeIgniter.php(497): CodeIgniter\CodeIgniter->runController()
 4 SYSTEMPATH/CodeIgniter.php(366): CodeIgniter\CodeIgniter->handleRequest()
 5 FCPATH/index.php(67): CodeIgniter\CodeIgniter->run()
CRITICAL - 2024-06-21 08:19:09 --> User does not exist for specified user id
in APPPATH/Models/UserModel.php on line 276.
 1 APPPATH/Controllers/Users.php(115): App\Models\UserModel->findUserById()
 2 SYSTEMPATH/CodeIgniter.php(932): App\Controllers\Users->ref_point()
 3 SYSTEMPATH/CodeIgniter.php(497): CodeIgniter\CodeIgniter->runController()
 4 SYSTEMPATH/CodeIgniter.php(366): CodeIgniter\CodeIgniter->handleRequest()
 5 FCPATH/index.php(67): CodeIgniter\CodeIgniter->run()
CRITICAL - 2024-06-21 08:19:19 --> User does not exist for specified user id
in APPPATH/Models/UserModel.php on line 276.
 1 APPPATH/Controllers/Users.php(115): App\Models\UserModel->findUserById()
 2 SYSTEMPATH/CodeIgniter.php(932): App\Controllers\Users->ref_point()
 3 SYSTEMPATH/CodeIgniter.php(497): CodeIgniter\CodeIgniter->runController()
 4 SYSTEMPATH/CodeIgniter.php(366): CodeIgniter\CodeIgniter->handleRequest()
 5 FCPATH/index.php(67): CodeIgniter\CodeIgniter->run()
CRITICAL - 2024-06-21 08:19:29 --> User does not exist for specified user id
in APPPATH/Models/UserModel.php on line 276.
 1 APPPATH/Controllers/Users.php(115): App\Models\UserModel->findUserById()
 2 SYSTEMPATH/CodeIgniter.php(932): App\Controllers\Users->ref_point()
 3 SYSTEMPATH/CodeIgniter.php(497): CodeIgniter\CodeIgniter->runController()
 4 SYSTEMPATH/CodeIgniter.php(366): CodeIgniter\CodeIgniter->handleRequest()
 5 FCPATH/index.php(67): CodeIgniter\CodeIgniter->run()
CRITICAL - 2024-06-21 08:19:39 --> User does not exist for specified user id
in APPPATH/Models/UserModel.php on line 276.
 1 APPPATH/Controllers/Users.php(115): App\Models\UserModel->findUserById()
 2 SYSTEMPATH/CodeIgniter.php(932): App\Controllers\Users->ref_point()
 3 SYSTEMPATH/CodeIgniter.php(497): CodeIgniter\CodeIgniter->runController()
 4 SYSTEMPATH/CodeIgniter.php(366): CodeIgniter\CodeIgniter->handleRequest()
 5 FCPATH/index.php(67): CodeIgniter\CodeIgniter->run()
CRITICAL - 2024-06-21 08:19:49 --> User does not exist for specified user id
in APPPATH/Models/UserModel.php on line 276.
 1 APPPATH/Controllers/Users.php(115): App\Models\UserModel->findUserById()
 2 SYSTEMPATH/CodeIgniter.php(932): App\Controllers\Users->ref_point()
 3 SYSTEMPATH/CodeIgniter.php(497): CodeIgniter\CodeIgniter->runController()
 4 SYSTEMPATH/CodeIgniter.php(366): CodeIgniter\CodeIgniter->handleRequest()
 5 FCPATH/index.php(67): CodeIgniter\CodeIgniter->run()
CRITICAL - 2024-06-21 08:19:59 --> User does not exist for specified user id
in APPPATH/Models/UserModel.php on line 276.
 1 APPPATH/Controllers/Users.php(115): App\Models\UserModel->findUserById()
 2 SYSTEMPATH/CodeIgniter.php(932): App\Controllers\Users->ref_point()
 3 SYSTEMPATH/CodeIgniter.php(497): CodeIgniter\CodeIgniter->runController()
 4 SYSTEMPATH/CodeIgniter.php(366): CodeIgniter\CodeIgniter->handleRequest()
 5 FCPATH/index.php(67): CodeIgniter\CodeIgniter->run()
CRITICAL - 2024-06-21 08:20:09 --> User does not exist for specified user id
in APPPATH/Models/UserModel.php on line 276.
 1 APPPATH/Controllers/Users.php(115): App\Models\UserModel->findUserById()
 2 SYSTEMPATH/CodeIgniter.php(932): App\Controllers\Users->ref_point()
 3 SYSTEMPATH/CodeIgniter.php(497): CodeIgniter\CodeIgniter->runController()
 4 SYSTEMPATH/CodeIgniter.php(366): CodeIgniter\CodeIgniter->handleRequest()
 5 FCPATH/index.php(67): CodeIgniter\CodeIgniter->run()
CRITICAL - 2024-06-21 08:20:19 --> User does not exist for specified user id
in APPPATH/Models/UserModel.php on line 276.
 1 APPPATH/Controllers/Users.php(115): App\Models\UserModel->findUserById()
 2 SYSTEMPATH/CodeIgniter.php(932): App\Controllers\Users->ref_point()
 3 SYSTEMPATH/CodeIgniter.php(497): CodeIgniter\CodeIgniter->runController()
 4 SYSTEMPATH/CodeIgniter.php(366): CodeIgniter\CodeIgniter->handleRequest()
 5 FCPATH/index.php(67): CodeIgniter\CodeIgniter->run()
CRITICAL - 2024-06-21 08:20:29 --> User does not exist for specified user id
in APPPATH/Models/UserModel.php on line 276.
 1 APPPATH/Controllers/Users.php(115): App\Models\UserModel->findUserById()
 2 SYSTEMPATH/CodeIgniter.php(932): App\Controllers\Users->ref_point()
 3 SYSTEMPATH/CodeIgniter.php(497): CodeIgniter\CodeIgniter->runController()
 4 SYSTEMPATH/CodeIgniter.php(366): CodeIgniter\CodeIgniter->handleRequest()
 5 FCPATH/index.php(67): CodeIgniter\CodeIgniter->run()
CRITICAL - 2024-06-21 08:20:39 --> User does not exist for specified user id
in APPPATH/Models/UserModel.php on line 276.
 1 APPPATH/Controllers/Users.php(115): App\Models\UserModel->findUserById()
 2 SYSTEMPATH/CodeIgniter.php(932): App\Controllers\Users->ref_point()
 3 SYSTEMPATH/CodeIgniter.php(497): CodeIgniter\CodeIgniter->runController()
 4 SYSTEMPATH/CodeIgniter.php(366): CodeIgniter\CodeIgniter->handleRequest()
 5 FCPATH/index.php(67): CodeIgniter\CodeIgniter->run()
CRITICAL - 2024-06-21 08:20:49 --> User does not exist for specified user id
in APPPATH/Models/UserModel.php on line 276.
 1 APPPATH/Controllers/Users.php(115): App\Models\UserModel->findUserById()
 2 SYSTEMPATH/CodeIgniter.php(932): App\Controllers\Users->ref_point()
 3 SYSTEMPATH/CodeIgniter.php(497): CodeIgniter\CodeIgniter->runController()
 4 SYSTEMPATH/CodeIgniter.php(366): CodeIgniter\CodeIgniter->handleRequest()
 5 FCPATH/index.php(67): CodeIgniter\CodeIgniter->run()
CRITICAL - 2024-06-21 08:20:59 --> User does not exist for specified user id
in APPPATH/Models/UserModel.php on line 276.
 1 APPPATH/Controllers/Users.php(115): App\Models\UserModel->findUserById()
 2 SYSTEMPATH/CodeIgniter.php(932): App\Controllers\Users->ref_point()
 3 SYSTEMPATH/CodeIgniter.php(497): CodeIgniter\CodeIgniter->runController()
 4 SYSTEMPATH/CodeIgniter.php(366): CodeIgniter\CodeIgniter->handleRequest()
 5 FCPATH/index.php(67): CodeIgniter\CodeIgniter->run()
CRITICAL - 2024-06-21 08:21:09 --> User does not exist for specified user id
in APPPATH/Models/UserModel.php on line 276.
 1 APPPATH/Controllers/Users.php(115): App\Models\UserModel->findUserById()
 2 SYSTEMPATH/CodeIgniter.php(932): App\Controllers\Users->ref_point()
 3 SYSTEMPATH/CodeIgniter.php(497): CodeIgniter\CodeIgniter->runController()
 4 SYSTEMPATH/CodeIgniter.php(366): CodeIgniter\CodeIgniter->handleRequest()
 5 FCPATH/index.php(67): CodeIgniter\CodeIgniter->run()
CRITICAL - 2024-06-21 08:21:19 --> User does not exist for specified user id
in APPPATH/Models/UserModel.php on line 276.
 1 APPPATH/Controllers/Users.php(115): App\Models\UserModel->findUserById()
 2 SYSTEMPATH/CodeIgniter.php(932): App\Controllers\Users->ref_point()
 3 SYSTEMPATH/CodeIgniter.php(497): CodeIgniter\CodeIgniter->runController()
 4 SYSTEMPATH/CodeIgniter.php(366): CodeIgniter\CodeIgniter->handleRequest()
 5 FCPATH/index.php(67): CodeIgniter\CodeIgniter->run()
CRITICAL - 2024-06-21 08:21:29 --> User does not exist for specified user id
in APPPATH/Models/UserModel.php on line 276.
 1 APPPATH/Controllers/Users.php(115): App\Models\UserModel->findUserById()
 2 SYSTEMPATH/CodeIgniter.php(932): App\Controllers\Users->ref_point()
 3 SYSTEMPATH/CodeIgniter.php(497): CodeIgniter\CodeIgniter->runController()
 4 SYSTEMPATH/CodeIgniter.php(366): CodeIgniter\CodeIgniter->handleRequest()
 5 FCPATH/index.php(67): CodeIgniter\CodeIgniter->run()
CRITICAL - 2024-06-21 08:21:39 --> User does not exist for specified user id
in APPPATH/Models/UserModel.php on line 276.
 1 APPPATH/Controllers/Users.php(115): App\Models\UserModel->findUserById()
 2 SYSTEMPATH/CodeIgniter.php(932): App\Controllers\Users->ref_point()
 3 SYSTEMPATH/CodeIgniter.php(497): CodeIgniter\CodeIgniter->runController()
 4 SYSTEMPATH/CodeIgniter.php(366): CodeIgniter\CodeIgniter->handleRequest()
 5 FCPATH/index.php(67): CodeIgniter\CodeIgniter->run()
CRITICAL - 2024-06-21 08:21:49 --> User does not exist for specified user id
in APPPATH/Models/UserModel.php on line 276.
 1 APPPATH/Controllers/Users.php(115): App\Models\UserModel->findUserById()
 2 SYSTEMPATH/CodeIgniter.php(932): App\Controllers\Users->ref_point()
 3 SYSTEMPATH/CodeIgniter.php(497): CodeIgniter\CodeIgniter->runController()
 4 SYSTEMPATH/CodeIgniter.php(366): CodeIgniter\CodeIgniter->handleRequest()
 5 FCPATH/index.php(67): CodeIgniter\CodeIgniter->run()
CRITICAL - 2024-06-21 08:21:59 --> User does not exist for specified user id
in APPPATH/Models/UserModel.php on line 276.
 1 APPPATH/Controllers/Users.php(115): App\Models\UserModel->findUserById()
 2 SYSTEMPATH/CodeIgniter.php(932): App\Controllers\Users->ref_point()
 3 SYSTEMPATH/CodeIgniter.php(497): CodeIgniter\CodeIgniter->runController()
 4 SYSTEMPATH/CodeIgniter.php(366): CodeIgniter\CodeIgniter->handleRequest()
 5 FCPATH/index.php(67): CodeIgniter\CodeIgniter->run()
CRITICAL - 2024-06-21 08:22:09 --> User does not exist for specified user id
in APPPATH/Models/UserModel.php on line 276.
 1 APPPATH/Controllers/Users.php(115): App\Models\UserModel->findUserById()
 2 SYSTEMPATH/CodeIgniter.php(932): App\Controllers\Users->ref_point()
 3 SYSTEMPATH/CodeIgniter.php(497): CodeIgniter\CodeIgniter->runController()
 4 SYSTEMPATH/CodeIgniter.php(366): CodeIgniter\CodeIgniter->handleRequest()
 5 FCPATH/index.php(67): CodeIgniter\CodeIgniter->run()
CRITICAL - 2024-06-21 08:22:19 --> User does not exist for specified user id
in APPPATH/Models/UserModel.php on line 276.
 1 APPPATH/Controllers/Users.php(115): App\Models\UserModel->findUserById()
 2 SYSTEMPATH/CodeIgniter.php(932): App\Controllers\Users->ref_point()
 3 SYSTEMPATH/CodeIgniter.php(497): CodeIgniter\CodeIgniter->runController()
 4 SYSTEMPATH/CodeIgniter.php(366): CodeIgniter\CodeIgniter->handleRequest()
 5 FCPATH/index.php(67): CodeIgniter\CodeIgniter->run()
CRITICAL - 2024-06-21 08:22:29 --> User does not exist for specified user id
in APPPATH/Models/UserModel.php on line 276.
 1 APPPATH/Controllers/Users.php(115): App\Models\UserModel->findUserById()
 2 SYSTEMPATH/CodeIgniter.php(932): App\Controllers\Users->ref_point()
 3 SYSTEMPATH/CodeIgniter.php(497): CodeIgniter\CodeIgniter->runController()
 4 SYSTEMPATH/CodeIgniter.php(366): CodeIgniter\CodeIgniter->handleRequest()
 5 FCPATH/index.php(67): CodeIgniter\CodeIgniter->run()
CRITICAL - 2024-06-21 08:22:39 --> User does not exist for specified user id
in APPPATH/Models/UserModel.php on line 276.
 1 APPPATH/Controllers/Users.php(115): App\Models\UserModel->findUserById()
 2 SYSTEMPATH/CodeIgniter.php(932): App\Controllers\Users->ref_point()
 3 SYSTEMPATH/CodeIgniter.php(497): CodeIgniter\CodeIgniter->runController()
 4 SYSTEMPATH/CodeIgniter.php(366): CodeIgniter\CodeIgniter->handleRequest()
 5 FCPATH/index.php(67): CodeIgniter\CodeIgniter->run()
CRITICAL - 2024-06-21 08:22:49 --> User does not exist for specified user id
in APPPATH/Models/UserModel.php on line 276.
 1 APPPATH/Controllers/Users.php(115): App\Models\UserModel->findUserById()
 2 SYSTEMPATH/CodeIgniter.php(932): App\Controllers\Users->ref_point()
 3 SYSTEMPATH/CodeIgniter.php(497): CodeIgniter\CodeIgniter->runController()
 4 SYSTEMPATH/CodeIgniter.php(366): CodeIgniter\CodeIgniter->handleRequest()
 5 FCPATH/index.php(67): CodeIgniter\CodeIgniter->run()
CRITICAL - 2024-06-21 08:22:59 --> User does not exist for specified user id
in APPPATH/Models/UserModel.php on line 276.
 1 APPPATH/Controllers/Users.php(115): App\Models\UserModel->findUserById()
 2 SYSTEMPATH/CodeIgniter.php(932): App\Controllers\Users->ref_point()
 3 SYSTEMPATH/CodeIgniter.php(497): CodeIgniter\CodeIgniter->runController()
 4 SYSTEMPATH/CodeIgniter.php(366): CodeIgniter\CodeIgniter->handleRequest()
 5 FCPATH/index.php(67): CodeIgniter\CodeIgniter->run()
CRITICAL - 2024-06-21 08:23:09 --> User does not exist for specified user id
in APPPATH/Models/UserModel.php on line 276.
 1 APPPATH/Controllers/Users.php(115): App\Models\UserModel->findUserById()
 2 SYSTEMPATH/CodeIgniter.php(932): App\Controllers\Users->ref_point()
 3 SYSTEMPATH/CodeIgniter.php(497): CodeIgniter\CodeIgniter->runController()
 4 SYSTEMPATH/CodeIgniter.php(366): CodeIgniter\CodeIgniter->handleRequest()
 5 FCPATH/index.php(67): CodeIgniter\CodeIgniter->run()
CRITICAL - 2024-06-21 08:23:19 --> User does not exist for specified user id
in APPPATH/Models/UserModel.php on line 276.
 1 APPPATH/Controllers/Users.php(115): App\Models\UserModel->findUserById()
 2 SYSTEMPATH/CodeIgniter.php(932): App\Controllers\Users->ref_point()
 3 SYSTEMPATH/CodeIgniter.php(497): CodeIgniter\CodeIgniter->runController()
 4 SYSTEMPATH/CodeIgniter.php(366): CodeIgniter\CodeIgniter->handleRequest()
 5 FCPATH/index.php(67): CodeIgniter\CodeIgniter->run()
CRITICAL - 2024-06-21 08:23:29 --> User does not exist for specified user id
in APPPATH/Models/UserModel.php on line 276.
 1 APPPATH/Controllers/Users.php(115): App\Models\UserModel->findUserById()
 2 SYSTEMPATH/CodeIgniter.php(932): App\Controllers\Users->ref_point()
 3 SYSTEMPATH/CodeIgniter.php(497): CodeIgniter\CodeIgniter->runController()
 4 SYSTEMPATH/CodeIgniter.php(366): CodeIgniter\CodeIgniter->handleRequest()
 5 FCPATH/index.php(67): CodeIgniter\CodeIgniter->run()
CRITICAL - 2024-06-21 08:23:39 --> User does not exist for specified user id
in APPPATH/Models/UserModel.php on line 276.
 1 APPPATH/Controllers/Users.php(115): App\Models\UserModel->findUserById()
 2 SYSTEMPATH/CodeIgniter.php(932): App\Controllers\Users->ref_point()
 3 SYSTEMPATH/CodeIgniter.php(497): CodeIgniter\CodeIgniter->runController()
 4 SYSTEMPATH/CodeIgniter.php(366): CodeIgniter\CodeIgniter->handleRequest()
 5 FCPATH/index.php(67): CodeIgniter\CodeIgniter->run()
CRITICAL - 2024-06-21 08:23:49 --> User does not exist for specified user id
in APPPATH/Models/UserModel.php on line 276.
 1 APPPATH/Controllers/Users.php(115): App\Models\UserModel->findUserById()
 2 SYSTEMPATH/CodeIgniter.php(932): App\Controllers\Users->ref_point()
 3 SYSTEMPATH/CodeIgniter.php(497): CodeIgniter\CodeIgniter->runController()
 4 SYSTEMPATH/CodeIgniter.php(366): CodeIgniter\CodeIgniter->handleRequest()
 5 FCPATH/index.php(67): CodeIgniter\CodeIgniter->run()
CRITICAL - 2024-06-21 08:23:59 --> User does not exist for specified user id
in APPPATH/Models/UserModel.php on line 276.
 1 APPPATH/Controllers/Users.php(115): App\Models\UserModel->findUserById()
 2 SYSTEMPATH/CodeIgniter.php(932): App\Controllers\Users->ref_point()
 3 SYSTEMPATH/CodeIgniter.php(497): CodeIgniter\CodeIgniter->runController()
 4 SYSTEMPATH/CodeIgniter.php(366): CodeIgniter\CodeIgniter->handleRequest()
 5 FCPATH/index.php(67): CodeIgniter\CodeIgniter->run()
CRITICAL - 2024-06-21 08:24:09 --> User does not exist for specified user id
in APPPATH/Models/UserModel.php on line 276.
 1 APPPATH/Controllers/Users.php(115): App\Models\UserModel->findUserById()
 2 SYSTEMPATH/CodeIgniter.php(932): App\Controllers\Users->ref_point()
 3 SYSTEMPATH/CodeIgniter.php(497): CodeIgniter\CodeIgniter->runController()
 4 SYSTEMPATH/CodeIgniter.php(366): CodeIgniter\CodeIgniter->handleRequest()
 5 FCPATH/index.php(67): CodeIgniter\CodeIgniter->run()
CRITICAL - 2024-06-21 08:24:19 --> User does not exist for specified user id
in APPPATH/Models/UserModel.php on line 276.
 1 APPPATH/Controllers/Users.php(115): App\Models\UserModel->findUserById()
 2 SYSTEMPATH/CodeIgniter.php(932): App\Controllers\Users->ref_point()
 3 SYSTEMPATH/CodeIgniter.php(497): CodeIgniter\CodeIgniter->runController()
 4 SYSTEMPATH/CodeIgniter.php(366): CodeIgniter\CodeIgniter->handleRequest()
 5 FCPATH/index.php(67): CodeIgniter\CodeIgniter->run()
CRITICAL - 2024-06-21 08:24:29 --> User does not exist for specified user id
in APPPATH/Models/UserModel.php on line 276.
 1 APPPATH/Controllers/Users.php(115): App\Models\UserModel->findUserById()
 2 SYSTEMPATH/CodeIgniter.php(932): App\Controllers\Users->ref_point()
 3 SYSTEMPATH/CodeIgniter.php(497): CodeIgniter\CodeIgniter->runController()
 4 SYSTEMPATH/CodeIgniter.php(366): CodeIgniter\CodeIgniter->handleRequest()
 5 FCPATH/index.php(67): CodeIgniter\CodeIgniter->run()
CRITICAL - 2024-06-21 08:24:39 --> User does not exist for specified user id
in APPPATH/Models/UserModel.php on line 276.
 1 APPPATH/Controllers/Users.php(115): App\Models\UserModel->findUserById()
 2 SYSTEMPATH/CodeIgniter.php(932): App\Controllers\Users->ref_point()
 3 SYSTEMPATH/CodeIgniter.php(497): CodeIgniter\CodeIgniter->runController()
 4 SYSTEMPATH/CodeIgniter.php(366): CodeIgniter\CodeIgniter->handleRequest()
 5 FCPATH/index.php(67): CodeIgniter\CodeIgniter->run()
CRITICAL - 2024-06-21 08:24:49 --> User does not exist for specified user id
in APPPATH/Models/UserModel.php on line 276.
 1 APPPATH/Controllers/Users.php(115): App\Models\UserModel->findUserById()
 2 SYSTEMPATH/CodeIgniter.php(932): App\Controllers\Users->ref_point()
 3 SYSTEMPATH/CodeIgniter.php(497): CodeIgniter\CodeIgniter->runController()
 4 SYSTEMPATH/CodeIgniter.php(366): CodeIgniter\CodeIgniter->handleRequest()
 5 FCPATH/index.php(67): CodeIgniter\CodeIgniter->run()
CRITICAL - 2024-06-21 08:24:59 --> User does not exist for specified user id
in APPPATH/Models/UserModel.php on line 276.
 1 APPPATH/Controllers/Users.php(115): App\Models\UserModel->findUserById()
 2 SYSTEMPATH/CodeIgniter.php(932): App\Controllers\Users->ref_point()
 3 SYSTEMPATH/CodeIgniter.php(497): CodeIgniter\CodeIgniter->runController()
 4 SYSTEMPATH/CodeIgniter.php(366): CodeIgniter\CodeIgniter->handleRequest()
 5 FCPATH/index.php(67): CodeIgniter\CodeIgniter->run()
CRITICAL - 2024-06-21 08:25:09 --> User does not exist for specified user id
in APPPATH/Models/UserModel.php on line 276.
 1 APPPATH/Controllers/Users.php(115): App\Models\UserModel->findUserById()
 2 SYSTEMPATH/CodeIgniter.php(932): App\Controllers\Users->ref_point()
 3 SYSTEMPATH/CodeIgniter.php(497): CodeIgniter\CodeIgniter->runController()
 4 SYSTEMPATH/CodeIgniter.php(366): CodeIgniter\CodeIgniter->handleRequest()
 5 FCPATH/index.php(67): CodeIgniter\CodeIgniter->run()
CRITICAL - 2024-06-21 08:25:19 --> User does not exist for specified user id
in APPPATH/Models/UserModel.php on line 276.
 1 APPPATH/Controllers/Users.php(115): App\Models\UserModel->findUserById()
 2 SYSTEMPATH/CodeIgniter.php(932): App\Controllers\Users->ref_point()
 3 SYSTEMPATH/CodeIgniter.php(497): CodeIgniter\CodeIgniter->runController()
 4 SYSTEMPATH/CodeIgniter.php(366): CodeIgniter\CodeIgniter->handleRequest()
 5 FCPATH/index.php(67): CodeIgniter\CodeIgniter->run()
CRITICAL - 2024-06-21 08:25:29 --> User does not exist for specified user id
in APPPATH/Models/UserModel.php on line 276.
 1 APPPATH/Controllers/Users.php(115): App\Models\UserModel->findUserById()
 2 SYSTEMPATH/CodeIgniter.php(932): App\Controllers\Users->ref_point()
 3 SYSTEMPATH/CodeIgniter.php(497): CodeIgniter\CodeIgniter->runController()
 4 SYSTEMPATH/CodeIgniter.php(366): CodeIgniter\CodeIgniter->handleRequest()
 5 FCPATH/index.php(67): CodeIgniter\CodeIgniter->run()
CRITICAL - 2024-06-21 08:25:39 --> User does not exist for specified user id
in APPPATH/Models/UserModel.php on line 276.
 1 APPPATH/Controllers/Users.php(115): App\Models\UserModel->findUserById()
 2 SYSTEMPATH/CodeIgniter.php(932): App\Controllers\Users->ref_point()
 3 SYSTEMPATH/CodeIgniter.php(497): CodeIgniter\CodeIgniter->runController()
 4 SYSTEMPATH/CodeIgniter.php(366): CodeIgniter\CodeIgniter->handleRequest()
 5 FCPATH/index.php(67): CodeIgniter\CodeIgniter->run()
CRITICAL - 2024-06-21 08:25:49 --> User does not exist for specified user id
in APPPATH/Models/UserModel.php on line 276.
 1 APPPATH/Controllers/Users.php(115): App\Models\UserModel->findUserById()
 2 SYSTEMPATH/CodeIgniter.php(932): App\Controllers\Users->ref_point()
 3 SYSTEMPATH/CodeIgniter.php(497): CodeIgniter\CodeIgniter->runController()
 4 SYSTEMPATH/CodeIgniter.php(366): CodeIgniter\CodeIgniter->handleRequest()
 5 FCPATH/index.php(67): CodeIgniter\CodeIgniter->run()
CRITICAL - 2024-06-21 08:25:59 --> User does not exist for specified user id
in APPPATH/Models/UserModel.php on line 276.
 1 APPPATH/Controllers/Users.php(115): App\Models\UserModel->findUserById()
 2 SYSTEMPATH/CodeIgniter.php(932): App\Controllers\Users->ref_point()
 3 SYSTEMPATH/CodeIgniter.php(497): CodeIgniter\CodeIgniter->runController()
 4 SYSTEMPATH/CodeIgniter.php(366): CodeIgniter\CodeIgniter->handleRequest()
 5 FCPATH/index.php(67): CodeIgniter\CodeIgniter->run()
CRITICAL - 2024-06-21 08:26:09 --> User does not exist for specified user id
in APPPATH/Models/UserModel.php on line 276.
 1 APPPATH/Controllers/Users.php(115): App\Models\UserModel->findUserById()
 2 SYSTEMPATH/CodeIgniter.php(932): App\Controllers\Users->ref_point()
 3 SYSTEMPATH/CodeIgniter.php(497): CodeIgniter\CodeIgniter->runController()
 4 SYSTEMPATH/CodeIgniter.php(366): CodeIgniter\CodeIgniter->handleRequest()
 5 FCPATH/index.php(67): CodeIgniter\CodeIgniter->run()
CRITICAL - 2024-06-21 08:26:19 --> User does not exist for specified user id
in APPPATH/Models/UserModel.php on line 276.
 1 APPPATH/Controllers/Users.php(115): App\Models\UserModel->findUserById()
 2 SYSTEMPATH/CodeIgniter.php(932): App\Controllers\Users->ref_point()
 3 SYSTEMPATH/CodeIgniter.php(497): CodeIgniter\CodeIgniter->runController()
 4 SYSTEMPATH/CodeIgniter.php(366): CodeIgniter\CodeIgniter->handleRequest()
 5 FCPATH/index.php(67): CodeIgniter\CodeIgniter->run()
CRITICAL - 2024-06-21 08:26:29 --> User does not exist for specified user id
in APPPATH/Models/UserModel.php on line 276.
 1 APPPATH/Controllers/Users.php(115): App\Models\UserModel->findUserById()
 2 SYSTEMPATH/CodeIgniter.php(932): App\Controllers\Users->ref_point()
 3 SYSTEMPATH/CodeIgniter.php(497): CodeIgniter\CodeIgniter->runController()
 4 SYSTEMPATH/CodeIgniter.php(366): CodeIgniter\CodeIgniter->handleRequest()
 5 FCPATH/index.php(67): CodeIgniter\CodeIgniter->run()
CRITICAL - 2024-06-21 08:26:39 --> User does not exist for specified user id
in APPPATH/Models/UserModel.php on line 276.
 1 APPPATH/Controllers/Users.php(115): App\Models\UserModel->findUserById()
 2 SYSTEMPATH/CodeIgniter.php(932): App\Controllers\Users->ref_point()
 3 SYSTEMPATH/CodeIgniter.php(497): CodeIgniter\CodeIgniter->runController()
 4 SYSTEMPATH/CodeIgniter.php(366): CodeIgniter\CodeIgniter->handleRequest()
 5 FCPATH/index.php(67): CodeIgniter\CodeIgniter->run()
CRITICAL - 2024-06-21 08:26:49 --> User does not exist for specified user id
in APPPATH/Models/UserModel.php on line 276.
 1 APPPATH/Controllers/Users.php(115): App\Models\UserModel->findUserById()
 2 SYSTEMPATH/CodeIgniter.php(932): App\Controllers\Users->ref_point()
 3 SYSTEMPATH/CodeIgniter.php(497): CodeIgniter\CodeIgniter->runController()
 4 SYSTEMPATH/CodeIgniter.php(366): CodeIgniter\CodeIgniter->handleRequest()
 5 FCPATH/index.php(67): CodeIgniter\CodeIgniter->run()
CRITICAL - 2024-06-21 08:26:59 --> User does not exist for specified user id
in APPPATH/Models/UserModel.php on line 276.
 1 APPPATH/Controllers/Users.php(115): App\Models\UserModel->findUserById()
 2 SYSTEMPATH/CodeIgniter.php(932): App\Controllers\Users->ref_point()
 3 SYSTEMPATH/CodeIgniter.php(497): CodeIgniter\CodeIgniter->runController()
 4 SYSTEMPATH/CodeIgniter.php(366): CodeIgniter\CodeIgniter->handleRequest()
 5 FCPATH/index.php(67): CodeIgniter\CodeIgniter->run()
CRITICAL - 2024-06-21 08:27:09 --> User does not exist for specified user id
in APPPATH/Models/UserModel.php on line 276.
 1 APPPATH/Controllers/Users.php(115): App\Models\UserModel->findUserById()
 2 SYSTEMPATH/CodeIgniter.php(932): App\Controllers\Users->ref_point()
 3 SYSTEMPATH/CodeIgniter.php(497): CodeIgniter\CodeIgniter->runController()
 4 SYSTEMPATH/CodeIgniter.php(366): CodeIgniter\CodeIgniter->handleRequest()
 5 FCPATH/index.php(67): CodeIgniter\CodeIgniter->run()
CRITICAL - 2024-06-21 08:27:19 --> User does not exist for specified user id
in APPPATH/Models/UserModel.php on line 276.
 1 APPPATH/Controllers/Users.php(115): App\Models\UserModel->findUserById()
 2 SYSTEMPATH/CodeIgniter.php(932): App\Controllers\Users->ref_point()
 3 SYSTEMPATH/CodeIgniter.php(497): CodeIgniter\CodeIgniter->runController()
 4 SYSTEMPATH/CodeIgniter.php(366): CodeIgniter\CodeIgniter->handleRequest()
 5 FCPATH/index.php(67): CodeIgniter\CodeIgniter->run()
CRITICAL - 2024-06-21 08:27:29 --> User does not exist for specified user id
in APPPATH/Models/UserModel.php on line 276.
 1 APPPATH/Controllers/Users.php(115): App\Models\UserModel->findUserById()
 2 SYSTEMPATH/CodeIgniter.php(932): App\Controllers\Users->ref_point()
 3 SYSTEMPATH/CodeIgniter.php(497): CodeIgniter\CodeIgniter->runController()
 4 SYSTEMPATH/CodeIgniter.php(366): CodeIgniter\CodeIgniter->handleRequest()
 5 FCPATH/index.php(67): CodeIgniter\CodeIgniter->run()
CRITICAL - 2024-06-21 08:27:39 --> User does not exist for specified user id
in APPPATH/Models/UserModel.php on line 276.
 1 APPPATH/Controllers/Users.php(115): App\Models\UserModel->findUserById()
 2 SYSTEMPATH/CodeIgniter.php(932): App\Controllers\Users->ref_point()
 3 SYSTEMPATH/CodeIgniter.php(497): CodeIgniter\CodeIgniter->runController()
 4 SYSTEMPATH/CodeIgniter.php(366): CodeIgniter\CodeIgniter->handleRequest()
 5 FCPATH/index.php(67): CodeIgniter\CodeIgniter->run()
CRITICAL - 2024-06-21 08:27:49 --> User does not exist for specified user id
in APPPATH/Models/UserModel.php on line 276.
 1 APPPATH/Controllers/Users.php(115): App\Models\UserModel->findUserById()
 2 SYSTEMPATH/CodeIgniter.php(932): App\Controllers\Users->ref_point()
 3 SYSTEMPATH/CodeIgniter.php(497): CodeIgniter\CodeIgniter->runController()
 4 SYSTEMPATH/CodeIgniter.php(366): CodeIgniter\CodeIgniter->handleRequest()
 5 FCPATH/index.php(67): CodeIgniter\CodeIgniter->run()
CRITICAL - 2024-06-21 08:27:59 --> User does not exist for specified user id
in APPPATH/Models/UserModel.php on line 276.
 1 APPPATH/Controllers/Users.php(115): App\Models\UserModel->findUserById()
 2 SYSTEMPATH/CodeIgniter.php(932): App\Controllers\Users->ref_point()
 3 SYSTEMPATH/CodeIgniter.php(497): CodeIgniter\CodeIgniter->runController()
 4 SYSTEMPATH/CodeIgniter.php(366): CodeIgniter\CodeIgniter->handleRequest()
 5 FCPATH/index.php(67): CodeIgniter\CodeIgniter->run()
CRITICAL - 2024-06-21 08:28:09 --> User does not exist for specified user id
in APPPATH/Models/UserModel.php on line 276.
 1 APPPATH/Controllers/Users.php(115): App\Models\UserModel->findUserById()
 2 SYSTEMPATH/CodeIgniter.php(932): App\Controllers\Users->ref_point()
 3 SYSTEMPATH/CodeIgniter.php(497): CodeIgniter\CodeIgniter->runController()
 4 SYSTEMPATH/CodeIgniter.php(366): CodeIgniter\CodeIgniter->handleRequest()
 5 FCPATH/index.php(67): CodeIgniter\CodeIgniter->run()
CRITICAL - 2024-06-21 08:28:19 --> User does not exist for specified user id
in APPPATH/Models/UserModel.php on line 276.
 1 APPPATH/Controllers/Users.php(115): App\Models\UserModel->findUserById()
 2 SYSTEMPATH/CodeIgniter.php(932): App\Controllers\Users->ref_point()
 3 SYSTEMPATH/CodeIgniter.php(497): CodeIgniter\CodeIgniter->runController()
 4 SYSTEMPATH/CodeIgniter.php(366): CodeIgniter\CodeIgniter->handleRequest()
 5 FCPATH/index.php(67): CodeIgniter\CodeIgniter->run()
CRITICAL - 2024-06-21 08:28:29 --> User does not exist for specified user id
in APPPATH/Models/UserModel.php on line 276.
 1 APPPATH/Controllers/Users.php(115): App\Models\UserModel->findUserById()
 2 SYSTEMPATH/CodeIgniter.php(932): App\Controllers\Users->ref_point()
 3 SYSTEMPATH/CodeIgniter.php(497): CodeIgniter\CodeIgniter->runController()
 4 SYSTEMPATH/CodeIgniter.php(366): CodeIgniter\CodeIgniter->handleRequest()
 5 FCPATH/index.php(67): CodeIgniter\CodeIgniter->run()
CRITICAL - 2024-06-21 08:28:39 --> User does not exist for specified user id
in APPPATH/Models/UserModel.php on line 276.
 1 APPPATH/Controllers/Users.php(115): App\Models\UserModel->findUserById()
 2 SYSTEMPATH/CodeIgniter.php(932): App\Controllers\Users->ref_point()
 3 SYSTEMPATH/CodeIgniter.php(497): CodeIgniter\CodeIgniter->runController()
 4 SYSTEMPATH/CodeIgniter.php(366): CodeIgniter\CodeIgniter->handleRequest()
 5 FCPATH/index.php(67): CodeIgniter\CodeIgniter->run()
CRITICAL - 2024-06-21 08:28:49 --> User does not exist for specified user id
in APPPATH/Models/UserModel.php on line 276.
 1 APPPATH/Controllers/Users.php(115): App\Models\UserModel->findUserById()
 2 SYSTEMPATH/CodeIgniter.php(932): App\Controllers\Users->ref_point()
 3 SYSTEMPATH/CodeIgniter.php(497): CodeIgniter\CodeIgniter->runController()
 4 SYSTEMPATH/CodeIgniter.php(366): CodeIgniter\CodeIgniter->handleRequest()
 5 FCPATH/index.php(67): CodeIgniter\CodeIgniter->run()
CRITICAL - 2024-06-21 08:28:59 --> User does not exist for specified user id
in APPPATH/Models/UserModel.php on line 276.
 1 APPPATH/Controllers/Users.php(115): App\Models\UserModel->findUserById()
 2 SYSTEMPATH/CodeIgniter.php(932): App\Controllers\Users->ref_point()
 3 SYSTEMPATH/CodeIgniter.php(497): CodeIgniter\CodeIgniter->runController()
 4 SYSTEMPATH/CodeIgniter.php(366): CodeIgniter\CodeIgniter->handleRequest()
 5 FCPATH/index.php(67): CodeIgniter\CodeIgniter->run()
CRITICAL - 2024-06-21 08:29:09 --> User does not exist for specified user id
in APPPATH/Models/UserModel.php on line 276.
 1 APPPATH/Controllers/Users.php(115): App\Models\UserModel->findUserById()
 2 SYSTEMPATH/CodeIgniter.php(932): App\Controllers\Users->ref_point()
 3 SYSTEMPATH/CodeIgniter.php(497): CodeIgniter\CodeIgniter->runController()
 4 SYSTEMPATH/CodeIgniter.php(366): CodeIgniter\CodeIgniter->handleRequest()
 5 FCPATH/index.php(67): CodeIgniter\CodeIgniter->run()
CRITICAL - 2024-06-21 08:29:19 --> User does not exist for specified user id
in APPPATH/Models/UserModel.php on line 276.
 1 APPPATH/Controllers/Users.php(115): App\Models\UserModel->findUserById()
 2 SYSTEMPATH/CodeIgniter.php(932): App\Controllers\Users->ref_point()
 3 SYSTEMPATH/CodeIgniter.php(497): CodeIgniter\CodeIgniter->runController()
 4 SYSTEMPATH/CodeIgniter.php(366): CodeIgniter\CodeIgniter->handleRequest()
 5 FCPATH/index.php(67): CodeIgniter\CodeIgniter->run()
CRITICAL - 2024-06-21 08:29:29 --> User does not exist for specified user id
in APPPATH/Models/UserModel.php on line 276.
 1 APPPATH/Controllers/Users.php(115): App\Models\UserModel->findUserById()
 2 SYSTEMPATH/CodeIgniter.php(932): App\Controllers\Users->ref_point()
 3 SYSTEMPATH/CodeIgniter.php(497): CodeIgniter\CodeIgniter->runController()
 4 SYSTEMPATH/CodeIgniter.php(366): CodeIgniter\CodeIgniter->handleRequest()
 5 FCPATH/index.php(67): CodeIgniter\CodeIgniter->run()
CRITICAL - 2024-06-21 08:29:39 --> User does not exist for specified user id
in APPPATH/Models/UserModel.php on line 276.
 1 APPPATH/Controllers/Users.php(115): App\Models\UserModel->findUserById()
 2 SYSTEMPATH/CodeIgniter.php(932): App\Controllers\Users->ref_point()
 3 SYSTEMPATH/CodeIgniter.php(497): CodeIgniter\CodeIgniter->runController()
 4 SYSTEMPATH/CodeIgniter.php(366): CodeIgniter\CodeIgniter->handleRequest()
 5 FCPATH/index.php(67): CodeIgniter\CodeIgniter->run()
CRITICAL - 2024-06-21 08:29:49 --> User does not exist for specified user id
in APPPATH/Models/UserModel.php on line 276.
 1 APPPATH/Controllers/Users.php(115): App\Models\UserModel->findUserById()
 2 SYSTEMPATH/CodeIgniter.php(932): App\Controllers\Users->ref_point()
 3 SYSTEMPATH/CodeIgniter.php(497): CodeIgniter\CodeIgniter->runController()
 4 SYSTEMPATH/CodeIgniter.php(366): CodeIgniter\CodeIgniter->handleRequest()
 5 FCPATH/index.php(67): CodeIgniter\CodeIgniter->run()
CRITICAL - 2024-06-21 08:29:59 --> User does not exist for specified user id
in APPPATH/Models/UserModel.php on line 276.
 1 APPPATH/Controllers/Users.php(115): App\Models\UserModel->findUserById()
 2 SYSTEMPATH/CodeIgniter.php(932): App\Controllers\Users->ref_point()
 3 SYSTEMPATH/CodeIgniter.php(497): CodeIgniter\CodeIgniter->runController()
 4 SYSTEMPATH/CodeIgniter.php(366): CodeIgniter\CodeIgniter->handleRequest()
 5 FCPATH/index.php(67): CodeIgniter\CodeIgniter->run()
CRITICAL - 2024-06-21 08:30:09 --> User does not exist for specified user id
in APPPATH/Models/UserModel.php on line 276.
 1 APPPATH/Controllers/Users.php(115): App\Models\UserModel->findUserById()
 2 SYSTEMPATH/CodeIgniter.php(932): App\Controllers\Users->ref_point()
 3 SYSTEMPATH/CodeIgniter.php(497): CodeIgniter\CodeIgniter->runController()
 4 SYSTEMPATH/CodeIgniter.php(366): CodeIgniter\CodeIgniter->handleRequest()
 5 FCPATH/index.php(67): CodeIgniter\CodeIgniter->run()
CRITICAL - 2024-06-21 08:30:19 --> User does not exist for specified user id
in APPPATH/Models/UserModel.php on line 276.
 1 APPPATH/Controllers/Users.php(115): App\Models\UserModel->findUserById()
 2 SYSTEMPATH/CodeIgniter.php(932): App\Controllers\Users->ref_point()
 3 SYSTEMPATH/CodeIgniter.php(497): CodeIgniter\CodeIgniter->runController()
 4 SYSTEMPATH/CodeIgniter.php(366): CodeIgniter\CodeIgniter->handleRequest()
 5 FCPATH/index.php(67): CodeIgniter\CodeIgniter->run()
CRITICAL - 2024-06-21 08:30:29 --> User does not exist for specified user id
in APPPATH/Models/UserModel.php on line 276.
 1 APPPATH/Controllers/Users.php(115): App\Models\UserModel->findUserById()
 2 SYSTEMPATH/CodeIgniter.php(932): App\Controllers\Users->ref_point()
 3 SYSTEMPATH/CodeIgniter.php(497): CodeIgniter\CodeIgniter->runController()
 4 SYSTEMPATH/CodeIgniter.php(366): CodeIgniter\CodeIgniter->handleRequest()
 5 FCPATH/index.php(67): CodeIgniter\CodeIgniter->run()
CRITICAL - 2024-06-21 08:30:39 --> User does not exist for specified user id
in APPPATH/Models/UserModel.php on line 276.
 1 APPPATH/Controllers/Users.php(115): App\Models\UserModel->findUserById()
 2 SYSTEMPATH/CodeIgniter.php(932): App\Controllers\Users->ref_point()
 3 SYSTEMPATH/CodeIgniter.php(497): CodeIgniter\CodeIgniter->runController()
 4 SYSTEMPATH/CodeIgniter.php(366): CodeIgniter\CodeIgniter->handleRequest()
 5 FCPATH/index.php(67): CodeIgniter\CodeIgniter->run()
CRITICAL - 2024-06-21 08:30:49 --> User does not exist for specified user id
in APPPATH/Models/UserModel.php on line 276.
 1 APPPATH/Controllers/Users.php(115): App\Models\UserModel->findUserById()
 2 SYSTEMPATH/CodeIgniter.php(932): App\Controllers\Users->ref_point()
 3 SYSTEMPATH/CodeIgniter.php(497): CodeIgniter\CodeIgniter->runController()
 4 SYSTEMPATH/CodeIgniter.php(366): CodeIgniter\CodeIgniter->handleRequest()
 5 FCPATH/index.php(67): CodeIgniter\CodeIgniter->run()
CRITICAL - 2024-06-21 08:30:59 --> User does not exist for specified user id
in APPPATH/Models/UserModel.php on line 276.
 1 APPPATH/Controllers/Users.php(115): App\Models\UserModel->findUserById()
 2 SYSTEMPATH/CodeIgniter.php(932): App\Controllers\Users->ref_point()
 3 SYSTEMPATH/CodeIgniter.php(497): CodeIgniter\CodeIgniter->runController()
 4 SYSTEMPATH/CodeIgniter.php(366): CodeIgniter\CodeIgniter->handleRequest()
 5 FCPATH/index.php(67): CodeIgniter\CodeIgniter->run()
CRITICAL - 2024-06-21 08:31:09 --> User does not exist for specified user id
in APPPATH/Models/UserModel.php on line 276.
 1 APPPATH/Controllers/Users.php(115): App\Models\UserModel->findUserById()
 2 SYSTEMPATH/CodeIgniter.php(932): App\Controllers\Users->ref_point()
 3 SYSTEMPATH/CodeIgniter.php(497): CodeIgniter\CodeIgniter->runController()
 4 SYSTEMPATH/CodeIgniter.php(366): CodeIgniter\CodeIgniter->handleRequest()
 5 FCPATH/index.php(67): CodeIgniter\CodeIgniter->run()
CRITICAL - 2024-06-21 08:31:19 --> User does not exist for specified user id
in APPPATH/Models/UserModel.php on line 276.
 1 APPPATH/Controllers/Users.php(115): App\Models\UserModel->findUserById()
 2 SYSTEMPATH/CodeIgniter.php(932): App\Controllers\Users->ref_point()
 3 SYSTEMPATH/CodeIgniter.php(497): CodeIgniter\CodeIgniter->runController()
 4 SYSTEMPATH/CodeIgniter.php(366): CodeIgniter\CodeIgniter->handleRequest()
 5 FCPATH/index.php(67): CodeIgniter\CodeIgniter->run()
CRITICAL - 2024-06-21 08:31:29 --> User does not exist for specified user id
in APPPATH/Models/UserModel.php on line 276.
 1 APPPATH/Controllers/Users.php(115): App\Models\UserModel->findUserById()
 2 SYSTEMPATH/CodeIgniter.php(932): App\Controllers\Users->ref_point()
 3 SYSTEMPATH/CodeIgniter.php(497): CodeIgniter\CodeIgniter->runController()
 4 SYSTEMPATH/CodeIgniter.php(366): CodeIgniter\CodeIgniter->handleRequest()
 5 FCPATH/index.php(67): CodeIgniter\CodeIgniter->run()
CRITICAL - 2024-06-21 08:31:39 --> User does not exist for specified user id
in APPPATH/Models/UserModel.php on line 276.
 1 APPPATH/Controllers/Users.php(115): App\Models\UserModel->findUserById()
 2 SYSTEMPATH/CodeIgniter.php(932): App\Controllers\Users->ref_point()
 3 SYSTEMPATH/CodeIgniter.php(497): CodeIgniter\CodeIgniter->runController()
 4 SYSTEMPATH/CodeIgniter.php(366): CodeIgniter\CodeIgniter->handleRequest()
 5 FCPATH/index.php(67): CodeIgniter\CodeIgniter->run()
CRITICAL - 2024-06-21 08:31:49 --> User does not exist for specified user id
in APPPATH/Models/UserModel.php on line 276.
 1 APPPATH/Controllers/Users.php(115): App\Models\UserModel->findUserById()
 2 SYSTEMPATH/CodeIgniter.php(932): App\Controllers\Users->ref_point()
 3 SYSTEMPATH/CodeIgniter.php(497): CodeIgniter\CodeIgniter->runController()
 4 SYSTEMPATH/CodeIgniter.php(366): CodeIgniter\CodeIgniter->handleRequest()
 5 FCPATH/index.php(67): CodeIgniter\CodeIgniter->run()
CRITICAL - 2024-06-21 08:31:59 --> User does not exist for specified user id
in APPPATH/Models/UserModel.php on line 276.
 1 APPPATH/Controllers/Users.php(115): App\Models\UserModel->findUserById()
 2 SYSTEMPATH/CodeIgniter.php(932): App\Controllers\Users->ref_point()
 3 SYSTEMPATH/CodeIgniter.php(497): CodeIgniter\CodeIgniter->runController()
 4 SYSTEMPATH/CodeIgniter.php(366): CodeIgniter\CodeIgniter->handleRequest()
 5 FCPATH/index.php(67): CodeIgniter\CodeIgniter->run()
CRITICAL - 2024-06-21 08:32:09 --> User does not exist for specified user id
in APPPATH/Models/UserModel.php on line 276.
 1 APPPATH/Controllers/Users.php(115): App\Models\UserModel->findUserById()
 2 SYSTEMPATH/CodeIgniter.php(932): App\Controllers\Users->ref_point()
 3 SYSTEMPATH/CodeIgniter.php(497): CodeIgniter\CodeIgniter->runController()
 4 SYSTEMPATH/CodeIgniter.php(366): CodeIgniter\CodeIgniter->handleRequest()
 5 FCPATH/index.php(67): CodeIgniter\CodeIgniter->run()
CRITICAL - 2024-06-21 08:32:19 --> User does not exist for specified user id
in APPPATH/Models/UserModel.php on line 276.
 1 APPPATH/Controllers/Users.php(115): App\Models\UserModel->findUserById()
 2 SYSTEMPATH/CodeIgniter.php(932): App\Controllers\Users->ref_point()
 3 SYSTEMPATH/CodeIgniter.php(497): CodeIgniter\CodeIgniter->runController()
 4 SYSTEMPATH/CodeIgniter.php(366): CodeIgniter\CodeIgniter->handleRequest()
 5 FCPATH/index.php(67): CodeIgniter\CodeIgniter->run()
CRITICAL - 2024-06-21 08:32:29 --> User does not exist for specified user id
in APPPATH/Models/UserModel.php on line 276.
 1 APPPATH/Controllers/Users.php(115): App\Models\UserModel->findUserById()
 2 SYSTEMPATH/CodeIgniter.php(932): App\Controllers\Users->ref_point()
 3 SYSTEMPATH/CodeIgniter.php(497): CodeIgniter\CodeIgniter->runController()
 4 SYSTEMPATH/CodeIgniter.php(366): CodeIgniter\CodeIgniter->handleRequest()
 5 FCPATH/index.php(67): CodeIgniter\CodeIgniter->run()
CRITICAL - 2024-06-21 08:32:39 --> User does not exist for specified user id
in APPPATH/Models/UserModel.php on line 276.
 1 APPPATH/Controllers/Users.php(115): App\Models\UserModel->findUserById()
 2 SYSTEMPATH/CodeIgniter.php(932): App\Controllers\Users->ref_point()
 3 SYSTEMPATH/CodeIgniter.php(497): CodeIgniter\CodeIgniter->runController()
 4 SYSTEMPATH/CodeIgniter.php(366): CodeIgniter\CodeIgniter->handleRequest()
 5 FCPATH/index.php(67): CodeIgniter\CodeIgniter->run()
CRITICAL - 2024-06-21 08:32:49 --> User does not exist for specified user id
in APPPATH/Models/UserModel.php on line 276.
 1 APPPATH/Controllers/Users.php(115): App\Models\UserModel->findUserById()
 2 SYSTEMPATH/CodeIgniter.php(932): App\Controllers\Users->ref_point()
 3 SYSTEMPATH/CodeIgniter.php(497): CodeIgniter\CodeIgniter->runController()
 4 SYSTEMPATH/CodeIgniter.php(366): CodeIgniter\CodeIgniter->handleRequest()
 5 FCPATH/index.php(67): CodeIgniter\CodeIgniter->run()
CRITICAL - 2024-06-21 08:32:59 --> User does not exist for specified user id
in APPPATH/Models/UserModel.php on line 276.
 1 APPPATH/Controllers/Users.php(115): App\Models\UserModel->findUserById()
 2 SYSTEMPATH/CodeIgniter.php(932): App\Controllers\Users->ref_point()
 3 SYSTEMPATH/CodeIgniter.php(497): CodeIgniter\CodeIgniter->runController()
 4 SYSTEMPATH/CodeIgniter.php(366): CodeIgniter\CodeIgniter->handleRequest()
 5 FCPATH/index.php(67): CodeIgniter\CodeIgniter->run()
CRITICAL - 2024-06-21 08:33:09 --> User does not exist for specified user id
in APPPATH/Models/UserModel.php on line 276.
 1 APPPATH/Controllers/Users.php(115): App\Models\UserModel->findUserById()
 2 SYSTEMPATH/CodeIgniter.php(932): App\Controllers\Users->ref_point()
 3 SYSTEMPATH/CodeIgniter.php(497): CodeIgniter\CodeIgniter->runController()
 4 SYSTEMPATH/CodeIgniter.php(366): CodeIgniter\CodeIgniter->handleRequest()
 5 FCPATH/index.php(67): CodeIgniter\CodeIgniter->run()
CRITICAL - 2024-06-21 08:33:19 --> User does not exist for specified user id
in APPPATH/Models/UserModel.php on line 276.
 1 APPPATH/Controllers/Users.php(115): App\Models\UserModel->findUserById()
 2 SYSTEMPATH/CodeIgniter.php(932): App\Controllers\Users->ref_point()
 3 SYSTEMPATH/CodeIgniter.php(497): CodeIgniter\CodeIgniter->runController()
 4 SYSTEMPATH/CodeIgniter.php(366): CodeIgniter\CodeIgniter->handleRequest()
 5 FCPATH/index.php(67): CodeIgniter\CodeIgniter->run()
CRITICAL - 2024-06-21 08:33:29 --> User does not exist for specified user id
in APPPATH/Models/UserModel.php on line 276.
 1 APPPATH/Controllers/Users.php(115): App\Models\UserModel->findUserById()
 2 SYSTEMPATH/CodeIgniter.php(932): App\Controllers\Users->ref_point()
 3 SYSTEMPATH/CodeIgniter.php(497): CodeIgniter\CodeIgniter->runController()
 4 SYSTEMPATH/CodeIgniter.php(366): CodeIgniter\CodeIgniter->handleRequest()
 5 FCPATH/index.php(67): CodeIgniter\CodeIgniter->run()
CRITICAL - 2024-06-21 08:33:39 --> User does not exist for specified user id
in APPPATH/Models/UserModel.php on line 276.
 1 APPPATH/Controllers/Users.php(115): App\Models\UserModel->findUserById()
 2 SYSTEMPATH/CodeIgniter.php(932): App\Controllers\Users->ref_point()
 3 SYSTEMPATH/CodeIgniter.php(497): CodeIgniter\CodeIgniter->runController()
 4 SYSTEMPATH/CodeIgniter.php(366): CodeIgniter\CodeIgniter->handleRequest()
 5 FCPATH/index.php(67): CodeIgniter\CodeIgniter->run()
CRITICAL - 2024-06-21 08:33:49 --> User does not exist for specified user id
in APPPATH/Models/UserModel.php on line 276.
 1 APPPATH/Controllers/Users.php(115): App\Models\UserModel->findUserById()
 2 SYSTEMPATH/CodeIgniter.php(932): App\Controllers\Users->ref_point()
 3 SYSTEMPATH/CodeIgniter.php(497): CodeIgniter\CodeIgniter->runController()
 4 SYSTEMPATH/CodeIgniter.php(366): CodeIgniter\CodeIgniter->handleRequest()
 5 FCPATH/index.php(67): CodeIgniter\CodeIgniter->run()
CRITICAL - 2024-06-21 08:33:59 --> User does not exist for specified user id
in APPPATH/Models/UserModel.php on line 276.
 1 APPPATH/Controllers/Users.php(115): App\Models\UserModel->findUserById()
 2 SYSTEMPATH/CodeIgniter.php(932): App\Controllers\Users->ref_point()
 3 SYSTEMPATH/CodeIgniter.php(497): CodeIgniter\CodeIgniter->runController()
 4 SYSTEMPATH/CodeIgniter.php(366): CodeIgniter\CodeIgniter->handleRequest()
 5 FCPATH/index.php(67): CodeIgniter\CodeIgniter->run()
CRITICAL - 2024-06-21 08:34:09 --> User does not exist for specified user id
in APPPATH/Models/UserModel.php on line 276.
 1 APPPATH/Controllers/Users.php(115): App\Models\UserModel->findUserById()
 2 SYSTEMPATH/CodeIgniter.php(932): App\Controllers\Users->ref_point()
 3 SYSTEMPATH/CodeIgniter.php(497): CodeIgniter\CodeIgniter->runController()
 4 SYSTEMPATH/CodeIgniter.php(366): CodeIgniter\CodeIgniter->handleRequest()
 5 FCPATH/index.php(67): CodeIgniter\CodeIgniter->run()
CRITICAL - 2024-06-21 08:34:19 --> User does not exist for specified user id
in APPPATH/Models/UserModel.php on line 276.
 1 APPPATH/Controllers/Users.php(115): App\Models\UserModel->findUserById()
 2 SYSTEMPATH/CodeIgniter.php(932): App\Controllers\Users->ref_point()
 3 SYSTEMPATH/CodeIgniter.php(497): CodeIgniter\CodeIgniter->runController()
 4 SYSTEMPATH/CodeIgniter.php(366): CodeIgniter\CodeIgniter->handleRequest()
 5 FCPATH/index.php(67): CodeIgniter\CodeIgniter->run()
CRITICAL - 2024-06-21 08:34:29 --> User does not exist for specified user id
in APPPATH/Models/UserModel.php on line 276.
 1 APPPATH/Controllers/Users.php(115): App\Models\UserModel->findUserById()
 2 SYSTEMPATH/CodeIgniter.php(932): App\Controllers\Users->ref_point()
 3 SYSTEMPATH/CodeIgniter.php(497): CodeIgniter\CodeIgniter->runController()
 4 SYSTEMPATH/CodeIgniter.php(366): CodeIgniter\CodeIgniter->handleRequest()
 5 FCPATH/index.php(67): CodeIgniter\CodeIgniter->run()
CRITICAL - 2024-06-21 08:34:39 --> User does not exist for specified user id
in APPPATH/Models/UserModel.php on line 276.
 1 APPPATH/Controllers/Users.php(115): App\Models\UserModel->findUserById()
 2 SYSTEMPATH/CodeIgniter.php(932): App\Controllers\Users->ref_point()
 3 SYSTEMPATH/CodeIgniter.php(497): CodeIgniter\CodeIgniter->runController()
 4 SYSTEMPATH/CodeIgniter.php(366): CodeIgniter\CodeIgniter->handleRequest()
 5 FCPATH/index.php(67): CodeIgniter\CodeIgniter->run()
CRITICAL - 2024-06-21 08:34:49 --> User does not exist for specified user id
in APPPATH/Models/UserModel.php on line 276.
 1 APPPATH/Controllers/Users.php(115): App\Models\UserModel->findUserById()
 2 SYSTEMPATH/CodeIgniter.php(932): App\Controllers\Users->ref_point()
 3 SYSTEMPATH/CodeIgniter.php(497): CodeIgniter\CodeIgniter->runController()
 4 SYSTEMPATH/CodeIgniter.php(366): CodeIgniter\CodeIgniter->handleRequest()
 5 FCPATH/index.php(67): CodeIgniter\CodeIgniter->run()
CRITICAL - 2024-06-21 08:34:59 --> User does not exist for specified user id
in APPPATH/Models/UserModel.php on line 276.
 1 APPPATH/Controllers/Users.php(115): App\Models\UserModel->findUserById()
 2 SYSTEMPATH/CodeIgniter.php(932): App\Controllers\Users->ref_point()
 3 SYSTEMPATH/CodeIgniter.php(497): CodeIgniter\CodeIgniter->runController()
 4 SYSTEMPATH/CodeIgniter.php(366): CodeIgniter\CodeIgniter->handleRequest()
 5 FCPATH/index.php(67): CodeIgniter\CodeIgniter->run()
CRITICAL - 2024-06-21 08:35:09 --> User does not exist for specified user id
in APPPATH/Models/UserModel.php on line 276.
 1 APPPATH/Controllers/Users.php(115): App\Models\UserModel->findUserById()
 2 SYSTEMPATH/CodeIgniter.php(932): App\Controllers\Users->ref_point()
 3 SYSTEMPATH/CodeIgniter.php(497): CodeIgniter\CodeIgniter->runController()
 4 SYSTEMPATH/CodeIgniter.php(366): CodeIgniter\CodeIgniter->handleRequest()
 5 FCPATH/index.php(67): CodeIgniter\CodeIgniter->run()
CRITICAL - 2024-06-21 08:35:19 --> User does not exist for specified user id
in APPPATH/Models/UserModel.php on line 276.
 1 APPPATH/Controllers/Users.php(115): App\Models\UserModel->findUserById()
 2 SYSTEMPATH/CodeIgniter.php(932): App\Controllers\Users->ref_point()
 3 SYSTEMPATH/CodeIgniter.php(497): CodeIgniter\CodeIgniter->runController()
 4 SYSTEMPATH/CodeIgniter.php(366): CodeIgniter\CodeIgniter->handleRequest()
 5 FCPATH/index.php(67): CodeIgniter\CodeIgniter->run()
CRITICAL - 2024-06-21 08:35:29 --> User does not exist for specified user id
in APPPATH/Models/UserModel.php on line 276.
 1 APPPATH/Controllers/Users.php(115): App\Models\UserModel->findUserById()
 2 SYSTEMPATH/CodeIgniter.php(932): App\Controllers\Users->ref_point()
 3 SYSTEMPATH/CodeIgniter.php(497): CodeIgniter\CodeIgniter->runController()
 4 SYSTEMPATH/CodeIgniter.php(366): CodeIgniter\CodeIgniter->handleRequest()
 5 FCPATH/index.php(67): CodeIgniter\CodeIgniter->run()
CRITICAL - 2024-06-21 08:35:39 --> User does not exist for specified user id
in APPPATH/Models/UserModel.php on line 276.
 1 APPPATH/Controllers/Users.php(115): App\Models\UserModel->findUserById()
 2 SYSTEMPATH/CodeIgniter.php(932): App\Controllers\Users->ref_point()
 3 SYSTEMPATH/CodeIgniter.php(497): CodeIgniter\CodeIgniter->runController()
 4 SYSTEMPATH/CodeIgniter.php(366): CodeIgniter\CodeIgniter->handleRequest()
 5 FCPATH/index.php(67): CodeIgniter\CodeIgniter->run()
CRITICAL - 2024-06-21 08:35:49 --> User does not exist for specified user id
in APPPATH/Models/UserModel.php on line 276.
 1 APPPATH/Controllers/Users.php(115): App\Models\UserModel->findUserById()
 2 SYSTEMPATH/CodeIgniter.php(932): App\Controllers\Users->ref_point()
 3 SYSTEMPATH/CodeIgniter.php(497): CodeIgniter\CodeIgniter->runController()
 4 SYSTEMPATH/CodeIgniter.php(366): CodeIgniter\CodeIgniter->handleRequest()
 5 FCPATH/index.php(67): CodeIgniter\CodeIgniter->run()
CRITICAL - 2024-06-21 08:35:59 --> User does not exist for specified user id
in APPPATH/Models/UserModel.php on line 276.
 1 APPPATH/Controllers/Users.php(115): App\Models\UserModel->findUserById()
 2 SYSTEMPATH/CodeIgniter.php(932): App\Controllers\Users->ref_point()
 3 SYSTEMPATH/CodeIgniter.php(497): CodeIgniter\CodeIgniter->runController()
 4 SYSTEMPATH/CodeIgniter.php(366): CodeIgniter\CodeIgniter->handleRequest()
 5 FCPATH/index.php(67): CodeIgniter\CodeIgniter->run()
CRITICAL - 2024-06-21 08:36:09 --> User does not exist for specified user id
in APPPATH/Models/UserModel.php on line 276.
 1 APPPATH/Controllers/Users.php(115): App\Models\UserModel->findUserById()
 2 SYSTEMPATH/CodeIgniter.php(932): App\Controllers\Users->ref_point()
 3 SYSTEMPATH/CodeIgniter.php(497): CodeIgniter\CodeIgniter->runController()
 4 SYSTEMPATH/CodeIgniter.php(366): CodeIgniter\CodeIgniter->handleRequest()
 5 FCPATH/index.php(67): CodeIgniter\CodeIgniter->run()
CRITICAL - 2024-06-21 08:36:19 --> User does not exist for specified user id
in APPPATH/Models/UserModel.php on line 276.
 1 APPPATH/Controllers/Users.php(115): App\Models\UserModel->findUserById()
 2 SYSTEMPATH/CodeIgniter.php(932): App\Controllers\Users->ref_point()
 3 SYSTEMPATH/CodeIgniter.php(497): CodeIgniter\CodeIgniter->runController()
 4 SYSTEMPATH/CodeIgniter.php(366): CodeIgniter\CodeIgniter->handleRequest()
 5 FCPATH/index.php(67): CodeIgniter\CodeIgniter->run()
CRITICAL - 2024-06-21 08:36:29 --> User does not exist for specified user id
in APPPATH/Models/UserModel.php on line 276.
 1 APPPATH/Controllers/Users.php(115): App\Models\UserModel->findUserById()
 2 SYSTEMPATH/CodeIgniter.php(932): App\Controllers\Users->ref_point()
 3 SYSTEMPATH/CodeIgniter.php(497): CodeIgniter\CodeIgniter->runController()
 4 SYSTEMPATH/CodeIgniter.php(366): CodeIgniter\CodeIgniter->handleRequest()
 5 FCPATH/index.php(67): CodeIgniter\CodeIgniter->run()
CRITICAL - 2024-06-21 08:36:39 --> User does not exist for specified user id
in APPPATH/Models/UserModel.php on line 276.
 1 APPPATH/Controllers/Users.php(115): App\Models\UserModel->findUserById()
 2 SYSTEMPATH/CodeIgniter.php(932): App\Controllers\Users->ref_point()
 3 SYSTEMPATH/CodeIgniter.php(497): CodeIgniter\CodeIgniter->runController()
 4 SYSTEMPATH/CodeIgniter.php(366): CodeIgniter\CodeIgniter->handleRequest()
 5 FCPATH/index.php(67): CodeIgniter\CodeIgniter->run()
CRITICAL - 2024-06-21 08:36:49 --> User does not exist for specified user id
in APPPATH/Models/UserModel.php on line 276.
 1 APPPATH/Controllers/Users.php(115): App\Models\UserModel->findUserById()
 2 SYSTEMPATH/CodeIgniter.php(932): App\Controllers\Users->ref_point()
 3 SYSTEMPATH/CodeIgniter.php(497): CodeIgniter\CodeIgniter->runController()
 4 SYSTEMPATH/CodeIgniter.php(366): CodeIgniter\CodeIgniter->handleRequest()
 5 FCPATH/index.php(67): CodeIgniter\CodeIgniter->run()
CRITICAL - 2024-06-21 08:36:59 --> User does not exist for specified user id
in APPPATH/Models/UserModel.php on line 276.
 1 APPPATH/Controllers/Users.php(115): App\Models\UserModel->findUserById()
 2 SYSTEMPATH/CodeIgniter.php(932): App\Controllers\Users->ref_point()
 3 SYSTEMPATH/CodeIgniter.php(497): CodeIgniter\CodeIgniter->runController()
 4 SYSTEMPATH/CodeIgniter.php(366): CodeIgniter\CodeIgniter->handleRequest()
 5 FCPATH/index.php(67): CodeIgniter\CodeIgniter->run()
CRITICAL - 2024-06-21 08:37:09 --> User does not exist for specified user id
in APPPATH/Models/UserModel.php on line 276.
 1 APPPATH/Controllers/Users.php(115): App\Models\UserModel->findUserById()
 2 SYSTEMPATH/CodeIgniter.php(932): App\Controllers\Users->ref_point()
 3 SYSTEMPATH/CodeIgniter.php(497): CodeIgniter\CodeIgniter->runController()
 4 SYSTEMPATH/CodeIgniter.php(366): CodeIgniter\CodeIgniter->handleRequest()
 5 FCPATH/index.php(67): CodeIgniter\CodeIgniter->run()
CRITICAL - 2024-06-21 08:37:19 --> User does not exist for specified user id
in APPPATH/Models/UserModel.php on line 276.
 1 APPPATH/Controllers/Users.php(115): App\Models\UserModel->findUserById()
 2 SYSTEMPATH/CodeIgniter.php(932): App\Controllers\Users->ref_point()
 3 SYSTEMPATH/CodeIgniter.php(497): CodeIgniter\CodeIgniter->runController()
 4 SYSTEMPATH/CodeIgniter.php(366): CodeIgniter\CodeIgniter->handleRequest()
 5 FCPATH/index.php(67): CodeIgniter\CodeIgniter->run()
CRITICAL - 2024-06-21 08:37:29 --> User does not exist for specified user id
in APPPATH/Models/UserModel.php on line 276.
 1 APPPATH/Controllers/Users.php(115): App\Models\UserModel->findUserById()
 2 SYSTEMPATH/CodeIgniter.php(932): App\Controllers\Users->ref_point()
 3 SYSTEMPATH/CodeIgniter.php(497): CodeIgniter\CodeIgniter->runController()
 4 SYSTEMPATH/CodeIgniter.php(366): CodeIgniter\CodeIgniter->handleRequest()
 5 FCPATH/index.php(67): CodeIgniter\CodeIgniter->run()
CRITICAL - 2024-06-21 08:37:39 --> User does not exist for specified user id
in APPPATH/Models/UserModel.php on line 276.
 1 APPPATH/Controllers/Users.php(115): App\Models\UserModel->findUserById()
 2 SYSTEMPATH/CodeIgniter.php(932): App\Controllers\Users->ref_point()
 3 SYSTEMPATH/CodeIgniter.php(497): CodeIgniter\CodeIgniter->runController()
 4 SYSTEMPATH/CodeIgniter.php(366): CodeIgniter\CodeIgniter->handleRequest()
 5 FCPATH/index.php(67): CodeIgniter\CodeIgniter->run()
CRITICAL - 2024-06-21 08:37:49 --> User does not exist for specified user id
in APPPATH/Models/UserModel.php on line 276.
 1 APPPATH/Controllers/Users.php(115): App\Models\UserModel->findUserById()
 2 SYSTEMPATH/CodeIgniter.php(932): App\Controllers\Users->ref_point()
 3 SYSTEMPATH/CodeIgniter.php(497): CodeIgniter\CodeIgniter->runController()
 4 SYSTEMPATH/CodeIgniter.php(366): CodeIgniter\CodeIgniter->handleRequest()
 5 FCPATH/index.php(67): CodeIgniter\CodeIgniter->run()
CRITICAL - 2024-06-21 08:37:59 --> User does not exist for specified user id
in APPPATH/Models/UserModel.php on line 276.
 1 APPPATH/Controllers/Users.php(115): App\Models\UserModel->findUserById()
 2 SYSTEMPATH/CodeIgniter.php(932): App\Controllers\Users->ref_point()
 3 SYSTEMPATH/CodeIgniter.php(497): CodeIgniter\CodeIgniter->runController()
 4 SYSTEMPATH/CodeIgniter.php(366): CodeIgniter\CodeIgniter->handleRequest()
 5 FCPATH/index.php(67): CodeIgniter\CodeIgniter->run()
CRITICAL - 2024-06-21 08:38:09 --> User does not exist for specified user id
in APPPATH/Models/UserModel.php on line 276.
 1 APPPATH/Controllers/Users.php(115): App\Models\UserModel->findUserById()
 2 SYSTEMPATH/CodeIgniter.php(932): App\Controllers\Users->ref_point()
 3 SYSTEMPATH/CodeIgniter.php(497): CodeIgniter\CodeIgniter->runController()
 4 SYSTEMPATH/CodeIgniter.php(366): CodeIgniter\CodeIgniter->handleRequest()
 5 FCPATH/index.php(67): CodeIgniter\CodeIgniter->run()
CRITICAL - 2024-06-21 08:38:19 --> User does not exist for specified user id
in APPPATH/Models/UserModel.php on line 276.
 1 APPPATH/Controllers/Users.php(115): App\Models\UserModel->findUserById()
 2 SYSTEMPATH/CodeIgniter.php(932): App\Controllers\Users->ref_point()
 3 SYSTEMPATH/CodeIgniter.php(497): CodeIgniter\CodeIgniter->runController()
 4 SYSTEMPATH/CodeIgniter.php(366): CodeIgniter\CodeIgniter->handleRequest()
 5 FCPATH/index.php(67): CodeIgniter\CodeIgniter->run()
CRITICAL - 2024-06-21 08:38:29 --> User does not exist for specified user id
in APPPATH/Models/UserModel.php on line 276.
 1 APPPATH/Controllers/Users.php(115): App\Models\UserModel->findUserById()
 2 SYSTEMPATH/CodeIgniter.php(932): App\Controllers\Users->ref_point()
 3 SYSTEMPATH/CodeIgniter.php(497): CodeIgniter\CodeIgniter->runController()
 4 SYSTEMPATH/CodeIgniter.php(366): CodeIgniter\CodeIgniter->handleRequest()
 5 FCPATH/index.php(67): CodeIgniter\CodeIgniter->run()
CRITICAL - 2024-06-21 08:38:39 --> User does not exist for specified user id
in APPPATH/Models/UserModel.php on line 276.
 1 APPPATH/Controllers/Users.php(115): App\Models\UserModel->findUserById()
 2 SYSTEMPATH/CodeIgniter.php(932): App\Controllers\Users->ref_point()
 3 SYSTEMPATH/CodeIgniter.php(497): CodeIgniter\CodeIgniter->runController()
 4 SYSTEMPATH/CodeIgniter.php(366): CodeIgniter\CodeIgniter->handleRequest()
 5 FCPATH/index.php(67): CodeIgniter\CodeIgniter->run()
CRITICAL - 2024-06-21 08:38:49 --> User does not exist for specified user id
in APPPATH/Models/UserModel.php on line 276.
 1 APPPATH/Controllers/Users.php(115): App\Models\UserModel->findUserById()
 2 SYSTEMPATH/CodeIgniter.php(932): App\Controllers\Users->ref_point()
 3 SYSTEMPATH/CodeIgniter.php(497): CodeIgniter\CodeIgniter->runController()
 4 SYSTEMPATH/CodeIgniter.php(366): CodeIgniter\CodeIgniter->handleRequest()
 5 FCPATH/index.php(67): CodeIgniter\CodeIgniter->run()
CRITICAL - 2024-06-21 08:38:59 --> User does not exist for specified user id
in APPPATH/Models/UserModel.php on line 276.
 1 APPPATH/Controllers/Users.php(115): App\Models\UserModel->findUserById()
 2 SYSTEMPATH/CodeIgniter.php(932): App\Controllers\Users->ref_point()
 3 SYSTEMPATH/CodeIgniter.php(497): CodeIgniter\CodeIgniter->runController()
 4 SYSTEMPATH/CodeIgniter.php(366): CodeIgniter\CodeIgniter->handleRequest()
 5 FCPATH/index.php(67): CodeIgniter\CodeIgniter->run()
CRITICAL - 2024-06-21 08:39:09 --> User does not exist for specified user id
in APPPATH/Models/UserModel.php on line 276.
 1 APPPATH/Controllers/Users.php(115): App\Models\UserModel->findUserById()
 2 SYSTEMPATH/CodeIgniter.php(932): App\Controllers\Users->ref_point()
 3 SYSTEMPATH/CodeIgniter.php(497): CodeIgniter\CodeIgniter->runController()
 4 SYSTEMPATH/CodeIgniter.php(366): CodeIgniter\CodeIgniter->handleRequest()
 5 FCPATH/index.php(67): CodeIgniter\CodeIgniter->run()
CRITICAL - 2024-06-21 08:39:19 --> User does not exist for specified user id
in APPPATH/Models/UserModel.php on line 276.
 1 APPPATH/Controllers/Users.php(115): App\Models\UserModel->findUserById()
 2 SYSTEMPATH/CodeIgniter.php(932): App\Controllers\Users->ref_point()
 3 SYSTEMPATH/CodeIgniter.php(497): CodeIgniter\CodeIgniter->runController()
 4 SYSTEMPATH/CodeIgniter.php(366): CodeIgniter\CodeIgniter->handleRequest()
 5 FCPATH/index.php(67): CodeIgniter\CodeIgniter->run()
CRITICAL - 2024-06-21 08:39:29 --> User does not exist for specified user id
in APPPATH/Models/UserModel.php on line 276.
 1 APPPATH/Controllers/Users.php(115): App\Models\UserModel->findUserById()
 2 SYSTEMPATH/CodeIgniter.php(932): App\Controllers\Users->ref_point()
 3 SYSTEMPATH/CodeIgniter.php(497): CodeIgniter\CodeIgniter->runController()
 4 SYSTEMPATH/CodeIgniter.php(366): CodeIgniter\CodeIgniter->handleRequest()
 5 FCPATH/index.php(67): CodeIgniter\CodeIgniter->run()
CRITICAL - 2024-06-21 08:39:39 --> User does not exist for specified user id
in APPPATH/Models/UserModel.php on line 276.
 1 APPPATH/Controllers/Users.php(115): App\Models\UserModel->findUserById()
 2 SYSTEMPATH/CodeIgniter.php(932): App\Controllers\Users->ref_point()
 3 SYSTEMPATH/CodeIgniter.php(497): CodeIgniter\CodeIgniter->runController()
 4 SYSTEMPATH/CodeIgniter.php(366): CodeIgniter\CodeIgniter->handleRequest()
 5 FCPATH/index.php(67): CodeIgniter\CodeIgniter->run()
CRITICAL - 2024-06-21 08:39:49 --> User does not exist for specified user id
in APPPATH/Models/UserModel.php on line 276.
 1 APPPATH/Controllers/Users.php(115): App\Models\UserModel->findUserById()
 2 SYSTEMPATH/CodeIgniter.php(932): App\Controllers\Users->ref_point()
 3 SYSTEMPATH/CodeIgniter.php(497): CodeIgniter\CodeIgniter->runController()
 4 SYSTEMPATH/CodeIgniter.php(366): CodeIgniter\CodeIgniter->handleRequest()
 5 FCPATH/index.php(67): CodeIgniter\CodeIgniter->run()
CRITICAL - 2024-06-21 08:39:59 --> User does not exist for specified user id
in APPPATH/Models/UserModel.php on line 276.
 1 APPPATH/Controllers/Users.php(115): App\Models\UserModel->findUserById()
 2 SYSTEMPATH/CodeIgniter.php(932): App\Controllers\Users->ref_point()
 3 SYSTEMPATH/CodeIgniter.php(497): CodeIgniter\CodeIgniter->runController()
 4 SYSTEMPATH/CodeIgniter.php(366): CodeIgniter\CodeIgniter->handleRequest()
 5 FCPATH/index.php(67): CodeIgniter\CodeIgniter->run()
CRITICAL - 2024-06-21 08:40:09 --> User does not exist for specified user id
in APPPATH/Models/UserModel.php on line 276.
 1 APPPATH/Controllers/Users.php(115): App\Models\UserModel->findUserById()
 2 SYSTEMPATH/CodeIgniter.php(932): App\Controllers\Users->ref_point()
 3 SYSTEMPATH/CodeIgniter.php(497): CodeIgniter\CodeIgniter->runController()
 4 SYSTEMPATH/CodeIgniter.php(366): CodeIgniter\CodeIgniter->handleRequest()
 5 FCPATH/index.php(67): CodeIgniter\CodeIgniter->run()
CRITICAL - 2024-06-21 08:40:19 --> User does not exist for specified user id
in APPPATH/Models/UserModel.php on line 276.
 1 APPPATH/Controllers/Users.php(115): App\Models\UserModel->findUserById()
 2 SYSTEMPATH/CodeIgniter.php(932): App\Controllers\Users->ref_point()
 3 SYSTEMPATH/CodeIgniter.php(497): CodeIgniter\CodeIgniter->runController()
 4 SYSTEMPATH/CodeIgniter.php(366): CodeIgniter\CodeIgniter->handleRequest()
 5 FCPATH/index.php(67): CodeIgniter\CodeIgniter->run()
CRITICAL - 2024-06-21 08:40:29 --> User does not exist for specified user id
in APPPATH/Models/UserModel.php on line 276.
 1 APPPATH/Controllers/Users.php(115): App\Models\UserModel->findUserById()
 2 SYSTEMPATH/CodeIgniter.php(932): App\Controllers\Users->ref_point()
 3 SYSTEMPATH/CodeIgniter.php(497): CodeIgniter\CodeIgniter->runController()
 4 SYSTEMPATH/CodeIgniter.php(366): CodeIgniter\CodeIgniter->handleRequest()
 5 FCPATH/index.php(67): CodeIgniter\CodeIgniter->run()
CRITICAL - 2024-06-21 08:40:39 --> User does not exist for specified user id
in APPPATH/Models/UserModel.php on line 276.
 1 APPPATH/Controllers/Users.php(115): App\Models\UserModel->findUserById()
 2 SYSTEMPATH/CodeIgniter.php(932): App\Controllers\Users->ref_point()
 3 SYSTEMPATH/CodeIgniter.php(497): CodeIgniter\CodeIgniter->runController()
 4 SYSTEMPATH/CodeIgniter.php(366): CodeIgniter\CodeIgniter->handleRequest()
 5 FCPATH/index.php(67): CodeIgniter\CodeIgniter->run()
CRITICAL - 2024-06-21 08:40:49 --> User does not exist for specified user id
in APPPATH/Models/UserModel.php on line 276.
 1 APPPATH/Controllers/Users.php(115): App\Models\UserModel->findUserById()
 2 SYSTEMPATH/CodeIgniter.php(932): App\Controllers\Users->ref_point()
 3 SYSTEMPATH/CodeIgniter.php(497): CodeIgniter\CodeIgniter->runController()
 4 SYSTEMPATH/CodeIgniter.php(366): CodeIgniter\CodeIgniter->handleRequest()
 5 FCPATH/index.php(67): CodeIgniter\CodeIgniter->run()
CRITICAL - 2024-06-21 08:40:59 --> User does not exist for specified user id
in APPPATH/Models/UserModel.php on line 276.
 1 APPPATH/Controllers/Users.php(115): App\Models\UserModel->findUserById()
 2 SYSTEMPATH/CodeIgniter.php(932): App\Controllers\Users->ref_point()
 3 SYSTEMPATH/CodeIgniter.php(497): CodeIgniter\CodeIgniter->runController()
 4 SYSTEMPATH/CodeIgniter.php(366): CodeIgniter\CodeIgniter->handleRequest()
 5 FCPATH/index.php(67): CodeIgniter\CodeIgniter->run()
CRITICAL - 2024-06-21 08:41:09 --> User does not exist for specified user id
in APPPATH/Models/UserModel.php on line 276.
 1 APPPATH/Controllers/Users.php(115): App\Models\UserModel->findUserById()
 2 SYSTEMPATH/CodeIgniter.php(932): App\Controllers\Users->ref_point()
 3 SYSTEMPATH/CodeIgniter.php(497): CodeIgniter\CodeIgniter->runController()
 4 SYSTEMPATH/CodeIgniter.php(366): CodeIgniter\CodeIgniter->handleRequest()
 5 FCPATH/index.php(67): CodeIgniter\CodeIgniter->run()
CRITICAL - 2024-06-21 08:41:19 --> User does not exist for specified user id
in APPPATH/Models/UserModel.php on line 276.
 1 APPPATH/Controllers/Users.php(115): App\Models\UserModel->findUserById()
 2 SYSTEMPATH/CodeIgniter.php(932): App\Controllers\Users->ref_point()
 3 SYSTEMPATH/CodeIgniter.php(497): CodeIgniter\CodeIgniter->runController()
 4 SYSTEMPATH/CodeIgniter.php(366): CodeIgniter\CodeIgniter->handleRequest()
 5 FCPATH/index.php(67): CodeIgniter\CodeIgniter->run()
CRITICAL - 2024-06-21 08:41:29 --> User does not exist for specified user id
in APPPATH/Models/UserModel.php on line 276.
 1 APPPATH/Controllers/Users.php(115): App\Models\UserModel->findUserById()
 2 SYSTEMPATH/CodeIgniter.php(932): App\Controllers\Users->ref_point()
 3 SYSTEMPATH/CodeIgniter.php(497): CodeIgniter\CodeIgniter->runController()
 4 SYSTEMPATH/CodeIgniter.php(366): CodeIgniter\CodeIgniter->handleRequest()
 5 FCPATH/index.php(67): CodeIgniter\CodeIgniter->run()
CRITICAL - 2024-06-21 08:41:39 --> User does not exist for specified user id
in APPPATH/Models/UserModel.php on line 276.
 1 APPPATH/Controllers/Users.php(115): App\Models\UserModel->findUserById()
 2 SYSTEMPATH/CodeIgniter.php(932): App\Controllers\Users->ref_point()
 3 SYSTEMPATH/CodeIgniter.php(497): CodeIgniter\CodeIgniter->runController()
 4 SYSTEMPATH/CodeIgniter.php(366): CodeIgniter\CodeIgniter->handleRequest()
 5 FCPATH/index.php(67): CodeIgniter\CodeIgniter->run()
CRITICAL - 2024-06-21 08:41:44 --> User does not exist for specified user id
in APPPATH/Models/UserModel.php on line 276.
 1 APPPATH/Controllers/Users.php(41): App\Models\UserModel->findUserById()
 2 SYSTEMPATH/CodeIgniter.php(932): App\Controllers\Users->get_user()
 3 SYSTEMPATH/CodeIgniter.php(497): CodeIgniter\CodeIgniter->runController()
 4 SYSTEMPATH/CodeIgniter.php(366): CodeIgniter\CodeIgniter->handleRequest()
 5 FCPATH/index.php(67): CodeIgniter\CodeIgniter->run()
CRITICAL - 2024-06-21 08:41:44 --> User does not exist for specified user id
in APPPATH/Models/UserModel.php on line 276.
 1 APPPATH/Controllers/Users.php(41): App\Models\UserModel->findUserById()
 2 SYSTEMPATH/CodeIgniter.php(932): App\Controllers\Users->get_user()
 3 SYSTEMPATH/CodeIgniter.php(497): CodeIgniter\CodeIgniter->runController()
 4 SYSTEMPATH/CodeIgniter.php(366): CodeIgniter\CodeIgniter->handleRequest()
 5 FCPATH/index.php(67): CodeIgniter\CodeIgniter->run()
CRITICAL - 2024-06-21 08:41:48 --> User does not exist for specified user id
in APPPATH/Models/UserModel.php on line 276.
 1 APPPATH/Controllers/Users.php(41): App\Models\UserModel->findUserById()
 2 SYSTEMPATH/CodeIgniter.php(932): App\Controllers\Users->get_user()
 3 SYSTEMPATH/CodeIgniter.php(497): CodeIgniter\CodeIgniter->runController()
 4 SYSTEMPATH/CodeIgniter.php(366): CodeIgniter\CodeIgniter->handleRequest()
 5 FCPATH/index.php(67): CodeIgniter\CodeIgniter->run()
CRITICAL - 2024-06-21 08:41:49 --> User does not exist for specified user id
in APPPATH/Models/UserModel.php on line 276.
 1 APPPATH/Controllers/Users.php(41): App\Models\UserModel->findUserById()
 2 SYSTEMPATH/CodeIgniter.php(932): App\Controllers\Users->get_user()
 3 SYSTEMPATH/CodeIgniter.php(497): CodeIgniter\CodeIgniter->runController()
 4 SYSTEMPATH/CodeIgniter.php(366): CodeIgniter\CodeIgniter->handleRequest()
 5 FCPATH/index.php(67): CodeIgniter\CodeIgniter->run()
CRITICAL - 2024-06-21 08:41:49 --> User does not exist for specified user id
in APPPATH/Models/UserModel.php on line 276.
 1 APPPATH/Controllers/Users.php(115): App\Models\UserModel->findUserById()
 2 SYSTEMPATH/CodeIgniter.php(932): App\Controllers\Users->ref_point()
 3 SYSTEMPATH/CodeIgniter.php(497): CodeIgniter\CodeIgniter->runController()
 4 SYSTEMPATH/CodeIgniter.php(366): CodeIgniter\CodeIgniter->handleRequest()
 5 FCPATH/index.php(67): CodeIgniter\CodeIgniter->run()
CRITICAL - 2024-06-21 08:41:59 --> User does not exist for specified user id
in APPPATH/Models/UserModel.php on line 276.
 1 APPPATH/Controllers/Users.php(115): App\Models\UserModel->findUserById()
 2 SYSTEMPATH/CodeIgniter.php(932): App\Controllers\Users->ref_point()
 3 SYSTEMPATH/CodeIgniter.php(497): CodeIgniter\CodeIgniter->runController()
 4 SYSTEMPATH/CodeIgniter.php(366): CodeIgniter\CodeIgniter->handleRequest()
 5 FCPATH/index.php(67): CodeIgniter\CodeIgniter->run()
CRITICAL - 2024-06-21 08:42:09 --> User does not exist for specified user id
in APPPATH/Models/UserModel.php on line 276.
 1 APPPATH/Controllers/Users.php(115): App\Models\UserModel->findUserById()
 2 SYSTEMPATH/CodeIgniter.php(932): App\Controllers\Users->ref_point()
 3 SYSTEMPATH/CodeIgniter.php(497): CodeIgniter\CodeIgniter->runController()
 4 SYSTEMPATH/CodeIgniter.php(366): CodeIgniter\CodeIgniter->handleRequest()
 5 FCPATH/index.php(67): CodeIgniter\CodeIgniter->run()
CRITICAL - 2024-06-21 08:42:19 --> User does not exist for specified user id
in APPPATH/Models/UserModel.php on line 276.
 1 APPPATH/Controllers/Users.php(115): App\Models\UserModel->findUserById()
 2 SYSTEMPATH/CodeIgniter.php(932): App\Controllers\Users->ref_point()
 3 SYSTEMPATH/CodeIgniter.php(497): CodeIgniter\CodeIgniter->runController()
 4 SYSTEMPATH/CodeIgniter.php(366): CodeIgniter\CodeIgniter->handleRequest()
 5 FCPATH/index.php(67): CodeIgniter\CodeIgniter->run()
CRITICAL - 2024-06-21 08:42:29 --> User does not exist for specified user id
in APPPATH/Models/UserModel.php on line 276.
 1 APPPATH/Controllers/Users.php(115): App\Models\UserModel->findUserById()
 2 SYSTEMPATH/CodeIgniter.php(932): App\Controllers\Users->ref_point()
 3 SYSTEMPATH/CodeIgniter.php(497): CodeIgniter\CodeIgniter->runController()
 4 SYSTEMPATH/CodeIgniter.php(366): CodeIgniter\CodeIgniter->handleRequest()
 5 FCPATH/index.php(67): CodeIgniter\CodeIgniter->run()
CRITICAL - 2024-06-21 08:42:39 --> User does not exist for specified user id
in APPPATH/Models/UserModel.php on line 276.
 1 APPPATH/Controllers/Users.php(115): App\Models\UserModel->findUserById()
 2 SYSTEMPATH/CodeIgniter.php(932): App\Controllers\Users->ref_point()
 3 SYSTEMPATH/CodeIgniter.php(497): CodeIgniter\CodeIgniter->runController()
 4 SYSTEMPATH/CodeIgniter.php(366): CodeIgniter\CodeIgniter->handleRequest()
 5 FCPATH/index.php(67): CodeIgniter\CodeIgniter->run()
CRITICAL - 2024-06-21 08:42:49 --> User does not exist for specified user id
in APPPATH/Models/UserModel.php on line 276.
 1 APPPATH/Controllers/Users.php(115): App\Models\UserModel->findUserById()
 2 SYSTEMPATH/CodeIgniter.php(932): App\Controllers\Users->ref_point()
 3 SYSTEMPATH/CodeIgniter.php(497): CodeIgniter\CodeIgniter->runController()
 4 SYSTEMPATH/CodeIgniter.php(366): CodeIgniter\CodeIgniter->handleRequest()
 5 FCPATH/index.php(67): CodeIgniter\CodeIgniter->run()
CRITICAL - 2024-06-21 08:42:59 --> User does not exist for specified user id
in APPPATH/Models/UserModel.php on line 276.
 1 APPPATH/Controllers/Users.php(115): App\Models\UserModel->findUserById()
 2 SYSTEMPATH/CodeIgniter.php(932): App\Controllers\Users->ref_point()
 3 SYSTEMPATH/CodeIgniter.php(497): CodeIgniter\CodeIgniter->runController()
 4 SYSTEMPATH/CodeIgniter.php(366): CodeIgniter\CodeIgniter->handleRequest()
 5 FCPATH/index.php(67): CodeIgniter\CodeIgniter->run()
CRITICAL - 2024-06-21 08:43:09 --> User does not exist for specified user id
in APPPATH/Models/UserModel.php on line 276.
 1 APPPATH/Controllers/Users.php(115): App\Models\UserModel->findUserById()
 2 SYSTEMPATH/CodeIgniter.php(932): App\Controllers\Users->ref_point()
 3 SYSTEMPATH/CodeIgniter.php(497): CodeIgniter\CodeIgniter->runController()
 4 SYSTEMPATH/CodeIgniter.php(366): CodeIgniter\CodeIgniter->handleRequest()
 5 FCPATH/index.php(67): CodeIgniter\CodeIgniter->run()
CRITICAL - 2024-06-21 08:43:19 --> User does not exist for specified user id
in APPPATH/Models/UserModel.php on line 276.
 1 APPPATH/Controllers/Users.php(115): App\Models\UserModel->findUserById()
 2 SYSTEMPATH/CodeIgniter.php(932): App\Controllers\Users->ref_point()
 3 SYSTEMPATH/CodeIgniter.php(497): CodeIgniter\CodeIgniter->runController()
 4 SYSTEMPATH/CodeIgniter.php(366): CodeIgniter\CodeIgniter->handleRequest()
 5 FCPATH/index.php(67): CodeIgniter\CodeIgniter->run()
CRITICAL - 2024-06-21 08:43:23 --> User does not exist for specified user id
in APPPATH/Models/UserModel.php on line 276.
 1 APPPATH/Controllers/Users.php(41): App\Models\UserModel->findUserById()
 2 SYSTEMPATH/CodeIgniter.php(932): App\Controllers\Users->get_user()
 3 SYSTEMPATH/CodeIgniter.php(497): CodeIgniter\CodeIgniter->runController()
 4 SYSTEMPATH/CodeIgniter.php(366): CodeIgniter\CodeIgniter->handleRequest()
 5 FCPATH/index.php(67): CodeIgniter\CodeIgniter->run()
CRITICAL - 2024-06-21 08:43:24 --> User does not exist for specified user id
in APPPATH/Models/UserModel.php on line 276.
 1 APPPATH/Controllers/Users.php(41): App\Models\UserModel->findUserById()
 2 SYSTEMPATH/CodeIgniter.php(932): App\Controllers\Users->get_user()
 3 SYSTEMPATH/CodeIgniter.php(497): CodeIgniter\CodeIgniter->runController()
 4 SYSTEMPATH/CodeIgniter.php(366): CodeIgniter\CodeIgniter->handleRequest()
 5 FCPATH/index.php(67): CodeIgniter\CodeIgniter->run()
CRITICAL - 2024-06-21 08:43:28 --> User does not exist for specified user id
in APPPATH/Models/UserModel.php on line 276.
 1 APPPATH/Controllers/Users.php(41): App\Models\UserModel->findUserById()
 2 SYSTEMPATH/CodeIgniter.php(932): App\Controllers\Users->get_user()
 3 SYSTEMPATH/CodeIgniter.php(497): CodeIgniter\CodeIgniter->runController()
 4 SYSTEMPATH/CodeIgniter.php(366): CodeIgniter\CodeIgniter->handleRequest()
 5 FCPATH/index.php(67): CodeIgniter\CodeIgniter->run()
CRITICAL - 2024-06-21 08:43:29 --> User does not exist for specified user id
in APPPATH/Models/UserModel.php on line 276.
 1 APPPATH/Controllers/Users.php(41): App\Models\UserModel->findUserById()
 2 SYSTEMPATH/CodeIgniter.php(932): App\Controllers\Users->get_user()
 3 SYSTEMPATH/CodeIgniter.php(497): CodeIgniter\CodeIgniter->runController()
 4 SYSTEMPATH/CodeIgniter.php(366): CodeIgniter\CodeIgniter->handleRequest()
 5 FCPATH/index.php(67): CodeIgniter\CodeIgniter->run()
CRITICAL - 2024-06-21 08:43:29 --> User does not exist for specified user id
in APPPATH/Models/UserModel.php on line 276.
 1 APPPATH/Controllers/Users.php(115): App\Models\UserModel->findUserById()
 2 SYSTEMPATH/CodeIgniter.php(932): App\Controllers\Users->ref_point()
 3 SYSTEMPATH/CodeIgniter.php(497): CodeIgniter\CodeIgniter->runController()
 4 SYSTEMPATH/CodeIgniter.php(366): CodeIgniter\CodeIgniter->handleRequest()
 5 FCPATH/index.php(67): CodeIgniter\CodeIgniter->run()
CRITICAL - 2024-06-21 08:43:39 --> User does not exist for specified user id
in APPPATH/Models/UserModel.php on line 276.
 1 APPPATH/Controllers/Users.php(115): App\Models\UserModel->findUserById()
 2 SYSTEMPATH/CodeIgniter.php(932): App\Controllers\Users->ref_point()
 3 SYSTEMPATH/CodeIgniter.php(497): CodeIgniter\CodeIgniter->runController()
 4 SYSTEMPATH/CodeIgniter.php(366): CodeIgniter\CodeIgniter->handleRequest()
 5 FCPATH/index.php(67): CodeIgniter\CodeIgniter->run()
CRITICAL - 2024-06-21 08:43:49 --> User does not exist for specified user id
in APPPATH/Models/UserModel.php on line 276.
 1 APPPATH/Controllers/Users.php(115): App\Models\UserModel->findUserById()
 2 SYSTEMPATH/CodeIgniter.php(932): App\Controllers\Users->ref_point()
 3 SYSTEMPATH/CodeIgniter.php(497): CodeIgniter\CodeIgniter->runController()
 4 SYSTEMPATH/CodeIgniter.php(366): CodeIgniter\CodeIgniter->handleRequest()
 5 FCPATH/index.php(67): CodeIgniter\CodeIgniter->run()
CRITICAL - 2024-06-21 08:43:59 --> User does not exist for specified user id
in APPPATH/Models/UserModel.php on line 276.
 1 APPPATH/Controllers/Users.php(115): App\Models\UserModel->findUserById()
 2 SYSTEMPATH/CodeIgniter.php(932): App\Controllers\Users->ref_point()
 3 SYSTEMPATH/CodeIgniter.php(497): CodeIgniter\CodeIgniter->runController()
 4 SYSTEMPATH/CodeIgniter.php(366): CodeIgniter\CodeIgniter->handleRequest()
 5 FCPATH/index.php(67): CodeIgniter\CodeIgniter->run()
CRITICAL - 2024-06-21 08:44:09 --> User does not exist for specified user id
in APPPATH/Models/UserModel.php on line 276.
 1 APPPATH/Controllers/Users.php(115): App\Models\UserModel->findUserById()
 2 SYSTEMPATH/CodeIgniter.php(932): App\Controllers\Users->ref_point()
 3 SYSTEMPATH/CodeIgniter.php(497): CodeIgniter\CodeIgniter->runController()
 4 SYSTEMPATH/CodeIgniter.php(366): CodeIgniter\CodeIgniter->handleRequest()
 5 FCPATH/index.php(67): CodeIgniter\CodeIgniter->run()
CRITICAL - 2024-06-21 08:44:19 --> User does not exist for specified user id
in APPPATH/Models/UserModel.php on line 276.
 1 APPPATH/Controllers/Users.php(115): App\Models\UserModel->findUserById()
 2 SYSTEMPATH/CodeIgniter.php(932): App\Controllers\Users->ref_point()
 3 SYSTEMPATH/CodeIgniter.php(497): CodeIgniter\CodeIgniter->runController()
 4 SYSTEMPATH/CodeIgniter.php(366): CodeIgniter\CodeIgniter->handleRequest()
 5 FCPATH/index.php(67): CodeIgniter\CodeIgniter->run()
CRITICAL - 2024-06-21 08:44:29 --> User does not exist for specified user id
in APPPATH/Models/UserModel.php on line 276.
 1 APPPATH/Controllers/Users.php(115): App\Models\UserModel->findUserById()
 2 SYSTEMPATH/CodeIgniter.php(932): App\Controllers\Users->ref_point()
 3 SYSTEMPATH/CodeIgniter.php(497): CodeIgniter\CodeIgniter->runController()
 4 SYSTEMPATH/CodeIgniter.php(366): CodeIgniter\CodeIgniter->handleRequest()
 5 FCPATH/index.php(67): CodeIgniter\CodeIgniter->run()
CRITICAL - 2024-06-21 08:44:39 --> User does not exist for specified user id
in APPPATH/Models/UserModel.php on line 276.
 1 APPPATH/Controllers/Users.php(115): App\Models\UserModel->findUserById()
 2 SYSTEMPATH/CodeIgniter.php(932): App\Controllers\Users->ref_point()
 3 SYSTEMPATH/CodeIgniter.php(497): CodeIgniter\CodeIgniter->runController()
 4 SYSTEMPATH/CodeIgniter.php(366): CodeIgniter\CodeIgniter->handleRequest()
 5 FCPATH/index.php(67): CodeIgniter\CodeIgniter->run()
CRITICAL - 2024-06-21 08:44:49 --> User does not exist for specified user id
in APPPATH/Models/UserModel.php on line 276.
 1 APPPATH/Controllers/Users.php(115): App\Models\UserModel->findUserById()
 2 SYSTEMPATH/CodeIgniter.php(932): App\Controllers\Users->ref_point()
 3 SYSTEMPATH/CodeIgniter.php(497): CodeIgniter\CodeIgniter->runController()
 4 SYSTEMPATH/CodeIgniter.php(366): CodeIgniter\CodeIgniter->handleRequest()
 5 FCPATH/index.php(67): CodeIgniter\CodeIgniter->run()
CRITICAL - 2024-06-21 08:44:59 --> User does not exist for specified user id
in APPPATH/Models/UserModel.php on line 276.
 1 APPPATH/Controllers/Users.php(115): App\Models\UserModel->findUserById()
 2 SYSTEMPATH/CodeIgniter.php(932): App\Controllers\Users->ref_point()
 3 SYSTEMPATH/CodeIgniter.php(497): CodeIgniter\CodeIgniter->runController()
 4 SYSTEMPATH/CodeIgniter.php(366): CodeIgniter\CodeIgniter->handleRequest()
 5 FCPATH/index.php(67): CodeIgniter\CodeIgniter->run()
CRITICAL - 2024-06-21 08:45:09 --> User does not exist for specified user id
in APPPATH/Models/UserModel.php on line 276.
 1 APPPATH/Controllers/Users.php(115): App\Models\UserModel->findUserById()
 2 SYSTEMPATH/CodeIgniter.php(932): App\Controllers\Users->ref_point()
 3 SYSTEMPATH/CodeIgniter.php(497): CodeIgniter\CodeIgniter->runController()
 4 SYSTEMPATH/CodeIgniter.php(366): CodeIgniter\CodeIgniter->handleRequest()
 5 FCPATH/index.php(67): CodeIgniter\CodeIgniter->run()
CRITICAL - 2024-06-21 08:45:19 --> User does not exist for specified user id
in APPPATH/Models/UserModel.php on line 276.
 1 APPPATH/Controllers/Users.php(115): App\Models\UserModel->findUserById()
 2 SYSTEMPATH/CodeIgniter.php(932): App\Controllers\Users->ref_point()
 3 SYSTEMPATH/CodeIgniter.php(497): CodeIgniter\CodeIgniter->runController()
 4 SYSTEMPATH/CodeIgniter.php(366): CodeIgniter\CodeIgniter->handleRequest()
 5 FCPATH/index.php(67): CodeIgniter\CodeIgniter->run()
CRITICAL - 2024-06-21 08:45:29 --> User does not exist for specified user id
in APPPATH/Models/UserModel.php on line 276.
 1 APPPATH/Controllers/Users.php(115): App\Models\UserModel->findUserById()
 2 SYSTEMPATH/CodeIgniter.php(932): App\Controllers\Users->ref_point()
 3 SYSTEMPATH/CodeIgniter.php(497): CodeIgniter\CodeIgniter->runController()
 4 SYSTEMPATH/CodeIgniter.php(366): CodeIgniter\CodeIgniter->handleRequest()
 5 FCPATH/index.php(67): CodeIgniter\CodeIgniter->run()
CRITICAL - 2024-06-21 08:45:39 --> User does not exist for specified user id
in APPPATH/Models/UserModel.php on line 276.
 1 APPPATH/Controllers/Users.php(115): App\Models\UserModel->findUserById()
 2 SYSTEMPATH/CodeIgniter.php(932): App\Controllers\Users->ref_point()
 3 SYSTEMPATH/CodeIgniter.php(497): CodeIgniter\CodeIgniter->runController()
 4 SYSTEMPATH/CodeIgniter.php(366): CodeIgniter\CodeIgniter->handleRequest()
 5 FCPATH/index.php(67): CodeIgniter\CodeIgniter->run()
CRITICAL - 2024-06-21 08:45:49 --> User does not exist for specified user id
in APPPATH/Models/UserModel.php on line 276.
 1 APPPATH/Controllers/Users.php(115): App\Models\UserModel->findUserById()
 2 SYSTEMPATH/CodeIgniter.php(932): App\Controllers\Users->ref_point()
 3 SYSTEMPATH/CodeIgniter.php(497): CodeIgniter\CodeIgniter->runController()
 4 SYSTEMPATH/CodeIgniter.php(366): CodeIgniter\CodeIgniter->handleRequest()
 5 FCPATH/index.php(67): CodeIgniter\CodeIgniter->run()
CRITICAL - 2024-06-21 08:45:59 --> User does not exist for specified user id
in APPPATH/Models/UserModel.php on line 276.
 1 APPPATH/Controllers/Users.php(115): App\Models\UserModel->findUserById()
 2 SYSTEMPATH/CodeIgniter.php(932): App\Controllers\Users->ref_point()
 3 SYSTEMPATH/CodeIgniter.php(497): CodeIgniter\CodeIgniter->runController()
 4 SYSTEMPATH/CodeIgniter.php(366): CodeIgniter\CodeIgniter->handleRequest()
 5 FCPATH/index.php(67): CodeIgniter\CodeIgniter->run()
CRITICAL - 2024-06-21 08:46:09 --> User does not exist for specified user id
in APPPATH/Models/UserModel.php on line 276.
 1 APPPATH/Controllers/Users.php(115): App\Models\UserModel->findUserById()
 2 SYSTEMPATH/CodeIgniter.php(932): App\Controllers\Users->ref_point()
 3 SYSTEMPATH/CodeIgniter.php(497): CodeIgniter\CodeIgniter->runController()
 4 SYSTEMPATH/CodeIgniter.php(366): CodeIgniter\CodeIgniter->handleRequest()
 5 FCPATH/index.php(67): CodeIgniter\CodeIgniter->run()
CRITICAL - 2024-06-21 08:46:19 --> User does not exist for specified user id
in APPPATH/Models/UserModel.php on line 276.
 1 APPPATH/Controllers/Users.php(115): App\Models\UserModel->findUserById()
 2 SYSTEMPATH/CodeIgniter.php(932): App\Controllers\Users->ref_point()
 3 SYSTEMPATH/CodeIgniter.php(497): CodeIgniter\CodeIgniter->runController()
 4 SYSTEMPATH/CodeIgniter.php(366): CodeIgniter\CodeIgniter->handleRequest()
 5 FCPATH/index.php(67): CodeIgniter\CodeIgniter->run()
CRITICAL - 2024-06-21 08:46:29 --> User does not exist for specified user id
in APPPATH/Models/UserModel.php on line 276.
 1 APPPATH/Controllers/Users.php(115): App\Models\UserModel->findUserById()
 2 SYSTEMPATH/CodeIgniter.php(932): App\Controllers\Users->ref_point()
 3 SYSTEMPATH/CodeIgniter.php(497): CodeIgniter\CodeIgniter->runController()
 4 SYSTEMPATH/CodeIgniter.php(366): CodeIgniter\CodeIgniter->handleRequest()
 5 FCPATH/index.php(67): CodeIgniter\CodeIgniter->run()
CRITICAL - 2024-06-21 08:46:39 --> User does not exist for specified user id
in APPPATH/Models/UserModel.php on line 276.
 1 APPPATH/Controllers/Users.php(115): App\Models\UserModel->findUserById()
 2 SYSTEMPATH/CodeIgniter.php(932): App\Controllers\Users->ref_point()
 3 SYSTEMPATH/CodeIgniter.php(497): CodeIgniter\CodeIgniter->runController()
 4 SYSTEMPATH/CodeIgniter.php(366): CodeIgniter\CodeIgniter->handleRequest()
 5 FCPATH/index.php(67): CodeIgniter\CodeIgniter->run()
CRITICAL - 2024-06-21 08:46:49 --> User does not exist for specified user id
in APPPATH/Models/UserModel.php on line 276.
 1 APPPATH/Controllers/Users.php(115): App\Models\UserModel->findUserById()
 2 SYSTEMPATH/CodeIgniter.php(932): App\Controllers\Users->ref_point()
 3 SYSTEMPATH/CodeIgniter.php(497): CodeIgniter\CodeIgniter->runController()
 4 SYSTEMPATH/CodeIgniter.php(366): CodeIgniter\CodeIgniter->handleRequest()
 5 FCPATH/index.php(67): CodeIgniter\CodeIgniter->run()
CRITICAL - 2024-06-21 08:46:59 --> User does not exist for specified user id
in APPPATH/Models/UserModel.php on line 276.
 1 APPPATH/Controllers/Users.php(115): App\Models\UserModel->findUserById()
 2 SYSTEMPATH/CodeIgniter.php(932): App\Controllers\Users->ref_point()
 3 SYSTEMPATH/CodeIgniter.php(497): CodeIgniter\CodeIgniter->runController()
 4 SYSTEMPATH/CodeIgniter.php(366): CodeIgniter\CodeIgniter->handleRequest()
 5 FCPATH/index.php(67): CodeIgniter\CodeIgniter->run()
CRITICAL - 2024-06-21 08:47:09 --> User does not exist for specified user id
in APPPATH/Models/UserModel.php on line 276.
 1 APPPATH/Controllers/Users.php(115): App\Models\UserModel->findUserById()
 2 SYSTEMPATH/CodeIgniter.php(932): App\Controllers\Users->ref_point()
 3 SYSTEMPATH/CodeIgniter.php(497): CodeIgniter\CodeIgniter->runController()
 4 SYSTEMPATH/CodeIgniter.php(366): CodeIgniter\CodeIgniter->handleRequest()
 5 FCPATH/index.php(67): CodeIgniter\CodeIgniter->run()
CRITICAL - 2024-06-21 08:47:19 --> User does not exist for specified user id
in APPPATH/Models/UserModel.php on line 276.
 1 APPPATH/Controllers/Users.php(115): App\Models\UserModel->findUserById()
 2 SYSTEMPATH/CodeIgniter.php(932): App\Controllers\Users->ref_point()
 3 SYSTEMPATH/CodeIgniter.php(497): CodeIgniter\CodeIgniter->runController()
 4 SYSTEMPATH/CodeIgniter.php(366): CodeIgniter\CodeIgniter->handleRequest()
 5 FCPATH/index.php(67): CodeIgniter\CodeIgniter->run()
CRITICAL - 2024-06-21 08:47:29 --> User does not exist for specified user id
in APPPATH/Models/UserModel.php on line 276.
 1 APPPATH/Controllers/Users.php(115): App\Models\UserModel->findUserById()
 2 SYSTEMPATH/CodeIgniter.php(932): App\Controllers\Users->ref_point()
 3 SYSTEMPATH/CodeIgniter.php(497): CodeIgniter\CodeIgniter->runController()
 4 SYSTEMPATH/CodeIgniter.php(366): CodeIgniter\CodeIgniter->handleRequest()
 5 FCPATH/index.php(67): CodeIgniter\CodeIgniter->run()
CRITICAL - 2024-06-21 08:47:30 --> User does not exist for specified user id
in APPPATH/Models/UserModel.php on line 276.
 1 APPPATH/Controllers/Users.php(41): App\Models\UserModel->findUserById()
 2 SYSTEMPATH/CodeIgniter.php(932): App\Controllers\Users->get_user()
 3 SYSTEMPATH/CodeIgniter.php(497): CodeIgniter\CodeIgniter->runController()
 4 SYSTEMPATH/CodeIgniter.php(366): CodeIgniter\CodeIgniter->handleRequest()
 5 FCPATH/index.php(67): CodeIgniter\CodeIgniter->run()
CRITICAL - 2024-06-21 08:47:30 --> User does not exist for specified user id
in APPPATH/Models/UserModel.php on line 276.
 1 APPPATH/Controllers/Users.php(41): App\Models\UserModel->findUserById()
 2 SYSTEMPATH/CodeIgniter.php(932): App\Controllers\Users->get_user()
 3 SYSTEMPATH/CodeIgniter.php(497): CodeIgniter\CodeIgniter->runController()
 4 SYSTEMPATH/CodeIgniter.php(366): CodeIgniter\CodeIgniter->handleRequest()
 5 FCPATH/index.php(67): CodeIgniter\CodeIgniter->run()
CRITICAL - 2024-06-21 08:47:34 --> User does not exist for specified user id
in APPPATH/Models/UserModel.php on line 276.
 1 APPPATH/Controllers/Users.php(41): App\Models\UserModel->findUserById()
 2 SYSTEMPATH/CodeIgniter.php(932): App\Controllers\Users->get_user()
 3 SYSTEMPATH/CodeIgniter.php(497): CodeIgniter\CodeIgniter->runController()
 4 SYSTEMPATH/CodeIgniter.php(366): CodeIgniter\CodeIgniter->handleRequest()
 5 FCPATH/index.php(67): CodeIgniter\CodeIgniter->run()
CRITICAL - 2024-06-21 08:47:35 --> User does not exist for specified user id
in APPPATH/Models/UserModel.php on line 276.
 1 APPPATH/Controllers/Users.php(41): App\Models\UserModel->findUserById()
 2 SYSTEMPATH/CodeIgniter.php(932): App\Controllers\Users->get_user()
 3 SYSTEMPATH/CodeIgniter.php(497): CodeIgniter\CodeIgniter->runController()
 4 SYSTEMPATH/CodeIgniter.php(366): CodeIgniter\CodeIgniter->handleRequest()
 5 FCPATH/index.php(67): CodeIgniter\CodeIgniter->run()
CRITICAL - 2024-06-21 08:47:39 --> User does not exist for specified user id
in APPPATH/Models/UserModel.php on line 276.
 1 APPPATH/Controllers/Users.php(115): App\Models\UserModel->findUserById()
 2 SYSTEMPATH/CodeIgniter.php(932): App\Controllers\Users->ref_point()
 3 SYSTEMPATH/CodeIgniter.php(497): CodeIgniter\CodeIgniter->runController()
 4 SYSTEMPATH/CodeIgniter.php(366): CodeIgniter\CodeIgniter->handleRequest()
 5 FCPATH/index.php(67): CodeIgniter\CodeIgniter->run()
CRITICAL - 2024-06-21 08:47:49 --> User does not exist for specified user id
in APPPATH/Models/UserModel.php on line 276.
 1 APPPATH/Controllers/Users.php(115): App\Models\UserModel->findUserById()
 2 SYSTEMPATH/CodeIgniter.php(932): App\Controllers\Users->ref_point()
 3 SYSTEMPATH/CodeIgniter.php(497): CodeIgniter\CodeIgniter->runController()
 4 SYSTEMPATH/CodeIgniter.php(366): CodeIgniter\CodeIgniter->handleRequest()
 5 FCPATH/index.php(67): CodeIgniter\CodeIgniter->run()
CRITICAL - 2024-06-21 08:47:59 --> User does not exist for specified user id
in APPPATH/Models/UserModel.php on line 276.
 1 APPPATH/Controllers/Users.php(115): App\Models\UserModel->findUserById()
 2 SYSTEMPATH/CodeIgniter.php(932): App\Controllers\Users->ref_point()
 3 SYSTEMPATH/CodeIgniter.php(497): CodeIgniter\CodeIgniter->runController()
 4 SYSTEMPATH/CodeIgniter.php(366): CodeIgniter\CodeIgniter->handleRequest()
 5 FCPATH/index.php(67): CodeIgniter\CodeIgniter->run()
CRITICAL - 2024-06-21 08:48:09 --> User does not exist for specified user id
in APPPATH/Models/UserModel.php on line 276.
 1 APPPATH/Controllers/Users.php(115): App\Models\UserModel->findUserById()
 2 SYSTEMPATH/CodeIgniter.php(932): App\Controllers\Users->ref_point()
 3 SYSTEMPATH/CodeIgniter.php(497): CodeIgniter\CodeIgniter->runController()
 4 SYSTEMPATH/CodeIgniter.php(366): CodeIgniter\CodeIgniter->handleRequest()
 5 FCPATH/index.php(67): CodeIgniter\CodeIgniter->run()
CRITICAL - 2024-06-21 08:48:19 --> User does not exist for specified user id
in APPPATH/Models/UserModel.php on line 276.
 1 APPPATH/Controllers/Users.php(115): App\Models\UserModel->findUserById()
 2 SYSTEMPATH/CodeIgniter.php(932): App\Controllers\Users->ref_point()
 3 SYSTEMPATH/CodeIgniter.php(497): CodeIgniter\CodeIgniter->runController()
 4 SYSTEMPATH/CodeIgniter.php(366): CodeIgniter\CodeIgniter->handleRequest()
 5 FCPATH/index.php(67): CodeIgniter\CodeIgniter->run()
CRITICAL - 2024-06-21 08:48:29 --> User does not exist for specified user id
in APPPATH/Models/UserModel.php on line 276.
 1 APPPATH/Controllers/Users.php(115): App\Models\UserModel->findUserById()
 2 SYSTEMPATH/CodeIgniter.php(932): App\Controllers\Users->ref_point()
 3 SYSTEMPATH/CodeIgniter.php(497): CodeIgniter\CodeIgniter->runController()
 4 SYSTEMPATH/CodeIgniter.php(366): CodeIgniter\CodeIgniter->handleRequest()
 5 FCPATH/index.php(67): CodeIgniter\CodeIgniter->run()
CRITICAL - 2024-06-21 08:48:39 --> User does not exist for specified user id
in APPPATH/Models/UserModel.php on line 276.
 1 APPPATH/Controllers/Users.php(115): App\Models\UserModel->findUserById()
 2 SYSTEMPATH/CodeIgniter.php(932): App\Controllers\Users->ref_point()
 3 SYSTEMPATH/CodeIgniter.php(497): CodeIgniter\CodeIgniter->runController()
 4 SYSTEMPATH/CodeIgniter.php(366): CodeIgniter\CodeIgniter->handleRequest()
 5 FCPATH/index.php(67): CodeIgniter\CodeIgniter->run()
CRITICAL - 2024-06-21 08:48:49 --> User does not exist for specified user id
in APPPATH/Models/UserModel.php on line 276.
 1 APPPATH/Controllers/Users.php(115): App\Models\UserModel->findUserById()
 2 SYSTEMPATH/CodeIgniter.php(932): App\Controllers\Users->ref_point()
 3 SYSTEMPATH/CodeIgniter.php(497): CodeIgniter\CodeIgniter->runController()
 4 SYSTEMPATH/CodeIgniter.php(366): CodeIgniter\CodeIgniter->handleRequest()
 5 FCPATH/index.php(67): CodeIgniter\CodeIgniter->run()
CRITICAL - 2024-06-21 08:52:57 --> User does not exist for specified user id
in APPPATH/Models/UserModel.php on line 276.
 1 APPPATH/Controllers/Users.php(115): App\Models\UserModel->findUserById()
 2 SYSTEMPATH/CodeIgniter.php(932): App\Controllers\Users->ref_point()
 3 SYSTEMPATH/CodeIgniter.php(497): CodeIgniter\CodeIgniter->runController()
 4 SYSTEMPATH/CodeIgniter.php(366): CodeIgniter\CodeIgniter->handleRequest()
 5 FCPATH/index.php(67): CodeIgniter\CodeIgniter->run()
CRITICAL - 2024-06-21 08:53:00 --> User does not exist for specified user id
in APPPATH/Models/UserModel.php on line 276.
 1 APPPATH/Controllers/Users.php(115): App\Models\UserModel->findUserById()
 2 SYSTEMPATH/CodeIgniter.php(932): App\Controllers\Users->ref_point()
 3 SYSTEMPATH/CodeIgniter.php(497): CodeIgniter\CodeIgniter->runController()
 4 SYSTEMPATH/CodeIgniter.php(366): CodeIgniter\CodeIgniter->handleRequest()
 5 FCPATH/index.php(67): CodeIgniter\CodeIgniter->run()
CRITICAL - 2024-06-21 08:53:00 --> User does not exist for specified user id
in APPPATH/Models/UserModel.php on line 276.
 1 APPPATH/Controllers/Users.php(115): App\Models\UserModel->findUserById()
 2 SYSTEMPATH/CodeIgniter.php(932): App\Controllers\Users->ref_point()
 3 SYSTEMPATH/CodeIgniter.php(497): CodeIgniter\CodeIgniter->runController()
 4 SYSTEMPATH/CodeIgniter.php(366): CodeIgniter\CodeIgniter->handleRequest()
 5 FCPATH/index.php(67): CodeIgniter\CodeIgniter->run()
CRITICAL - 2024-06-21 08:53:00 --> Trying to access array offset on value of type null
in APPPATH/Models/BasicModel.php on line 216.
 1 APPPATH/Models/BasicModel.php(216): CodeIgniter\Debug\Exceptions->errorHandler()
 2 APPPATH/Models/BasicModel.php(32): App\Models\BasicModel->getUserWorkEmptyFields()
 3 APPPATH/Controllers/Basic.php(16): App\Models\BasicModel->getEmptyFields()
 4 SYSTEMPATH/CodeIgniter.php(932): App\Controllers\Basic->getUserProfileEmptyFields()
 5 SYSTEMPATH/CodeIgniter.php(497): CodeIgniter\CodeIgniter->runController()
 6 SYSTEMPATH/CodeIgniter.php(366): CodeIgniter\CodeIgniter->handleRequest()
 7 FCPATH/index.php(67): CodeIgniter\CodeIgniter->run()
CRITICAL - 2024-06-21 08:53:00 --> Trying to access array offset on value of type null
in APPPATH/Models/BasicModel.php on line 216.
 1 APPPATH/Models/BasicModel.php(216): CodeIgniter\Debug\Exceptions->errorHandler()
 2 APPPATH/Models/BasicModel.php(32): App\Models\BasicModel->getUserWorkEmptyFields()
 3 APPPATH/Controllers/Basic.php(16): App\Models\BasicModel->getEmptyFields()
 4 SYSTEMPATH/CodeIgniter.php(932): App\Controllers\Basic->getUserProfileEmptyFields()
 5 SYSTEMPATH/CodeIgniter.php(497): CodeIgniter\CodeIgniter->runController()
 6 SYSTEMPATH/CodeIgniter.php(366): CodeIgniter\CodeIgniter->handleRequest()
 7 FCPATH/index.php(67): CodeIgniter\CodeIgniter->run()
CRITICAL - 2024-06-21 08:53:10 --> User does not exist for specified user id
in APPPATH/Models/UserModel.php on line 276.
 1 APPPATH/Controllers/Users.php(115): App\Models\UserModel->findUserById()
 2 SYSTEMPATH/CodeIgniter.php(932): App\Controllers\Users->ref_point()
 3 SYSTEMPATH/CodeIgniter.php(497): CodeIgniter\CodeIgniter->runController()
 4 SYSTEMPATH/CodeIgniter.php(366): CodeIgniter\CodeIgniter->handleRequest()
 5 FCPATH/index.php(67): CodeIgniter\CodeIgniter->run()
CRITICAL - 2024-06-21 08:53:20 --> User does not exist for specified user id
in APPPATH/Models/UserModel.php on line 276.
 1 APPPATH/Controllers/Users.php(115): App\Models\UserModel->findUserById()
 2 SYSTEMPATH/CodeIgniter.php(932): App\Controllers\Users->ref_point()
 3 SYSTEMPATH/CodeIgniter.php(497): CodeIgniter\CodeIgniter->runController()
 4 SYSTEMPATH/CodeIgniter.php(366): CodeIgniter\CodeIgniter->handleRequest()
 5 FCPATH/index.php(67): CodeIgniter\CodeIgniter->run()
CRITICAL - 2024-06-21 08:53:30 --> User does not exist for specified user id
in APPPATH/Models/UserModel.php on line 276.
 1 APPPATH/Controllers/Users.php(115): App\Models\UserModel->findUserById()
 2 SYSTEMPATH/CodeIgniter.php(932): App\Controllers\Users->ref_point()
 3 SYSTEMPATH/CodeIgniter.php(497): CodeIgniter\CodeIgniter->runController()
 4 SYSTEMPATH/CodeIgniter.php(366): CodeIgniter\CodeIgniter->handleRequest()
 5 FCPATH/index.php(67): CodeIgniter\CodeIgniter->run()
CRITICAL - 2024-06-21 08:53:40 --> User does not exist for specified user id
in APPPATH/Models/UserModel.php on line 276.
 1 APPPATH/Controllers/Users.php(115): App\Models\UserModel->findUserById()
 2 SYSTEMPATH/CodeIgniter.php(932): App\Controllers\Users->ref_point()
 3 SYSTEMPATH/CodeIgniter.php(497): CodeIgniter\CodeIgniter->runController()
 4 SYSTEMPATH/CodeIgniter.php(366): CodeIgniter\CodeIgniter->handleRequest()
 5 FCPATH/index.php(67): CodeIgniter\CodeIgniter->run()
CRITICAL - 2024-06-21 08:53:50 --> User does not exist for specified user id
in APPPATH/Models/UserModel.php on line 276.
 1 APPPATH/Controllers/Users.php(115): App\Models\UserModel->findUserById()
 2 SYSTEMPATH/CodeIgniter.php(932): App\Controllers\Users->ref_point()
 3 SYSTEMPATH/CodeIgniter.php(497): CodeIgniter\CodeIgniter->runController()
 4 SYSTEMPATH/CodeIgniter.php(366): CodeIgniter\CodeIgniter->handleRequest()
 5 FCPATH/index.php(67): CodeIgniter\CodeIgniter->run()
CRITICAL - 2024-06-21 08:54:00 --> User does not exist for specified user id
in APPPATH/Models/UserModel.php on line 276.
 1 APPPATH/Controllers/Users.php(115): App\Models\UserModel->findUserById()
 2 SYSTEMPATH/CodeIgniter.php(932): App\Controllers\Users->ref_point()
 3 SYSTEMPATH/CodeIgniter.php(497): CodeIgniter\CodeIgniter->runController()
 4 SYSTEMPATH/CodeIgniter.php(366): CodeIgniter\CodeIgniter->handleRequest()
 5 FCPATH/index.php(67): CodeIgniter\CodeIgniter->run()
CRITICAL - 2024-06-21 08:54:10 --> User does not exist for specified user id
in APPPATH/Models/UserModel.php on line 276.
 1 APPPATH/Controllers/Users.php(115): App\Models\UserModel->findUserById()
 2 SYSTEMPATH/CodeIgniter.php(932): App\Controllers\Users->ref_point()
 3 SYSTEMPATH/CodeIgniter.php(497): CodeIgniter\CodeIgniter->runController()
 4 SYSTEMPATH/CodeIgniter.php(366): CodeIgniter\CodeIgniter->handleRequest()
 5 FCPATH/index.php(67): CodeIgniter\CodeIgniter->run()
CRITICAL - 2024-06-21 08:54:20 --> User does not exist for specified user id
in APPPATH/Models/UserModel.php on line 276.
 1 APPPATH/Controllers/Users.php(115): App\Models\UserModel->findUserById()
 2 SYSTEMPATH/CodeIgniter.php(932): App\Controllers\Users->ref_point()
 3 SYSTEMPATH/CodeIgniter.php(497): CodeIgniter\CodeIgniter->runController()
 4 SYSTEMPATH/CodeIgniter.php(366): CodeIgniter\CodeIgniter->handleRequest()
 5 FCPATH/index.php(67): CodeIgniter\CodeIgniter->run()
CRITICAL - 2024-06-21 08:54:30 --> User does not exist for specified user id
in APPPATH/Models/UserModel.php on line 276.
 1 APPPATH/Controllers/Users.php(115): App\Models\UserModel->findUserById()
 2 SYSTEMPATH/CodeIgniter.php(932): App\Controllers\Users->ref_point()
 3 SYSTEMPATH/CodeIgniter.php(497): CodeIgniter\CodeIgniter->runController()
 4 SYSTEMPATH/CodeIgniter.php(366): CodeIgniter\CodeIgniter->handleRequest()
 5 FCPATH/index.php(67): CodeIgniter\CodeIgniter->run()
CRITICAL - 2024-06-21 08:54:40 --> User does not exist for specified user id
in APPPATH/Models/UserModel.php on line 276.
 1 APPPATH/Controllers/Users.php(115): App\Models\UserModel->findUserById()
 2 SYSTEMPATH/CodeIgniter.php(932): App\Controllers\Users->ref_point()
 3 SYSTEMPATH/CodeIgniter.php(497): CodeIgniter\CodeIgniter->runController()
 4 SYSTEMPATH/CodeIgniter.php(366): CodeIgniter\CodeIgniter->handleRequest()
 5 FCPATH/index.php(67): CodeIgniter\CodeIgniter->run()
CRITICAL - 2024-06-21 08:54:50 --> User does not exist for specified user id
in APPPATH/Models/UserModel.php on line 276.
 1 APPPATH/Controllers/Users.php(115): App\Models\UserModel->findUserById()
 2 SYSTEMPATH/CodeIgniter.php(932): App\Controllers\Users->ref_point()
 3 SYSTEMPATH/CodeIgniter.php(497): CodeIgniter\CodeIgniter->runController()
 4 SYSTEMPATH/CodeIgniter.php(366): CodeIgniter\CodeIgniter->handleRequest()
 5 FCPATH/index.php(67): CodeIgniter\CodeIgniter->run()
CRITICAL - 2024-06-21 08:54:51 --> User does not exist for specified user id
in APPPATH/Models/UserModel.php on line 276.
 1 APPPATH/Controllers/Users.php(41): App\Models\UserModel->findUserById()
 2 SYSTEMPATH/CodeIgniter.php(932): App\Controllers\Users->get_user()
 3 SYSTEMPATH/CodeIgniter.php(497): CodeIgniter\CodeIgniter->runController()
 4 SYSTEMPATH/CodeIgniter.php(366): CodeIgniter\CodeIgniter->handleRequest()
 5 FCPATH/index.php(67): CodeIgniter\CodeIgniter->run()
CRITICAL - 2024-06-21 08:54:51 --> User does not exist for specified user id
in APPPATH/Models/UserModel.php on line 276.
 1 APPPATH/Controllers/Users.php(41): App\Models\UserModel->findUserById()
 2 SYSTEMPATH/CodeIgniter.php(932): App\Controllers\Users->get_user()
 3 SYSTEMPATH/CodeIgniter.php(497): CodeIgniter\CodeIgniter->runController()
 4 SYSTEMPATH/CodeIgniter.php(366): CodeIgniter\CodeIgniter->handleRequest()
 5 FCPATH/index.php(67): CodeIgniter\CodeIgniter->run()
CRITICAL - 2024-06-21 08:55:00 --> User does not exist for specified user id
in APPPATH/Models/UserModel.php on line 276.
 1 APPPATH/Controllers/Users.php(41): App\Models\UserModel->findUserById()
 2 SYSTEMPATH/CodeIgniter.php(932): App\Controllers\Users->get_user()
 3 SYSTEMPATH/CodeIgniter.php(497): CodeIgniter\CodeIgniter->runController()
 4 SYSTEMPATH/CodeIgniter.php(366): CodeIgniter\CodeIgniter->handleRequest()
 5 FCPATH/index.php(67): CodeIgniter\CodeIgniter->run()
CRITICAL - 2024-06-21 08:55:00 --> User does not exist for specified user id
in APPPATH/Models/UserModel.php on line 276.
 1 APPPATH/Controllers/Users.php(115): App\Models\UserModel->findUserById()
 2 SYSTEMPATH/CodeIgniter.php(932): App\Controllers\Users->ref_point()
 3 SYSTEMPATH/CodeIgniter.php(497): CodeIgniter\CodeIgniter->runController()
 4 SYSTEMPATH/CodeIgniter.php(366): CodeIgniter\CodeIgniter->handleRequest()
 5 FCPATH/index.php(67): CodeIgniter\CodeIgniter->run()
CRITICAL - 2024-06-21 08:55:00 --> User does not exist for specified user id
in APPPATH/Models/UserModel.php on line 276.
 1 APPPATH/Controllers/Users.php(41): App\Models\UserModel->findUserById()
 2 SYSTEMPATH/CodeIgniter.php(932): App\Controllers\Users->get_user()
 3 SYSTEMPATH/CodeIgniter.php(497): CodeIgniter\CodeIgniter->runController()
 4 SYSTEMPATH/CodeIgniter.php(366): CodeIgniter\CodeIgniter->handleRequest()
 5 FCPATH/index.php(67): CodeIgniter\CodeIgniter->run()
CRITICAL - 2024-06-21 08:55:10 --> User does not exist for specified user id
in APPPATH/Models/UserModel.php on line 276.
 1 APPPATH/Controllers/Users.php(115): App\Models\UserModel->findUserById()
 2 SYSTEMPATH/CodeIgniter.php(932): App\Controllers\Users->ref_point()
 3 SYSTEMPATH/CodeIgniter.php(497): CodeIgniter\CodeIgniter->runController()
 4 SYSTEMPATH/CodeIgniter.php(366): CodeIgniter\CodeIgniter->handleRequest()
 5 FCPATH/index.php(67): CodeIgniter\CodeIgniter->run()
CRITICAL - 2024-06-21 08:55:20 --> User does not exist for specified user id
in APPPATH/Models/UserModel.php on line 276.
 1 APPPATH/Controllers/Users.php(115): App\Models\UserModel->findUserById()
 2 SYSTEMPATH/CodeIgniter.php(932): App\Controllers\Users->ref_point()
 3 SYSTEMPATH/CodeIgniter.php(497): CodeIgniter\CodeIgniter->runController()
 4 SYSTEMPATH/CodeIgniter.php(366): CodeIgniter\CodeIgniter->handleRequest()
 5 FCPATH/index.php(67): CodeIgniter\CodeIgniter->run()
CRITICAL - 2024-06-21 08:55:30 --> User does not exist for specified user id
in APPPATH/Models/UserModel.php on line 276.
 1 APPPATH/Controllers/Users.php(115): App\Models\UserModel->findUserById()
 2 SYSTEMPATH/CodeIgniter.php(932): App\Controllers\Users->ref_point()
 3 SYSTEMPATH/CodeIgniter.php(497): CodeIgniter\CodeIgniter->runController()
 4 SYSTEMPATH/CodeIgniter.php(366): CodeIgniter\CodeIgniter->handleRequest()
 5 FCPATH/index.php(67): CodeIgniter\CodeIgniter->run()
CRITICAL - 2024-06-21 08:55:40 --> User does not exist for specified user id
in APPPATH/Models/UserModel.php on line 276.
 1 APPPATH/Controllers/Users.php(115): App\Models\UserModel->findUserById()
 2 SYSTEMPATH/CodeIgniter.php(932): App\Controllers\Users->ref_point()
 3 SYSTEMPATH/CodeIgniter.php(497): CodeIgniter\CodeIgniter->runController()
 4 SYSTEMPATH/CodeIgniter.php(366): CodeIgniter\CodeIgniter->handleRequest()
 5 FCPATH/index.php(67): CodeIgniter\CodeIgniter->run()
CRITICAL - 2024-06-21 08:55:50 --> User does not exist for specified user id
in APPPATH/Models/UserModel.php on line 276.
 1 APPPATH/Controllers/Users.php(115): App\Models\UserModel->findUserById()
 2 SYSTEMPATH/CodeIgniter.php(932): App\Controllers\Users->ref_point()
 3 SYSTEMPATH/CodeIgniter.php(497): CodeIgniter\CodeIgniter->runController()
 4 SYSTEMPATH/CodeIgniter.php(366): CodeIgniter\CodeIgniter->handleRequest()
 5 FCPATH/index.php(67): CodeIgniter\CodeIgniter->run()
CRITICAL - 2024-06-21 08:56:00 --> User does not exist for specified user id
in APPPATH/Models/UserModel.php on line 276.
 1 APPPATH/Controllers/Users.php(115): App\Models\UserModel->findUserById()
 2 SYSTEMPATH/CodeIgniter.php(932): App\Controllers\Users->ref_point()
 3 SYSTEMPATH/CodeIgniter.php(497): CodeIgniter\CodeIgniter->runController()
 4 SYSTEMPATH/CodeIgniter.php(366): CodeIgniter\CodeIgniter->handleRequest()
 5 FCPATH/index.php(67): CodeIgniter\CodeIgniter->run()
CRITICAL - 2024-06-21 08:56:10 --> User does not exist for specified user id
in APPPATH/Models/UserModel.php on line 276.
 1 APPPATH/Controllers/Users.php(115): App\Models\UserModel->findUserById()
 2 SYSTEMPATH/CodeIgniter.php(932): App\Controllers\Users->ref_point()
 3 SYSTEMPATH/CodeIgniter.php(497): CodeIgniter\CodeIgniter->runController()
 4 SYSTEMPATH/CodeIgniter.php(366): CodeIgniter\CodeIgniter->handleRequest()
 5 FCPATH/index.php(67): CodeIgniter\CodeIgniter->run()
CRITICAL - 2024-06-21 08:56:20 --> User does not exist for specified user id
in APPPATH/Models/UserModel.php on line 276.
 1 APPPATH/Controllers/Users.php(115): App\Models\UserModel->findUserById()
 2 SYSTEMPATH/CodeIgniter.php(932): App\Controllers\Users->ref_point()
 3 SYSTEMPATH/CodeIgniter.php(497): CodeIgniter\CodeIgniter->runController()
 4 SYSTEMPATH/CodeIgniter.php(366): CodeIgniter\CodeIgniter->handleRequest()
 5 FCPATH/index.php(67): CodeIgniter\CodeIgniter->run()
CRITICAL - 2024-06-21 08:56:30 --> User does not exist for specified user id
in APPPATH/Models/UserModel.php on line 276.
 1 APPPATH/Controllers/Users.php(115): App\Models\UserModel->findUserById()
 2 SYSTEMPATH/CodeIgniter.php(932): App\Controllers\Users->ref_point()
 3 SYSTEMPATH/CodeIgniter.php(497): CodeIgniter\CodeIgniter->runController()
 4 SYSTEMPATH/CodeIgniter.php(366): CodeIgniter\CodeIgniter->handleRequest()
 5 FCPATH/index.php(67): CodeIgniter\CodeIgniter->run()
CRITICAL - 2024-06-21 08:56:40 --> User does not exist for specified user id
in APPPATH/Models/UserModel.php on line 276.
 1 APPPATH/Controllers/Users.php(115): App\Models\UserModel->findUserById()
 2 SYSTEMPATH/CodeIgniter.php(932): App\Controllers\Users->ref_point()
 3 SYSTEMPATH/CodeIgniter.php(497): CodeIgniter\CodeIgniter->runController()
 4 SYSTEMPATH/CodeIgniter.php(366): CodeIgniter\CodeIgniter->handleRequest()
 5 FCPATH/index.php(67): CodeIgniter\CodeIgniter->run()
CRITICAL - 2024-06-21 08:56:50 --> User does not exist for specified user id
in APPPATH/Models/UserModel.php on line 276.
 1 APPPATH/Controllers/Users.php(115): App\Models\UserModel->findUserById()
 2 SYSTEMPATH/CodeIgniter.php(932): App\Controllers\Users->ref_point()
 3 SYSTEMPATH/CodeIgniter.php(497): CodeIgniter\CodeIgniter->runController()
 4 SYSTEMPATH/CodeIgniter.php(366): CodeIgniter\CodeIgniter->handleRequest()
 5 FCPATH/index.php(67): CodeIgniter\CodeIgniter->run()
CRITICAL - 2024-06-21 08:57:00 --> User does not exist for specified user id
in APPPATH/Models/UserModel.php on line 276.
 1 APPPATH/Controllers/Users.php(115): App\Models\UserModel->findUserById()
 2 SYSTEMPATH/CodeIgniter.php(932): App\Controllers\Users->ref_point()
 3 SYSTEMPATH/CodeIgniter.php(497): CodeIgniter\CodeIgniter->runController()
 4 SYSTEMPATH/CodeIgniter.php(366): CodeIgniter\CodeIgniter->handleRequest()
 5 FCPATH/index.php(67): CodeIgniter\CodeIgniter->run()
CRITICAL - 2024-06-21 08:57:10 --> User does not exist for specified user id
in APPPATH/Models/UserModel.php on line 276.
 1 APPPATH/Controllers/Users.php(115): App\Models\UserModel->findUserById()
 2 SYSTEMPATH/CodeIgniter.php(932): App\Controllers\Users->ref_point()
 3 SYSTEMPATH/CodeIgniter.php(497): CodeIgniter\CodeIgniter->runController()
 4 SYSTEMPATH/CodeIgniter.php(366): CodeIgniter\CodeIgniter->handleRequest()
 5 FCPATH/index.php(67): CodeIgniter\CodeIgniter->run()
CRITICAL - 2024-06-21 08:57:20 --> User does not exist for specified user id
in APPPATH/Models/UserModel.php on line 276.
 1 APPPATH/Controllers/Users.php(115): App\Models\UserModel->findUserById()
 2 SYSTEMPATH/CodeIgniter.php(932): App\Controllers\Users->ref_point()
 3 SYSTEMPATH/CodeIgniter.php(497): CodeIgniter\CodeIgniter->runController()
 4 SYSTEMPATH/CodeIgniter.php(366): CodeIgniter\CodeIgniter->handleRequest()
 5 FCPATH/index.php(67): CodeIgniter\CodeIgniter->run()
CRITICAL - 2024-06-21 08:57:30 --> User does not exist for specified user id
in APPPATH/Models/UserModel.php on line 276.
 1 APPPATH/Controllers/Users.php(115): App\Models\UserModel->findUserById()
 2 SYSTEMPATH/CodeIgniter.php(932): App\Controllers\Users->ref_point()
 3 SYSTEMPATH/CodeIgniter.php(497): CodeIgniter\CodeIgniter->runController()
 4 SYSTEMPATH/CodeIgniter.php(366): CodeIgniter\CodeIgniter->handleRequest()
 5 FCPATH/index.php(67): CodeIgniter\CodeIgniter->run()
CRITICAL - 2024-06-21 08:57:40 --> User does not exist for specified user id
in APPPATH/Models/UserModel.php on line 276.
 1 APPPATH/Controllers/Users.php(115): App\Models\UserModel->findUserById()
 2 SYSTEMPATH/CodeIgniter.php(932): App\Controllers\Users->ref_point()
 3 SYSTEMPATH/CodeIgniter.php(497): CodeIgniter\CodeIgniter->runController()
 4 SYSTEMPATH/CodeIgniter.php(366): CodeIgniter\CodeIgniter->handleRequest()
 5 FCPATH/index.php(67): CodeIgniter\CodeIgniter->run()
CRITICAL - 2024-06-21 08:57:50 --> User does not exist for specified user id
in APPPATH/Models/UserModel.php on line 276.
 1 APPPATH/Controllers/Users.php(115): App\Models\UserModel->findUserById()
 2 SYSTEMPATH/CodeIgniter.php(932): App\Controllers\Users->ref_point()
 3 SYSTEMPATH/CodeIgniter.php(497): CodeIgniter\CodeIgniter->runController()
 4 SYSTEMPATH/CodeIgniter.php(366): CodeIgniter\CodeIgniter->handleRequest()
 5 FCPATH/index.php(67): CodeIgniter\CodeIgniter->run()
CRITICAL - 2024-06-21 08:58:00 --> User does not exist for specified user id
in APPPATH/Models/UserModel.php on line 276.
 1 APPPATH/Controllers/Users.php(115): App\Models\UserModel->findUserById()
 2 SYSTEMPATH/CodeIgniter.php(932): App\Controllers\Users->ref_point()
 3 SYSTEMPATH/CodeIgniter.php(497): CodeIgniter\CodeIgniter->runController()
 4 SYSTEMPATH/CodeIgniter.php(366): CodeIgniter\CodeIgniter->handleRequest()
 5 FCPATH/index.php(67): CodeIgniter\CodeIgniter->run()
CRITICAL - 2024-06-21 08:58:10 --> User does not exist for specified user id
in APPPATH/Models/UserModel.php on line 276.
 1 APPPATH/Controllers/Users.php(115): App\Models\UserModel->findUserById()
 2 SYSTEMPATH/CodeIgniter.php(932): App\Controllers\Users->ref_point()
 3 SYSTEMPATH/CodeIgniter.php(497): CodeIgniter\CodeIgniter->runController()
 4 SYSTEMPATH/CodeIgniter.php(366): CodeIgniter\CodeIgniter->handleRequest()
 5 FCPATH/index.php(67): CodeIgniter\CodeIgniter->run()
CRITICAL - 2024-06-21 08:58:20 --> User does not exist for specified user id
in APPPATH/Models/UserModel.php on line 276.
 1 APPPATH/Controllers/Users.php(115): App\Models\UserModel->findUserById()
 2 SYSTEMPATH/CodeIgniter.php(932): App\Controllers\Users->ref_point()
 3 SYSTEMPATH/CodeIgniter.php(497): CodeIgniter\CodeIgniter->runController()
 4 SYSTEMPATH/CodeIgniter.php(366): CodeIgniter\CodeIgniter->handleRequest()
 5 FCPATH/index.php(67): CodeIgniter\CodeIgniter->run()
CRITICAL - 2024-06-21 08:58:30 --> User does not exist for specified user id
in APPPATH/Models/UserModel.php on line 276.
 1 APPPATH/Controllers/Users.php(115): App\Models\UserModel->findUserById()
 2 SYSTEMPATH/CodeIgniter.php(932): App\Controllers\Users->ref_point()
 3 SYSTEMPATH/CodeIgniter.php(497): CodeIgniter\CodeIgniter->runController()
 4 SYSTEMPATH/CodeIgniter.php(366): CodeIgniter\CodeIgniter->handleRequest()
 5 FCPATH/index.php(67): CodeIgniter\CodeIgniter->run()
CRITICAL - 2024-06-21 08:58:40 --> User does not exist for specified user id
in APPPATH/Models/UserModel.php on line 276.
 1 APPPATH/Controllers/Users.php(115): App\Models\UserModel->findUserById()
 2 SYSTEMPATH/CodeIgniter.php(932): App\Controllers\Users->ref_point()
 3 SYSTEMPATH/CodeIgniter.php(497): CodeIgniter\CodeIgniter->runController()
 4 SYSTEMPATH/CodeIgniter.php(366): CodeIgniter\CodeIgniter->handleRequest()
 5 FCPATH/index.php(67): CodeIgniter\CodeIgniter->run()
CRITICAL - 2024-06-21 08:58:50 --> User does not exist for specified user id
in APPPATH/Models/UserModel.php on line 276.
 1 APPPATH/Controllers/Users.php(115): App\Models\UserModel->findUserById()
 2 SYSTEMPATH/CodeIgniter.php(932): App\Controllers\Users->ref_point()
 3 SYSTEMPATH/CodeIgniter.php(497): CodeIgniter\CodeIgniter->runController()
 4 SYSTEMPATH/CodeIgniter.php(366): CodeIgniter\CodeIgniter->handleRequest()
 5 FCPATH/index.php(67): CodeIgniter\CodeIgniter->run()
CRITICAL - 2024-06-21 08:59:00 --> User does not exist for specified user id
in APPPATH/Models/UserModel.php on line 276.
 1 APPPATH/Controllers/Users.php(115): App\Models\UserModel->findUserById()
 2 SYSTEMPATH/CodeIgniter.php(932): App\Controllers\Users->ref_point()
 3 SYSTEMPATH/CodeIgniter.php(497): CodeIgniter\CodeIgniter->runController()
 4 SYSTEMPATH/CodeIgniter.php(366): CodeIgniter\CodeIgniter->handleRequest()
 5 FCPATH/index.php(67): CodeIgniter\CodeIgniter->run()
CRITICAL - 2024-06-21 08:59:10 --> User does not exist for specified user id
in APPPATH/Models/UserModel.php on line 276.
 1 APPPATH/Controllers/Users.php(115): App\Models\UserModel->findUserById()
 2 SYSTEMPATH/CodeIgniter.php(932): App\Controllers\Users->ref_point()
 3 SYSTEMPATH/CodeIgniter.php(497): CodeIgniter\CodeIgniter->runController()
 4 SYSTEMPATH/CodeIgniter.php(366): CodeIgniter\CodeIgniter->handleRequest()
 5 FCPATH/index.php(67): CodeIgniter\CodeIgniter->run()
CRITICAL - 2024-06-21 08:59:20 --> User does not exist for specified user id
in APPPATH/Models/UserModel.php on line 276.
 1 APPPATH/Controllers/Users.php(115): App\Models\UserModel->findUserById()
 2 SYSTEMPATH/CodeIgniter.php(932): App\Controllers\Users->ref_point()
 3 SYSTEMPATH/CodeIgniter.php(497): CodeIgniter\CodeIgniter->runController()
 4 SYSTEMPATH/CodeIgniter.php(366): CodeIgniter\CodeIgniter->handleRequest()
 5 FCPATH/index.php(67): CodeIgniter\CodeIgniter->run()
CRITICAL - 2024-06-21 08:59:30 --> User does not exist for specified user id
in APPPATH/Models/UserModel.php on line 276.
 1 APPPATH/Controllers/Users.php(115): App\Models\UserModel->findUserById()
 2 SYSTEMPATH/CodeIgniter.php(932): App\Controllers\Users->ref_point()
 3 SYSTEMPATH/CodeIgniter.php(497): CodeIgniter\CodeIgniter->runController()
 4 SYSTEMPATH/CodeIgniter.php(366): CodeIgniter\CodeIgniter->handleRequest()
 5 FCPATH/index.php(67): CodeIgniter\CodeIgniter->run()
CRITICAL - 2024-06-21 08:59:40 --> User does not exist for specified user id
in APPPATH/Models/UserModel.php on line 276.
 1 APPPATH/Controllers/Users.php(115): App\Models\UserModel->findUserById()
 2 SYSTEMPATH/CodeIgniter.php(932): App\Controllers\Users->ref_point()
 3 SYSTEMPATH/CodeIgniter.php(497): CodeIgniter\CodeIgniter->runController()
 4 SYSTEMPATH/CodeIgniter.php(366): CodeIgniter\CodeIgniter->handleRequest()
 5 FCPATH/index.php(67): CodeIgniter\CodeIgniter->run()
CRITICAL - 2024-06-21 08:59:50 --> User does not exist for specified user id
in APPPATH/Models/UserModel.php on line 276.
 1 APPPATH/Controllers/Users.php(115): App\Models\UserModel->findUserById()
 2 SYSTEMPATH/CodeIgniter.php(932): App\Controllers\Users->ref_point()
 3 SYSTEMPATH/CodeIgniter.php(497): CodeIgniter\CodeIgniter->runController()
 4 SYSTEMPATH/CodeIgniter.php(366): CodeIgniter\CodeIgniter->handleRequest()
 5 FCPATH/index.php(67): CodeIgniter\CodeIgniter->run()
CRITICAL - 2024-06-21 09:00:00 --> User does not exist for specified user id
in APPPATH/Models/UserModel.php on line 276.
 1 APPPATH/Controllers/Users.php(115): App\Models\UserModel->findUserById()
 2 SYSTEMPATH/CodeIgniter.php(932): App\Controllers\Users->ref_point()
 3 SYSTEMPATH/CodeIgniter.php(497): CodeIgniter\CodeIgniter->runController()
 4 SYSTEMPATH/CodeIgniter.php(366): CodeIgniter\CodeIgniter->handleRequest()
 5 FCPATH/index.php(67): CodeIgniter\CodeIgniter->run()
CRITICAL - 2024-06-21 09:00:09 --> User does not exist for specified user id
in APPPATH/Models/UserModel.php on line 276.
 1 APPPATH/Controllers/Users.php(41): App\Models\UserModel->findUserById()
 2 SYSTEMPATH/CodeIgniter.php(932): App\Controllers\Users->get_user()
 3 SYSTEMPATH/CodeIgniter.php(497): CodeIgniter\CodeIgniter->runController()
 4 SYSTEMPATH/CodeIgniter.php(366): CodeIgniter\CodeIgniter->handleRequest()
 5 FCPATH/index.php(67): CodeIgniter\CodeIgniter->run()
CRITICAL - 2024-06-21 09:00:09 --> User does not exist for specified user id
in APPPATH/Models/UserModel.php on line 276.
 1 APPPATH/Controllers/Users.php(41): App\Models\UserModel->findUserById()
 2 SYSTEMPATH/CodeIgniter.php(932): App\Controllers\Users->get_user()
 3 SYSTEMPATH/CodeIgniter.php(497): CodeIgniter\CodeIgniter->runController()
 4 SYSTEMPATH/CodeIgniter.php(366): CodeIgniter\CodeIgniter->handleRequest()
 5 FCPATH/index.php(67): CodeIgniter\CodeIgniter->run()
CRITICAL - 2024-06-21 09:00:10 --> User does not exist for specified user id
in APPPATH/Models/UserModel.php on line 276.
 1 APPPATH/Controllers/Users.php(115): App\Models\UserModel->findUserById()
 2 SYSTEMPATH/CodeIgniter.php(932): App\Controllers\Users->ref_point()
 3 SYSTEMPATH/CodeIgniter.php(497): CodeIgniter\CodeIgniter->runController()
 4 SYSTEMPATH/CodeIgniter.php(366): CodeIgniter\CodeIgniter->handleRequest()
 5 FCPATH/index.php(67): CodeIgniter\CodeIgniter->run()
CRITICAL - 2024-06-21 09:00:20 --> User does not exist for specified user id
in APPPATH/Models/UserModel.php on line 276.
 1 APPPATH/Controllers/Users.php(115): App\Models\UserModel->findUserById()
 2 SYSTEMPATH/CodeIgniter.php(932): App\Controllers\Users->ref_point()
 3 SYSTEMPATH/CodeIgniter.php(497): CodeIgniter\CodeIgniter->runController()
 4 SYSTEMPATH/CodeIgniter.php(366): CodeIgniter\CodeIgniter->handleRequest()
 5 FCPATH/index.php(67): CodeIgniter\CodeIgniter->run()
CRITICAL - 2024-06-21 09:00:30 --> User does not exist for specified user id
in APPPATH/Models/UserModel.php on line 276.
 1 APPPATH/Controllers/Users.php(115): App\Models\UserModel->findUserById()
 2 SYSTEMPATH/CodeIgniter.php(932): App\Controllers\Users->ref_point()
 3 SYSTEMPATH/CodeIgniter.php(497): CodeIgniter\CodeIgniter->runController()
 4 SYSTEMPATH/CodeIgniter.php(366): CodeIgniter\CodeIgniter->handleRequest()
 5 FCPATH/index.php(67): CodeIgniter\CodeIgniter->run()
CRITICAL - 2024-06-21 09:00:40 --> User does not exist for specified user id
in APPPATH/Models/UserModel.php on line 276.
 1 APPPATH/Controllers/Users.php(115): App\Models\UserModel->findUserById()
 2 SYSTEMPATH/CodeIgniter.php(932): App\Controllers\Users->ref_point()
 3 SYSTEMPATH/CodeIgniter.php(497): CodeIgniter\CodeIgniter->runController()
 4 SYSTEMPATH/CodeIgniter.php(366): CodeIgniter\CodeIgniter->handleRequest()
 5 FCPATH/index.php(67): CodeIgniter\CodeIgniter->run()
CRITICAL - 2024-06-21 09:00:47 --> User does not exist for specified user id
in APPPATH/Models/UserModel.php on line 276.
 1 APPPATH/Controllers/Users.php(41): App\Models\UserModel->findUserById()
 2 SYSTEMPATH/CodeIgniter.php(932): App\Controllers\Users->get_user()
 3 SYSTEMPATH/CodeIgniter.php(497): CodeIgniter\CodeIgniter->runController()
 4 SYSTEMPATH/CodeIgniter.php(366): CodeIgniter\CodeIgniter->handleRequest()
 5 FCPATH/index.php(67): CodeIgniter\CodeIgniter->run()
CRITICAL - 2024-06-21 09:00:47 --> User does not exist for specified user id
in APPPATH/Models/UserModel.php on line 276.
 1 APPPATH/Controllers/Users.php(41): App\Models\UserModel->findUserById()
 2 SYSTEMPATH/CodeIgniter.php(932): App\Controllers\Users->get_user()
 3 SYSTEMPATH/CodeIgniter.php(497): CodeIgniter\CodeIgniter->runController()
 4 SYSTEMPATH/CodeIgniter.php(366): CodeIgniter\CodeIgniter->handleRequest()
 5 FCPATH/index.php(67): CodeIgniter\CodeIgniter->run()
CRITICAL - 2024-06-21 09:00:50 --> User does not exist for specified user id
in APPPATH/Models/UserModel.php on line 276.
 1 APPPATH/Controllers/Users.php(115): App\Models\UserModel->findUserById()
 2 SYSTEMPATH/CodeIgniter.php(932): App\Controllers\Users->ref_point()
 3 SYSTEMPATH/CodeIgniter.php(497): CodeIgniter\CodeIgniter->runController()
 4 SYSTEMPATH/CodeIgniter.php(366): CodeIgniter\CodeIgniter->handleRequest()
 5 FCPATH/index.php(67): CodeIgniter\CodeIgniter->run()
CRITICAL - 2024-06-21 09:01:00 --> User does not exist for specified user id
in APPPATH/Models/UserModel.php on line 276.
 1 APPPATH/Controllers/Users.php(115): App\Models\UserModel->findUserById()
 2 SYSTEMPATH/CodeIgniter.php(932): App\Controllers\Users->ref_point()
 3 SYSTEMPATH/CodeIgniter.php(497): CodeIgniter\CodeIgniter->runController()
 4 SYSTEMPATH/CodeIgniter.php(366): CodeIgniter\CodeIgniter->handleRequest()
 5 FCPATH/index.php(67): CodeIgniter\CodeIgniter->run()
CRITICAL - 2024-06-21 09:01:10 --> User does not exist for specified user id
in APPPATH/Models/UserModel.php on line 276.
 1 APPPATH/Controllers/Users.php(115): App\Models\UserModel->findUserById()
 2 SYSTEMPATH/CodeIgniter.php(932): App\Controllers\Users->ref_point()
 3 SYSTEMPATH/CodeIgniter.php(497): CodeIgniter\CodeIgniter->runController()
 4 SYSTEMPATH/CodeIgniter.php(366): CodeIgniter\CodeIgniter->handleRequest()
 5 FCPATH/index.php(67): CodeIgniter\CodeIgniter->run()
CRITICAL - 2024-06-21 09:01:20 --> User does not exist for specified user id
in APPPATH/Models/UserModel.php on line 276.
 1 APPPATH/Controllers/Users.php(115): App\Models\UserModel->findUserById()
 2 SYSTEMPATH/CodeIgniter.php(932): App\Controllers\Users->ref_point()
 3 SYSTEMPATH/CodeIgniter.php(497): CodeIgniter\CodeIgniter->runController()
 4 SYSTEMPATH/CodeIgniter.php(366): CodeIgniter\CodeIgniter->handleRequest()
 5 FCPATH/index.php(67): CodeIgniter\CodeIgniter->run()
CRITICAL - 2024-06-21 09:01:30 --> User does not exist for specified user id
in APPPATH/Models/UserModel.php on line 276.
 1 APPPATH/Controllers/Users.php(115): App\Models\UserModel->findUserById()
 2 SYSTEMPATH/CodeIgniter.php(932): App\Controllers\Users->ref_point()
 3 SYSTEMPATH/CodeIgniter.php(497): CodeIgniter\CodeIgniter->runController()
 4 SYSTEMPATH/CodeIgniter.php(366): CodeIgniter\CodeIgniter->handleRequest()
 5 FCPATH/index.php(67): CodeIgniter\CodeIgniter->run()
CRITICAL - 2024-06-21 09:01:40 --> User does not exist for specified user id
in APPPATH/Models/UserModel.php on line 276.
 1 APPPATH/Controllers/Users.php(115): App\Models\UserModel->findUserById()
 2 SYSTEMPATH/CodeIgniter.php(932): App\Controllers\Users->ref_point()
 3 SYSTEMPATH/CodeIgniter.php(497): CodeIgniter\CodeIgniter->runController()
 4 SYSTEMPATH/CodeIgniter.php(366): CodeIgniter\CodeIgniter->handleRequest()
 5 FCPATH/index.php(67): CodeIgniter\CodeIgniter->run()
CRITICAL - 2024-06-21 09:01:50 --> User does not exist for specified user id
in APPPATH/Models/UserModel.php on line 276.
 1 APPPATH/Controllers/Users.php(115): App\Models\UserModel->findUserById()
 2 SYSTEMPATH/CodeIgniter.php(932): App\Controllers\Users->ref_point()
 3 SYSTEMPATH/CodeIgniter.php(497): CodeIgniter\CodeIgniter->runController()
 4 SYSTEMPATH/CodeIgniter.php(366): CodeIgniter\CodeIgniter->handleRequest()
 5 FCPATH/index.php(67): CodeIgniter\CodeIgniter->run()
CRITICAL - 2024-06-21 09:02:00 --> User does not exist for specified user id
in APPPATH/Models/UserModel.php on line 276.
 1 APPPATH/Controllers/Users.php(115): App\Models\UserModel->findUserById()
 2 SYSTEMPATH/CodeIgniter.php(932): App\Controllers\Users->ref_point()
 3 SYSTEMPATH/CodeIgniter.php(497): CodeIgniter\CodeIgniter->runController()
 4 SYSTEMPATH/CodeIgniter.php(366): CodeIgniter\CodeIgniter->handleRequest()
 5 FCPATH/index.php(67): CodeIgniter\CodeIgniter->run()
CRITICAL - 2024-06-21 09:02:10 --> User does not exist for specified user id
in APPPATH/Models/UserModel.php on line 276.
 1 APPPATH/Controllers/Users.php(115): App\Models\UserModel->findUserById()
 2 SYSTEMPATH/CodeIgniter.php(932): App\Controllers\Users->ref_point()
 3 SYSTEMPATH/CodeIgniter.php(497): CodeIgniter\CodeIgniter->runController()
 4 SYSTEMPATH/CodeIgniter.php(366): CodeIgniter\CodeIgniter->handleRequest()
 5 FCPATH/index.php(67): CodeIgniter\CodeIgniter->run()
CRITICAL - 2024-06-21 09:02:20 --> User does not exist for specified user id
in APPPATH/Models/UserModel.php on line 276.
 1 APPPATH/Controllers/Users.php(115): App\Models\UserModel->findUserById()
 2 SYSTEMPATH/CodeIgniter.php(932): App\Controllers\Users->ref_point()
 3 SYSTEMPATH/CodeIgniter.php(497): CodeIgniter\CodeIgniter->runController()
 4 SYSTEMPATH/CodeIgniter.php(366): CodeIgniter\CodeIgniter->handleRequest()
 5 FCPATH/index.php(67): CodeIgniter\CodeIgniter->run()
CRITICAL - 2024-06-21 09:02:21 --> User does not exist for specified user id
in APPPATH/Models/UserModel.php on line 276.
 1 APPPATH/Controllers/Users.php(41): App\Models\UserModel->findUserById()
 2 SYSTEMPATH/CodeIgniter.php(932): App\Controllers\Users->get_user()
 3 SYSTEMPATH/CodeIgniter.php(497): CodeIgniter\CodeIgniter->runController()
 4 SYSTEMPATH/CodeIgniter.php(366): CodeIgniter\CodeIgniter->handleRequest()
 5 FCPATH/index.php(67): CodeIgniter\CodeIgniter->run()
CRITICAL - 2024-06-21 09:02:22 --> User does not exist for specified user id
in APPPATH/Models/UserModel.php on line 276.
 1 APPPATH/Controllers/Users.php(41): App\Models\UserModel->findUserById()
 2 SYSTEMPATH/CodeIgniter.php(932): App\Controllers\Users->get_user()
 3 SYSTEMPATH/CodeIgniter.php(497): CodeIgniter\CodeIgniter->runController()
 4 SYSTEMPATH/CodeIgniter.php(366): CodeIgniter\CodeIgniter->handleRequest()
 5 FCPATH/index.php(67): CodeIgniter\CodeIgniter->run()
CRITICAL - 2024-06-21 09:02:30 --> User does not exist for specified user id
in APPPATH/Models/UserModel.php on line 276.
 1 APPPATH/Controllers/Users.php(115): App\Models\UserModel->findUserById()
 2 SYSTEMPATH/CodeIgniter.php(932): App\Controllers\Users->ref_point()
 3 SYSTEMPATH/CodeIgniter.php(497): CodeIgniter\CodeIgniter->runController()
 4 SYSTEMPATH/CodeIgniter.php(366): CodeIgniter\CodeIgniter->handleRequest()
 5 FCPATH/index.php(67): CodeIgniter\CodeIgniter->run()
CRITICAL - 2024-06-21 09:02:40 --> User does not exist for specified user id
in APPPATH/Models/UserModel.php on line 276.
 1 APPPATH/Controllers/Users.php(115): App\Models\UserModel->findUserById()
 2 SYSTEMPATH/CodeIgniter.php(932): App\Controllers\Users->ref_point()
 3 SYSTEMPATH/CodeIgniter.php(497): CodeIgniter\CodeIgniter->runController()
 4 SYSTEMPATH/CodeIgniter.php(366): CodeIgniter\CodeIgniter->handleRequest()
 5 FCPATH/index.php(67): CodeIgniter\CodeIgniter->run()
CRITICAL - 2024-06-21 09:02:50 --> User does not exist for specified user id
in APPPATH/Models/UserModel.php on line 276.
 1 APPPATH/Controllers/Users.php(115): App\Models\UserModel->findUserById()
 2 SYSTEMPATH/CodeIgniter.php(932): App\Controllers\Users->ref_point()
 3 SYSTEMPATH/CodeIgniter.php(497): CodeIgniter\CodeIgniter->runController()
 4 SYSTEMPATH/CodeIgniter.php(366): CodeIgniter\CodeIgniter->handleRequest()
 5 FCPATH/index.php(67): CodeIgniter\CodeIgniter->run()
CRITICAL - 2024-06-21 09:03:00 --> User does not exist for specified user id
in APPPATH/Models/UserModel.php on line 276.
 1 APPPATH/Controllers/Users.php(115): App\Models\UserModel->findUserById()
 2 SYSTEMPATH/CodeIgniter.php(932): App\Controllers\Users->ref_point()
 3 SYSTEMPATH/CodeIgniter.php(497): CodeIgniter\CodeIgniter->runController()
 4 SYSTEMPATH/CodeIgniter.php(366): CodeIgniter\CodeIgniter->handleRequest()
 5 FCPATH/index.php(67): CodeIgniter\CodeIgniter->run()
CRITICAL - 2024-06-21 09:03:10 --> User does not exist for specified user id
in APPPATH/Models/UserModel.php on line 276.
 1 APPPATH/Controllers/Users.php(115): App\Models\UserModel->findUserById()
 2 SYSTEMPATH/CodeIgniter.php(932): App\Controllers\Users->ref_point()
 3 SYSTEMPATH/CodeIgniter.php(497): CodeIgniter\CodeIgniter->runController()
 4 SYSTEMPATH/CodeIgniter.php(366): CodeIgniter\CodeIgniter->handleRequest()
 5 FCPATH/index.php(67): CodeIgniter\CodeIgniter->run()
CRITICAL - 2024-06-21 09:03:20 --> User does not exist for specified user id
in APPPATH/Models/UserModel.php on line 276.
 1 APPPATH/Controllers/Users.php(115): App\Models\UserModel->findUserById()
 2 SYSTEMPATH/CodeIgniter.php(932): App\Controllers\Users->ref_point()
 3 SYSTEMPATH/CodeIgniter.php(497): CodeIgniter\CodeIgniter->runController()
 4 SYSTEMPATH/CodeIgniter.php(366): CodeIgniter\CodeIgniter->handleRequest()
 5 FCPATH/index.php(67): CodeIgniter\CodeIgniter->run()
CRITICAL - 2024-06-21 09:03:30 --> User does not exist for specified user id
in APPPATH/Models/UserModel.php on line 276.
 1 APPPATH/Controllers/Users.php(115): App\Models\UserModel->findUserById()
 2 SYSTEMPATH/CodeIgniter.php(932): App\Controllers\Users->ref_point()
 3 SYSTEMPATH/CodeIgniter.php(497): CodeIgniter\CodeIgniter->runController()
 4 SYSTEMPATH/CodeIgniter.php(366): CodeIgniter\CodeIgniter->handleRequest()
 5 FCPATH/index.php(67): CodeIgniter\CodeIgniter->run()
CRITICAL - 2024-06-21 09:03:40 --> User does not exist for specified user id
in APPPATH/Models/UserModel.php on line 276.
 1 APPPATH/Controllers/Users.php(115): App\Models\UserModel->findUserById()
 2 SYSTEMPATH/CodeIgniter.php(932): App\Controllers\Users->ref_point()
 3 SYSTEMPATH/CodeIgniter.php(497): CodeIgniter\CodeIgniter->runController()
 4 SYSTEMPATH/CodeIgniter.php(366): CodeIgniter\CodeIgniter->handleRequest()
 5 FCPATH/index.php(67): CodeIgniter\CodeIgniter->run()
CRITICAL - 2024-06-21 09:03:50 --> User does not exist for specified user id
in APPPATH/Models/UserModel.php on line 276.
 1 APPPATH/Controllers/Users.php(115): App\Models\UserModel->findUserById()
 2 SYSTEMPATH/CodeIgniter.php(932): App\Controllers\Users->ref_point()
 3 SYSTEMPATH/CodeIgniter.php(497): CodeIgniter\CodeIgniter->runController()
 4 SYSTEMPATH/CodeIgniter.php(366): CodeIgniter\CodeIgniter->handleRequest()
 5 FCPATH/index.php(67): CodeIgniter\CodeIgniter->run()
CRITICAL - 2024-06-21 09:03:58 --> User does not exist for specified user id
in APPPATH/Models/UserModel.php on line 276.
 1 APPPATH/Controllers/Users.php(41): App\Models\UserModel->findUserById()
 2 SYSTEMPATH/CodeIgniter.php(932): App\Controllers\Users->get_user()
 3 SYSTEMPATH/CodeIgniter.php(497): CodeIgniter\CodeIgniter->runController()
 4 SYSTEMPATH/CodeIgniter.php(366): CodeIgniter\CodeIgniter->handleRequest()
 5 FCPATH/index.php(67): CodeIgniter\CodeIgniter->run()
CRITICAL - 2024-06-21 09:03:58 --> User does not exist for specified user id
in APPPATH/Models/UserModel.php on line 276.
 1 APPPATH/Controllers/Users.php(41): App\Models\UserModel->findUserById()
 2 SYSTEMPATH/CodeIgniter.php(932): App\Controllers\Users->get_user()
 3 SYSTEMPATH/CodeIgniter.php(497): CodeIgniter\CodeIgniter->runController()
 4 SYSTEMPATH/CodeIgniter.php(366): CodeIgniter\CodeIgniter->handleRequest()
 5 FCPATH/index.php(67): CodeIgniter\CodeIgniter->run()
CRITICAL - 2024-06-21 09:04:00 --> User does not exist for specified user id
in APPPATH/Models/UserModel.php on line 276.
 1 APPPATH/Controllers/Users.php(115): App\Models\UserModel->findUserById()
 2 SYSTEMPATH/CodeIgniter.php(932): App\Controllers\Users->ref_point()
 3 SYSTEMPATH/CodeIgniter.php(497): CodeIgniter\CodeIgniter->runController()
 4 SYSTEMPATH/CodeIgniter.php(366): CodeIgniter\CodeIgniter->handleRequest()
 5 FCPATH/index.php(67): CodeIgniter\CodeIgniter->run()
CRITICAL - 2024-06-21 09:04:10 --> User does not exist for specified user id
in APPPATH/Models/UserModel.php on line 276.
 1 APPPATH/Controllers/Users.php(115): App\Models\UserModel->findUserById()
 2 SYSTEMPATH/CodeIgniter.php(932): App\Controllers\Users->ref_point()
 3 SYSTEMPATH/CodeIgniter.php(497): CodeIgniter\CodeIgniter->runController()
 4 SYSTEMPATH/CodeIgniter.php(366): CodeIgniter\CodeIgniter->handleRequest()
 5 FCPATH/index.php(67): CodeIgniter\CodeIgniter->run()
CRITICAL - 2024-06-21 09:04:20 --> User does not exist for specified user id
in APPPATH/Models/UserModel.php on line 276.
 1 APPPATH/Controllers/Users.php(115): App\Models\UserModel->findUserById()
 2 SYSTEMPATH/CodeIgniter.php(932): App\Controllers\Users->ref_point()
 3 SYSTEMPATH/CodeIgniter.php(497): CodeIgniter\CodeIgniter->runController()
 4 SYSTEMPATH/CodeIgniter.php(366): CodeIgniter\CodeIgniter->handleRequest()
 5 FCPATH/index.php(67): CodeIgniter\CodeIgniter->run()
CRITICAL - 2024-06-21 09:04:30 --> User does not exist for specified user id
in APPPATH/Models/UserModel.php on line 276.
 1 APPPATH/Controllers/Users.php(115): App\Models\UserModel->findUserById()
 2 SYSTEMPATH/CodeIgniter.php(932): App\Controllers\Users->ref_point()
 3 SYSTEMPATH/CodeIgniter.php(497): CodeIgniter\CodeIgniter->runController()
 4 SYSTEMPATH/CodeIgniter.php(366): CodeIgniter\CodeIgniter->handleRequest()
 5 FCPATH/index.php(67): CodeIgniter\CodeIgniter->run()
CRITICAL - 2024-06-21 09:04:40 --> User does not exist for specified user id
in APPPATH/Models/UserModel.php on line 276.
 1 APPPATH/Controllers/Users.php(115): App\Models\UserModel->findUserById()
 2 SYSTEMPATH/CodeIgniter.php(932): App\Controllers\Users->ref_point()
 3 SYSTEMPATH/CodeIgniter.php(497): CodeIgniter\CodeIgniter->runController()
 4 SYSTEMPATH/CodeIgniter.php(366): CodeIgniter\CodeIgniter->handleRequest()
 5 FCPATH/index.php(67): CodeIgniter\CodeIgniter->run()
CRITICAL - 2024-06-21 09:04:50 --> User does not exist for specified user id
in APPPATH/Models/UserModel.php on line 276.
 1 APPPATH/Controllers/Users.php(115): App\Models\UserModel->findUserById()
 2 SYSTEMPATH/CodeIgniter.php(932): App\Controllers\Users->ref_point()
 3 SYSTEMPATH/CodeIgniter.php(497): CodeIgniter\CodeIgniter->runController()
 4 SYSTEMPATH/CodeIgniter.php(366): CodeIgniter\CodeIgniter->handleRequest()
 5 FCPATH/index.php(67): CodeIgniter\CodeIgniter->run()
CRITICAL - 2024-06-21 09:05:00 --> User does not exist for specified user id
in APPPATH/Models/UserModel.php on line 276.
 1 APPPATH/Controllers/Users.php(115): App\Models\UserModel->findUserById()
 2 SYSTEMPATH/CodeIgniter.php(932): App\Controllers\Users->ref_point()
 3 SYSTEMPATH/CodeIgniter.php(497): CodeIgniter\CodeIgniter->runController()
 4 SYSTEMPATH/CodeIgniter.php(366): CodeIgniter\CodeIgniter->handleRequest()
 5 FCPATH/index.php(67): CodeIgniter\CodeIgniter->run()
CRITICAL - 2024-06-21 09:05:10 --> User does not exist for specified user id
in APPPATH/Models/UserModel.php on line 276.
 1 APPPATH/Controllers/Users.php(115): App\Models\UserModel->findUserById()
 2 SYSTEMPATH/CodeIgniter.php(932): App\Controllers\Users->ref_point()
 3 SYSTEMPATH/CodeIgniter.php(497): CodeIgniter\CodeIgniter->runController()
 4 SYSTEMPATH/CodeIgniter.php(366): CodeIgniter\CodeIgniter->handleRequest()
 5 FCPATH/index.php(67): CodeIgniter\CodeIgniter->run()
CRITICAL - 2024-06-21 09:05:20 --> User does not exist for specified user id
in APPPATH/Models/UserModel.php on line 276.
 1 APPPATH/Controllers/Users.php(115): App\Models\UserModel->findUserById()
 2 SYSTEMPATH/CodeIgniter.php(932): App\Controllers\Users->ref_point()
 3 SYSTEMPATH/CodeIgniter.php(497): CodeIgniter\CodeIgniter->runController()
 4 SYSTEMPATH/CodeIgniter.php(366): CodeIgniter\CodeIgniter->handleRequest()
 5 FCPATH/index.php(67): CodeIgniter\CodeIgniter->run()
CRITICAL - 2024-06-21 09:05:30 --> User does not exist for specified user id
in APPPATH/Models/UserModel.php on line 276.
 1 APPPATH/Controllers/Users.php(115): App\Models\UserModel->findUserById()
 2 SYSTEMPATH/CodeIgniter.php(932): App\Controllers\Users->ref_point()
 3 SYSTEMPATH/CodeIgniter.php(497): CodeIgniter\CodeIgniter->runController()
 4 SYSTEMPATH/CodeIgniter.php(366): CodeIgniter\CodeIgniter->handleRequest()
 5 FCPATH/index.php(67): CodeIgniter\CodeIgniter->run()
CRITICAL - 2024-06-21 09:05:33 --> User does not exist for specified user id
in APPPATH/Models/UserModel.php on line 276.
 1 APPPATH/Controllers/Users.php(41): App\Models\UserModel->findUserById()
 2 SYSTEMPATH/CodeIgniter.php(932): App\Controllers\Users->get_user()
 3 SYSTEMPATH/CodeIgniter.php(497): CodeIgniter\CodeIgniter->runController()
 4 SYSTEMPATH/CodeIgniter.php(366): CodeIgniter\CodeIgniter->handleRequest()
 5 FCPATH/index.php(67): CodeIgniter\CodeIgniter->run()
CRITICAL - 2024-06-21 09:05:34 --> User does not exist for specified user id
in APPPATH/Models/UserModel.php on line 276.
 1 APPPATH/Controllers/Users.php(41): App\Models\UserModel->findUserById()
 2 SYSTEMPATH/CodeIgniter.php(932): App\Controllers\Users->get_user()
 3 SYSTEMPATH/CodeIgniter.php(497): CodeIgniter\CodeIgniter->runController()
 4 SYSTEMPATH/CodeIgniter.php(366): CodeIgniter\CodeIgniter->handleRequest()
 5 FCPATH/index.php(67): CodeIgniter\CodeIgniter->run()
CRITICAL - 2024-06-21 09:05:40 --> User does not exist for specified user id
in APPPATH/Models/UserModel.php on line 276.
 1 APPPATH/Controllers/Users.php(115): App\Models\UserModel->findUserById()
 2 SYSTEMPATH/CodeIgniter.php(932): App\Controllers\Users->ref_point()
 3 SYSTEMPATH/CodeIgniter.php(497): CodeIgniter\CodeIgniter->runController()
 4 SYSTEMPATH/CodeIgniter.php(366): CodeIgniter\CodeIgniter->handleRequest()
 5 FCPATH/index.php(67): CodeIgniter\CodeIgniter->run()
CRITICAL - 2024-06-21 09:05:41 --> User does not exist for specified user id
in APPPATH/Models/UserModel.php on line 276.
 1 APPPATH/Controllers/Users.php(41): App\Models\UserModel->findUserById()
 2 SYSTEMPATH/CodeIgniter.php(932): App\Controllers\Users->get_user()
 3 SYSTEMPATH/CodeIgniter.php(497): CodeIgniter\CodeIgniter->runController()
 4 SYSTEMPATH/CodeIgniter.php(366): CodeIgniter\CodeIgniter->handleRequest()
 5 FCPATH/index.php(67): CodeIgniter\CodeIgniter->run()
CRITICAL - 2024-06-21 09:05:41 --> User does not exist for specified user id
in APPPATH/Models/UserModel.php on line 276.
 1 APPPATH/Controllers/Users.php(41): App\Models\UserModel->findUserById()
 2 SYSTEMPATH/CodeIgniter.php(932): App\Controllers\Users->get_user()
 3 SYSTEMPATH/CodeIgniter.php(497): CodeIgniter\CodeIgniter->runController()
 4 SYSTEMPATH/CodeIgniter.php(366): CodeIgniter\CodeIgniter->handleRequest()
 5 FCPATH/index.php(67): CodeIgniter\CodeIgniter->run()
CRITICAL - 2024-06-21 09:05:50 --> User does not exist for specified user id
in APPPATH/Models/UserModel.php on line 276.
 1 APPPATH/Controllers/Users.php(115): App\Models\UserModel->findUserById()
 2 SYSTEMPATH/CodeIgniter.php(932): App\Controllers\Users->ref_point()
 3 SYSTEMPATH/CodeIgniter.php(497): CodeIgniter\CodeIgniter->runController()
 4 SYSTEMPATH/CodeIgniter.php(366): CodeIgniter\CodeIgniter->handleRequest()
 5 FCPATH/index.php(67): CodeIgniter\CodeIgniter->run()
CRITICAL - 2024-06-21 09:05:53 --> User does not exist for specified user id
in APPPATH/Models/UserModel.php on line 276.
 1 APPPATH/Controllers/Users.php(41): App\Models\UserModel->findUserById()
 2 SYSTEMPATH/CodeIgniter.php(932): App\Controllers\Users->get_user()
 3 SYSTEMPATH/CodeIgniter.php(497): CodeIgniter\CodeIgniter->runController()
 4 SYSTEMPATH/CodeIgniter.php(366): CodeIgniter\CodeIgniter->handleRequest()
 5 FCPATH/index.php(67): CodeIgniter\CodeIgniter->run()
CRITICAL - 2024-06-21 09:05:53 --> User does not exist for specified user id
in APPPATH/Models/UserModel.php on line 276.
 1 APPPATH/Controllers/Users.php(41): App\Models\UserModel->findUserById()
 2 SYSTEMPATH/CodeIgniter.php(932): App\Controllers\Users->get_user()
 3 SYSTEMPATH/CodeIgniter.php(497): CodeIgniter\CodeIgniter->runController()
 4 SYSTEMPATH/CodeIgniter.php(366): CodeIgniter\CodeIgniter->handleRequest()
 5 FCPATH/index.php(67): CodeIgniter\CodeIgniter->run()
CRITICAL - 2024-06-21 09:06:00 --> User does not exist for specified user id
in APPPATH/Models/UserModel.php on line 276.
 1 APPPATH/Controllers/Users.php(115): App\Models\UserModel->findUserById()
 2 SYSTEMPATH/CodeIgniter.php(932): App\Controllers\Users->ref_point()
 3 SYSTEMPATH/CodeIgniter.php(497): CodeIgniter\CodeIgniter->runController()
 4 SYSTEMPATH/CodeIgniter.php(366): CodeIgniter\CodeIgniter->handleRequest()
 5 FCPATH/index.php(67): CodeIgniter\CodeIgniter->run()
CRITICAL - 2024-06-21 09:06:10 --> User does not exist for specified user id
in APPPATH/Models/UserModel.php on line 276.
 1 APPPATH/Controllers/Users.php(115): App\Models\UserModel->findUserById()
 2 SYSTEMPATH/CodeIgniter.php(932): App\Controllers\Users->ref_point()
 3 SYSTEMPATH/CodeIgniter.php(497): CodeIgniter\CodeIgniter->runController()
 4 SYSTEMPATH/CodeIgniter.php(366): CodeIgniter\CodeIgniter->handleRequest()
 5 FCPATH/index.php(67): CodeIgniter\CodeIgniter->run()
CRITICAL - 2024-06-21 09:06:20 --> User does not exist for specified user id
in APPPATH/Models/UserModel.php on line 276.
 1 APPPATH/Controllers/Users.php(115): App\Models\UserModel->findUserById()
 2 SYSTEMPATH/CodeIgniter.php(932): App\Controllers\Users->ref_point()
 3 SYSTEMPATH/CodeIgniter.php(497): CodeIgniter\CodeIgniter->runController()
 4 SYSTEMPATH/CodeIgniter.php(366): CodeIgniter\CodeIgniter->handleRequest()
 5 FCPATH/index.php(67): CodeIgniter\CodeIgniter->run()
CRITICAL - 2024-06-21 09:06:30 --> User does not exist for specified user id
in APPPATH/Models/UserModel.php on line 276.
 1 APPPATH/Controllers/Users.php(115): App\Models\UserModel->findUserById()
 2 SYSTEMPATH/CodeIgniter.php(932): App\Controllers\Users->ref_point()
 3 SYSTEMPATH/CodeIgniter.php(497): CodeIgniter\CodeIgniter->runController()
 4 SYSTEMPATH/CodeIgniter.php(366): CodeIgniter\CodeIgniter->handleRequest()
 5 FCPATH/index.php(67): CodeIgniter\CodeIgniter->run()
CRITICAL - 2024-06-21 09:06:40 --> User does not exist for specified user id
in APPPATH/Models/UserModel.php on line 276.
 1 APPPATH/Controllers/Users.php(115): App\Models\UserModel->findUserById()
 2 SYSTEMPATH/CodeIgniter.php(932): App\Controllers\Users->ref_point()
 3 SYSTEMPATH/CodeIgniter.php(497): CodeIgniter\CodeIgniter->runController()
 4 SYSTEMPATH/CodeIgniter.php(366): CodeIgniter\CodeIgniter->handleRequest()
 5 FCPATH/index.php(67): CodeIgniter\CodeIgniter->run()
CRITICAL - 2024-06-21 09:06:50 --> User does not exist for specified user id
in APPPATH/Models/UserModel.php on line 276.
 1 APPPATH/Controllers/Users.php(115): App\Models\UserModel->findUserById()
 2 SYSTEMPATH/CodeIgniter.php(932): App\Controllers\Users->ref_point()
 3 SYSTEMPATH/CodeIgniter.php(497): CodeIgniter\CodeIgniter->runController()
 4 SYSTEMPATH/CodeIgniter.php(366): CodeIgniter\CodeIgniter->handleRequest()
 5 FCPATH/index.php(67): CodeIgniter\CodeIgniter->run()
CRITICAL - 2024-06-21 09:07:00 --> User does not exist for specified user id
in APPPATH/Models/UserModel.php on line 276.
 1 APPPATH/Controllers/Users.php(115): App\Models\UserModel->findUserById()
 2 SYSTEMPATH/CodeIgniter.php(932): App\Controllers\Users->ref_point()
 3 SYSTEMPATH/CodeIgniter.php(497): CodeIgniter\CodeIgniter->runController()
 4 SYSTEMPATH/CodeIgniter.php(366): CodeIgniter\CodeIgniter->handleRequest()
 5 FCPATH/index.php(67): CodeIgniter\CodeIgniter->run()
CRITICAL - 2024-06-21 09:07:10 --> User does not exist for specified user id
in APPPATH/Models/UserModel.php on line 276.
 1 APPPATH/Controllers/Users.php(115): App\Models\UserModel->findUserById()
 2 SYSTEMPATH/CodeIgniter.php(932): App\Controllers\Users->ref_point()
 3 SYSTEMPATH/CodeIgniter.php(497): CodeIgniter\CodeIgniter->runController()
 4 SYSTEMPATH/CodeIgniter.php(366): CodeIgniter\CodeIgniter->handleRequest()
 5 FCPATH/index.php(67): CodeIgniter\CodeIgniter->run()
CRITICAL - 2024-06-21 09:07:20 --> User does not exist for specified user id
in APPPATH/Models/UserModel.php on line 276.
 1 APPPATH/Controllers/Users.php(115): App\Models\UserModel->findUserById()
 2 SYSTEMPATH/CodeIgniter.php(932): App\Controllers\Users->ref_point()
 3 SYSTEMPATH/CodeIgniter.php(497): CodeIgniter\CodeIgniter->runController()
 4 SYSTEMPATH/CodeIgniter.php(366): CodeIgniter\CodeIgniter->handleRequest()
 5 FCPATH/index.php(67): CodeIgniter\CodeIgniter->run()
CRITICAL - 2024-06-21 09:07:30 --> User does not exist for specified user id
in APPPATH/Models/UserModel.php on line 276.
 1 APPPATH/Controllers/Users.php(115): App\Models\UserModel->findUserById()
 2 SYSTEMPATH/CodeIgniter.php(932): App\Controllers\Users->ref_point()
 3 SYSTEMPATH/CodeIgniter.php(497): CodeIgniter\CodeIgniter->runController()
 4 SYSTEMPATH/CodeIgniter.php(366): CodeIgniter\CodeIgniter->handleRequest()
 5 FCPATH/index.php(67): CodeIgniter\CodeIgniter->run()
CRITICAL - 2024-06-21 09:07:40 --> User does not exist for specified user id
in APPPATH/Models/UserModel.php on line 276.
 1 APPPATH/Controllers/Users.php(115): App\Models\UserModel->findUserById()
 2 SYSTEMPATH/CodeIgniter.php(932): App\Controllers\Users->ref_point()
 3 SYSTEMPATH/CodeIgniter.php(497): CodeIgniter\CodeIgniter->runController()
 4 SYSTEMPATH/CodeIgniter.php(366): CodeIgniter\CodeIgniter->handleRequest()
 5 FCPATH/index.php(67): CodeIgniter\CodeIgniter->run()
CRITICAL - 2024-06-21 09:07:50 --> User does not exist for specified user id
in APPPATH/Models/UserModel.php on line 276.
 1 APPPATH/Controllers/Users.php(115): App\Models\UserModel->findUserById()
 2 SYSTEMPATH/CodeIgniter.php(932): App\Controllers\Users->ref_point()
 3 SYSTEMPATH/CodeIgniter.php(497): CodeIgniter\CodeIgniter->runController()
 4 SYSTEMPATH/CodeIgniter.php(366): CodeIgniter\CodeIgniter->handleRequest()
 5 FCPATH/index.php(67): CodeIgniter\CodeIgniter->run()
CRITICAL - 2024-06-21 09:08:00 --> User does not exist for specified user id
in APPPATH/Models/UserModel.php on line 276.
 1 APPPATH/Controllers/Users.php(115): App\Models\UserModel->findUserById()
 2 SYSTEMPATH/CodeIgniter.php(932): App\Controllers\Users->ref_point()
 3 SYSTEMPATH/CodeIgniter.php(497): CodeIgniter\CodeIgniter->runController()
 4 SYSTEMPATH/CodeIgniter.php(366): CodeIgniter\CodeIgniter->handleRequest()
 5 FCPATH/index.php(67): CodeIgniter\CodeIgniter->run()
CRITICAL - 2024-06-21 09:08:04 --> User does not exist for specified user id
in APPPATH/Models/UserModel.php on line 276.
 1 APPPATH/Controllers/Users.php(41): App\Models\UserModel->findUserById()
 2 SYSTEMPATH/CodeIgniter.php(932): App\Controllers\Users->get_user()
 3 SYSTEMPATH/CodeIgniter.php(497): CodeIgniter\CodeIgniter->runController()
 4 SYSTEMPATH/CodeIgniter.php(366): CodeIgniter\CodeIgniter->handleRequest()
 5 FCPATH/index.php(67): CodeIgniter\CodeIgniter->run()
CRITICAL - 2024-06-21 09:08:04 --> User does not exist for specified user id
in APPPATH/Models/UserModel.php on line 276.
 1 APPPATH/Controllers/Users.php(41): App\Models\UserModel->findUserById()
 2 SYSTEMPATH/CodeIgniter.php(932): App\Controllers\Users->get_user()
 3 SYSTEMPATH/CodeIgniter.php(497): CodeIgniter\CodeIgniter->runController()
 4 SYSTEMPATH/CodeIgniter.php(366): CodeIgniter\CodeIgniter->handleRequest()
 5 FCPATH/index.php(67): CodeIgniter\CodeIgniter->run()
CRITICAL - 2024-06-21 09:08:10 --> User does not exist for specified user id
in APPPATH/Models/UserModel.php on line 276.
 1 APPPATH/Controllers/Users.php(115): App\Models\UserModel->findUserById()
 2 SYSTEMPATH/CodeIgniter.php(932): App\Controllers\Users->ref_point()
 3 SYSTEMPATH/CodeIgniter.php(497): CodeIgniter\CodeIgniter->runController()
 4 SYSTEMPATH/CodeIgniter.php(366): CodeIgniter\CodeIgniter->handleRequest()
 5 FCPATH/index.php(67): CodeIgniter\CodeIgniter->run()
CRITICAL - 2024-06-21 09:08:20 --> User does not exist for specified user id
in APPPATH/Models/UserModel.php on line 276.
 1 APPPATH/Controllers/Users.php(115): App\Models\UserModel->findUserById()
 2 SYSTEMPATH/CodeIgniter.php(932): App\Controllers\Users->ref_point()
 3 SYSTEMPATH/CodeIgniter.php(497): CodeIgniter\CodeIgniter->runController()
 4 SYSTEMPATH/CodeIgniter.php(366): CodeIgniter\CodeIgniter->handleRequest()
 5 FCPATH/index.php(67): CodeIgniter\CodeIgniter->run()
CRITICAL - 2024-06-21 09:08:30 --> User does not exist for specified user id
in APPPATH/Models/UserModel.php on line 276.
 1 APPPATH/Controllers/Users.php(115): App\Models\UserModel->findUserById()
 2 SYSTEMPATH/CodeIgniter.php(932): App\Controllers\Users->ref_point()
 3 SYSTEMPATH/CodeIgniter.php(497): CodeIgniter\CodeIgniter->runController()
 4 SYSTEMPATH/CodeIgniter.php(366): CodeIgniter\CodeIgniter->handleRequest()
 5 FCPATH/index.php(67): CodeIgniter\CodeIgniter->run()
CRITICAL - 2024-06-21 09:08:40 --> User does not exist for specified user id
in APPPATH/Models/UserModel.php on line 276.
 1 APPPATH/Controllers/Users.php(115): App\Models\UserModel->findUserById()
 2 SYSTEMPATH/CodeIgniter.php(932): App\Controllers\Users->ref_point()
 3 SYSTEMPATH/CodeIgniter.php(497): CodeIgniter\CodeIgniter->runController()
 4 SYSTEMPATH/CodeIgniter.php(366): CodeIgniter\CodeIgniter->handleRequest()
 5 FCPATH/index.php(67): CodeIgniter\CodeIgniter->run()
CRITICAL - 2024-06-21 09:08:50 --> User does not exist for specified user id
in APPPATH/Models/UserModel.php on line 276.
 1 APPPATH/Controllers/Users.php(115): App\Models\UserModel->findUserById()
 2 SYSTEMPATH/CodeIgniter.php(932): App\Controllers\Users->ref_point()
 3 SYSTEMPATH/CodeIgniter.php(497): CodeIgniter\CodeIgniter->runController()
 4 SYSTEMPATH/CodeIgniter.php(366): CodeIgniter\CodeIgniter->handleRequest()
 5 FCPATH/index.php(67): CodeIgniter\CodeIgniter->run()
CRITICAL - 2024-06-21 09:09:00 --> User does not exist for specified user id
in APPPATH/Models/UserModel.php on line 276.
 1 APPPATH/Controllers/Users.php(115): App\Models\UserModel->findUserById()
 2 SYSTEMPATH/CodeIgniter.php(932): App\Controllers\Users->ref_point()
 3 SYSTEMPATH/CodeIgniter.php(497): CodeIgniter\CodeIgniter->runController()
 4 SYSTEMPATH/CodeIgniter.php(366): CodeIgniter\CodeIgniter->handleRequest()
 5 FCPATH/index.php(67): CodeIgniter\CodeIgniter->run()
CRITICAL - 2024-06-21 09:09:10 --> User does not exist for specified user id
in APPPATH/Models/UserModel.php on line 276.
 1 APPPATH/Controllers/Users.php(115): App\Models\UserModel->findUserById()
 2 SYSTEMPATH/CodeIgniter.php(932): App\Controllers\Users->ref_point()
 3 SYSTEMPATH/CodeIgniter.php(497): CodeIgniter\CodeIgniter->runController()
 4 SYSTEMPATH/CodeIgniter.php(366): CodeIgniter\CodeIgniter->handleRequest()
 5 FCPATH/index.php(67): CodeIgniter\CodeIgniter->run()
CRITICAL - 2024-06-21 09:09:20 --> User does not exist for specified user id
in APPPATH/Models/UserModel.php on line 276.
 1 APPPATH/Controllers/Users.php(115): App\Models\UserModel->findUserById()
 2 SYSTEMPATH/CodeIgniter.php(932): App\Controllers\Users->ref_point()
 3 SYSTEMPATH/CodeIgniter.php(497): CodeIgniter\CodeIgniter->runController()
 4 SYSTEMPATH/CodeIgniter.php(366): CodeIgniter\CodeIgniter->handleRequest()
 5 FCPATH/index.php(67): CodeIgniter\CodeIgniter->run()
CRITICAL - 2024-06-21 09:09:30 --> User does not exist for specified user id
in APPPATH/Models/UserModel.php on line 276.
 1 APPPATH/Controllers/Users.php(115): App\Models\UserModel->findUserById()
 2 SYSTEMPATH/CodeIgniter.php(932): App\Controllers\Users->ref_point()
 3 SYSTEMPATH/CodeIgniter.php(497): CodeIgniter\CodeIgniter->runController()
 4 SYSTEMPATH/CodeIgniter.php(366): CodeIgniter\CodeIgniter->handleRequest()
 5 FCPATH/index.php(67): CodeIgniter\CodeIgniter->run()
CRITICAL - 2024-06-21 09:09:40 --> User does not exist for specified user id
in APPPATH/Models/UserModel.php on line 276.
 1 APPPATH/Controllers/Users.php(115): App\Models\UserModel->findUserById()
 2 SYSTEMPATH/CodeIgniter.php(932): App\Controllers\Users->ref_point()
 3 SYSTEMPATH/CodeIgniter.php(497): CodeIgniter\CodeIgniter->runController()
 4 SYSTEMPATH/CodeIgniter.php(366): CodeIgniter\CodeIgniter->handleRequest()
 5 FCPATH/index.php(67): CodeIgniter\CodeIgniter->run()
CRITICAL - 2024-06-21 09:09:50 --> User does not exist for specified user id
in APPPATH/Models/UserModel.php on line 276.
 1 APPPATH/Controllers/Users.php(115): App\Models\UserModel->findUserById()
 2 SYSTEMPATH/CodeIgniter.php(932): App\Controllers\Users->ref_point()
 3 SYSTEMPATH/CodeIgniter.php(497): CodeIgniter\CodeIgniter->runController()
 4 SYSTEMPATH/CodeIgniter.php(366): CodeIgniter\CodeIgniter->handleRequest()
 5 FCPATH/index.php(67): CodeIgniter\CodeIgniter->run()
CRITICAL - 2024-06-21 09:10:00 --> User does not exist for specified user id
in APPPATH/Models/UserModel.php on line 276.
 1 APPPATH/Controllers/Users.php(115): App\Models\UserModel->findUserById()
 2 SYSTEMPATH/CodeIgniter.php(932): App\Controllers\Users->ref_point()
 3 SYSTEMPATH/CodeIgniter.php(497): CodeIgniter\CodeIgniter->runController()
 4 SYSTEMPATH/CodeIgniter.php(366): CodeIgniter\CodeIgniter->handleRequest()
 5 FCPATH/index.php(67): CodeIgniter\CodeIgniter->run()
CRITICAL - 2024-06-21 09:10:10 --> User does not exist for specified user id
in APPPATH/Models/UserModel.php on line 276.
 1 APPPATH/Controllers/Users.php(115): App\Models\UserModel->findUserById()
 2 SYSTEMPATH/CodeIgniter.php(932): App\Controllers\Users->ref_point()
 3 SYSTEMPATH/CodeIgniter.php(497): CodeIgniter\CodeIgniter->runController()
 4 SYSTEMPATH/CodeIgniter.php(366): CodeIgniter\CodeIgniter->handleRequest()
 5 FCPATH/index.php(67): CodeIgniter\CodeIgniter->run()
CRITICAL - 2024-06-21 09:10:20 --> User does not exist for specified user id
in APPPATH/Models/UserModel.php on line 276.
 1 APPPATH/Controllers/Users.php(115): App\Models\UserModel->findUserById()
 2 SYSTEMPATH/CodeIgniter.php(932): App\Controllers\Users->ref_point()
 3 SYSTEMPATH/CodeIgniter.php(497): CodeIgniter\CodeIgniter->runController()
 4 SYSTEMPATH/CodeIgniter.php(366): CodeIgniter\CodeIgniter->handleRequest()
 5 FCPATH/index.php(67): CodeIgniter\CodeIgniter->run()
CRITICAL - 2024-06-21 09:10:30 --> User does not exist for specified user id
in APPPATH/Models/UserModel.php on line 276.
 1 APPPATH/Controllers/Users.php(115): App\Models\UserModel->findUserById()
 2 SYSTEMPATH/CodeIgniter.php(932): App\Controllers\Users->ref_point()
 3 SYSTEMPATH/CodeIgniter.php(497): CodeIgniter\CodeIgniter->runController()
 4 SYSTEMPATH/CodeIgniter.php(366): CodeIgniter\CodeIgniter->handleRequest()
 5 FCPATH/index.php(67): CodeIgniter\CodeIgniter->run()
CRITICAL - 2024-06-21 09:10:40 --> User does not exist for specified user id
in APPPATH/Models/UserModel.php on line 276.
 1 APPPATH/Controllers/Users.php(115): App\Models\UserModel->findUserById()
 2 SYSTEMPATH/CodeIgniter.php(932): App\Controllers\Users->ref_point()
 3 SYSTEMPATH/CodeIgniter.php(497): CodeIgniter\CodeIgniter->runController()
 4 SYSTEMPATH/CodeIgniter.php(366): CodeIgniter\CodeIgniter->handleRequest()
 5 FCPATH/index.php(67): CodeIgniter\CodeIgniter->run()
CRITICAL - 2024-06-21 09:10:41 --> User does not exist for specified user id
in APPPATH/Models/UserModel.php on line 276.
 1 APPPATH/Controllers/Users.php(115): App\Models\UserModel->findUserById()
 2 SYSTEMPATH/CodeIgniter.php(932): App\Controllers\Users->ref_point()
 3 SYSTEMPATH/CodeIgniter.php(497): CodeIgniter\CodeIgniter->runController()
 4 SYSTEMPATH/CodeIgniter.php(366): CodeIgniter\CodeIgniter->handleRequest()
 5 FCPATH/index.php(67): CodeIgniter\CodeIgniter->run()
CRITICAL - 2024-06-21 09:10:41 --> User does not exist for specified user id
in APPPATH/Models/UserModel.php on line 276.
 1 APPPATH/Controllers/Users.php(115): App\Models\UserModel->findUserById()
 2 SYSTEMPATH/CodeIgniter.php(932): App\Controllers\Users->ref_point()
 3 SYSTEMPATH/CodeIgniter.php(497): CodeIgniter\CodeIgniter->runController()
 4 SYSTEMPATH/CodeIgniter.php(366): CodeIgniter\CodeIgniter->handleRequest()
 5 FCPATH/index.php(67): CodeIgniter\CodeIgniter->run()
CRITICAL - 2024-06-21 09:10:41 --> Trying to access array offset on value of type null
in APPPATH/Models/BasicModel.php on line 216.
 1 APPPATH/Models/BasicModel.php(216): CodeIgniter\Debug\Exceptions->errorHandler()
 2 APPPATH/Models/BasicModel.php(32): App\Models\BasicModel->getUserWorkEmptyFields()
 3 APPPATH/Controllers/Basic.php(16): App\Models\BasicModel->getEmptyFields()
 4 SYSTEMPATH/CodeIgniter.php(932): App\Controllers\Basic->getUserProfileEmptyFields()
 5 SYSTEMPATH/CodeIgniter.php(497): CodeIgniter\CodeIgniter->runController()
 6 SYSTEMPATH/CodeIgniter.php(366): CodeIgniter\CodeIgniter->handleRequest()
 7 FCPATH/index.php(67): CodeIgniter\CodeIgniter->run()
CRITICAL - 2024-06-21 09:10:41 --> Trying to access array offset on value of type null
in APPPATH/Models/BasicModel.php on line 216.
 1 APPPATH/Models/BasicModel.php(216): CodeIgniter\Debug\Exceptions->errorHandler()
 2 APPPATH/Models/BasicModel.php(32): App\Models\BasicModel->getUserWorkEmptyFields()
 3 APPPATH/Controllers/Basic.php(16): App\Models\BasicModel->getEmptyFields()
 4 SYSTEMPATH/CodeIgniter.php(932): App\Controllers\Basic->getUserProfileEmptyFields()
 5 SYSTEMPATH/CodeIgniter.php(497): CodeIgniter\CodeIgniter->runController()
 6 SYSTEMPATH/CodeIgniter.php(366): CodeIgniter\CodeIgniter->handleRequest()
 7 FCPATH/index.php(67): CodeIgniter\CodeIgniter->run()
CRITICAL - 2024-06-21 09:10:50 --> User does not exist for specified user id
in APPPATH/Models/UserModel.php on line 276.
 1 APPPATH/Controllers/Users.php(115): App\Models\UserModel->findUserById()
 2 SYSTEMPATH/CodeIgniter.php(932): App\Controllers\Users->ref_point()
 3 SYSTEMPATH/CodeIgniter.php(497): CodeIgniter\CodeIgniter->runController()
 4 SYSTEMPATH/CodeIgniter.php(366): CodeIgniter\CodeIgniter->handleRequest()
 5 FCPATH/index.php(67): CodeIgniter\CodeIgniter->run()
CRITICAL - 2024-06-21 09:11:00 --> User does not exist for specified user id
in APPPATH/Models/UserModel.php on line 276.
 1 APPPATH/Controllers/Users.php(115): App\Models\UserModel->findUserById()
 2 SYSTEMPATH/CodeIgniter.php(932): App\Controllers\Users->ref_point()
 3 SYSTEMPATH/CodeIgniter.php(497): CodeIgniter\CodeIgniter->runController()
 4 SYSTEMPATH/CodeIgniter.php(366): CodeIgniter\CodeIgniter->handleRequest()
 5 FCPATH/index.php(67): CodeIgniter\CodeIgniter->run()
CRITICAL - 2024-06-21 09:11:10 --> User does not exist for specified user id
in APPPATH/Models/UserModel.php on line 276.
 1 APPPATH/Controllers/Users.php(115): App\Models\UserModel->findUserById()
 2 SYSTEMPATH/CodeIgniter.php(932): App\Controllers\Users->ref_point()
 3 SYSTEMPATH/CodeIgniter.php(497): CodeIgniter\CodeIgniter->runController()
 4 SYSTEMPATH/CodeIgniter.php(366): CodeIgniter\CodeIgniter->handleRequest()
 5 FCPATH/index.php(67): CodeIgniter\CodeIgniter->run()
CRITICAL - 2024-06-21 09:11:20 --> User does not exist for specified user id
in APPPATH/Models/UserModel.php on line 276.
 1 APPPATH/Controllers/Users.php(115): App\Models\UserModel->findUserById()
 2 SYSTEMPATH/CodeIgniter.php(932): App\Controllers\Users->ref_point()
 3 SYSTEMPATH/CodeIgniter.php(497): CodeIgniter\CodeIgniter->runController()
 4 SYSTEMPATH/CodeIgniter.php(366): CodeIgniter\CodeIgniter->handleRequest()
 5 FCPATH/index.php(67): CodeIgniter\CodeIgniter->run()
CRITICAL - 2024-06-21 09:11:30 --> User does not exist for specified user id
in APPPATH/Models/UserModel.php on line 276.
 1 APPPATH/Controllers/Users.php(115): App\Models\UserModel->findUserById()
 2 SYSTEMPATH/CodeIgniter.php(932): App\Controllers\Users->ref_point()
 3 SYSTEMPATH/CodeIgniter.php(497): CodeIgniter\CodeIgniter->runController()
 4 SYSTEMPATH/CodeIgniter.php(366): CodeIgniter\CodeIgniter->handleRequest()
 5 FCPATH/index.php(67): CodeIgniter\CodeIgniter->run()
CRITICAL - 2024-06-21 09:11:40 --> User does not exist for specified user id
in APPPATH/Models/UserModel.php on line 276.
 1 APPPATH/Controllers/Users.php(115): App\Models\UserModel->findUserById()
 2 SYSTEMPATH/CodeIgniter.php(932): App\Controllers\Users->ref_point()
 3 SYSTEMPATH/CodeIgniter.php(497): CodeIgniter\CodeIgniter->runController()
 4 SYSTEMPATH/CodeIgniter.php(366): CodeIgniter\CodeIgniter->handleRequest()
 5 FCPATH/index.php(67): CodeIgniter\CodeIgniter->run()
CRITICAL - 2024-06-21 09:11:50 --> User does not exist for specified user id
in APPPATH/Models/UserModel.php on line 276.
 1 APPPATH/Controllers/Users.php(115): App\Models\UserModel->findUserById()
 2 SYSTEMPATH/CodeIgniter.php(932): App\Controllers\Users->ref_point()
 3 SYSTEMPATH/CodeIgniter.php(497): CodeIgniter\CodeIgniter->runController()
 4 SYSTEMPATH/CodeIgniter.php(366): CodeIgniter\CodeIgniter->handleRequest()
 5 FCPATH/index.php(67): CodeIgniter\CodeIgniter->run()
CRITICAL - 2024-06-21 09:12:00 --> User does not exist for specified user id
in APPPATH/Models/UserModel.php on line 276.
 1 APPPATH/Controllers/Users.php(115): App\Models\UserModel->findUserById()
 2 SYSTEMPATH/CodeIgniter.php(932): App\Controllers\Users->ref_point()
 3 SYSTEMPATH/CodeIgniter.php(497): CodeIgniter\CodeIgniter->runController()
 4 SYSTEMPATH/CodeIgniter.php(366): CodeIgniter\CodeIgniter->handleRequest()
 5 FCPATH/index.php(67): CodeIgniter\CodeIgniter->run()
CRITICAL - 2024-06-21 09:12:10 --> User does not exist for specified user id
in APPPATH/Models/UserModel.php on line 276.
 1 APPPATH/Controllers/Users.php(115): App\Models\UserModel->findUserById()
 2 SYSTEMPATH/CodeIgniter.php(932): App\Controllers\Users->ref_point()
 3 SYSTEMPATH/CodeIgniter.php(497): CodeIgniter\CodeIgniter->runController()
 4 SYSTEMPATH/CodeIgniter.php(366): CodeIgniter\CodeIgniter->handleRequest()
 5 FCPATH/index.php(67): CodeIgniter\CodeIgniter->run()
CRITICAL - 2024-06-21 09:12:20 --> User does not exist for specified user id
in APPPATH/Models/UserModel.php on line 276.
 1 APPPATH/Controllers/Users.php(115): App\Models\UserModel->findUserById()
 2 SYSTEMPATH/CodeIgniter.php(932): App\Controllers\Users->ref_point()
 3 SYSTEMPATH/CodeIgniter.php(497): CodeIgniter\CodeIgniter->runController()
 4 SYSTEMPATH/CodeIgniter.php(366): CodeIgniter\CodeIgniter->handleRequest()
 5 FCPATH/index.php(67): CodeIgniter\CodeIgniter->run()
CRITICAL - 2024-06-21 09:12:30 --> User does not exist for specified user id
in APPPATH/Models/UserModel.php on line 276.
 1 APPPATH/Controllers/Users.php(115): App\Models\UserModel->findUserById()
 2 SYSTEMPATH/CodeIgniter.php(932): App\Controllers\Users->ref_point()
 3 SYSTEMPATH/CodeIgniter.php(497): CodeIgniter\CodeIgniter->runController()
 4 SYSTEMPATH/CodeIgniter.php(366): CodeIgniter\CodeIgniter->handleRequest()
 5 FCPATH/index.php(67): CodeIgniter\CodeIgniter->run()
CRITICAL - 2024-06-21 09:12:40 --> User does not exist for specified user id
in APPPATH/Models/UserModel.php on line 276.
 1 APPPATH/Controllers/Users.php(115): App\Models\UserModel->findUserById()
 2 SYSTEMPATH/CodeIgniter.php(932): App\Controllers\Users->ref_point()
 3 SYSTEMPATH/CodeIgniter.php(497): CodeIgniter\CodeIgniter->runController()
 4 SYSTEMPATH/CodeIgniter.php(366): CodeIgniter\CodeIgniter->handleRequest()
 5 FCPATH/index.php(67): CodeIgniter\CodeIgniter->run()
CRITICAL - 2024-06-21 09:12:50 --> User does not exist for specified user id
in APPPATH/Models/UserModel.php on line 276.
 1 APPPATH/Controllers/Users.php(115): App\Models\UserModel->findUserById()
 2 SYSTEMPATH/CodeIgniter.php(932): App\Controllers\Users->ref_point()
 3 SYSTEMPATH/CodeIgniter.php(497): CodeIgniter\CodeIgniter->runController()
 4 SYSTEMPATH/CodeIgniter.php(366): CodeIgniter\CodeIgniter->handleRequest()
 5 FCPATH/index.php(67): CodeIgniter\CodeIgniter->run()
CRITICAL - 2024-06-21 09:14:39 --> User does not exist for specified user id
in APPPATH/Models/UserModel.php on line 276.
 1 APPPATH/Controllers/Users.php(115): App\Models\UserModel->findUserById()
 2 SYSTEMPATH/CodeIgniter.php(932): App\Controllers\Users->ref_point()
 3 SYSTEMPATH/CodeIgniter.php(497): CodeIgniter\CodeIgniter->runController()
 4 SYSTEMPATH/CodeIgniter.php(366): CodeIgniter\CodeIgniter->handleRequest()
 5 FCPATH/index.php(67): CodeIgniter\CodeIgniter->run()
CRITICAL - 2024-06-21 09:17:23 --> User does not exist for specified user id
in APPPATH/Models/UserModel.php on line 276.
 1 APPPATH/Controllers/Users.php(115): App\Models\UserModel->findUserById()
 2 SYSTEMPATH/CodeIgniter.php(932): App\Controllers\Users->ref_point()
 3 SYSTEMPATH/CodeIgniter.php(497): CodeIgniter\CodeIgniter->runController()
 4 SYSTEMPATH/CodeIgniter.php(366): CodeIgniter\CodeIgniter->handleRequest()
 5 FCPATH/index.php(67): CodeIgniter\CodeIgniter->run()
CRITICAL - 2024-06-21 09:17:26 --> Trying to access array offset on value of type null
in APPPATH/Models/BasicModel.php on line 216.
 1 APPPATH/Models/BasicModel.php(216): CodeIgniter\Debug\Exceptions->errorHandler()
 2 APPPATH/Models/BasicModel.php(32): App\Models\BasicModel->getUserWorkEmptyFields()
 3 APPPATH/Controllers/Basic.php(16): App\Models\BasicModel->getEmptyFields()
 4 SYSTEMPATH/CodeIgniter.php(932): App\Controllers\Basic->getUserProfileEmptyFields()
 5 SYSTEMPATH/CodeIgniter.php(497): CodeIgniter\CodeIgniter->runController()
 6 SYSTEMPATH/CodeIgniter.php(366): CodeIgniter\CodeIgniter->handleRequest()
 7 FCPATH/index.php(67): CodeIgniter\CodeIgniter->run()
CRITICAL - 2024-06-21 09:17:26 --> User does not exist for specified user id
in APPPATH/Models/UserModel.php on line 276.
 1 APPPATH/Controllers/Users.php(115): App\Models\UserModel->findUserById()
 2 SYSTEMPATH/CodeIgniter.php(932): App\Controllers\Users->ref_point()
 3 SYSTEMPATH/CodeIgniter.php(497): CodeIgniter\CodeIgniter->runController()
 4 SYSTEMPATH/CodeIgniter.php(366): CodeIgniter\CodeIgniter->handleRequest()
 5 FCPATH/index.php(67): CodeIgniter\CodeIgniter->run()
CRITICAL - 2024-06-21 09:17:26 --> Trying to access array offset on value of type null
in APPPATH/Models/BasicModel.php on line 216.
 1 APPPATH/Models/BasicModel.php(216): CodeIgniter\Debug\Exceptions->errorHandler()
 2 APPPATH/Models/BasicModel.php(32): App\Models\BasicModel->getUserWorkEmptyFields()
 3 APPPATH/Controllers/Basic.php(16): App\Models\BasicModel->getEmptyFields()
 4 SYSTEMPATH/CodeIgniter.php(932): App\Controllers\Basic->getUserProfileEmptyFields()
 5 SYSTEMPATH/CodeIgniter.php(497): CodeIgniter\CodeIgniter->runController()
 6 SYSTEMPATH/CodeIgniter.php(366): CodeIgniter\CodeIgniter->handleRequest()
 7 FCPATH/index.php(67): CodeIgniter\CodeIgniter->run()
CRITICAL - 2024-06-21 09:17:26 --> User does not exist for specified user id
in APPPATH/Models/UserModel.php on line 276.
 1 APPPATH/Controllers/Users.php(115): App\Models\UserModel->findUserById()
 2 SYSTEMPATH/CodeIgniter.php(932): App\Controllers\Users->ref_point()
 3 SYSTEMPATH/CodeIgniter.php(497): CodeIgniter\CodeIgniter->runController()
 4 SYSTEMPATH/CodeIgniter.php(366): CodeIgniter\CodeIgniter->handleRequest()
 5 FCPATH/index.php(67): CodeIgniter\CodeIgniter->run()
CRITICAL - 2024-06-21 09:17:36 --> User does not exist for specified user id
in APPPATH/Models/UserModel.php on line 276.
 1 APPPATH/Controllers/Users.php(115): App\Models\UserModel->findUserById()
 2 SYSTEMPATH/CodeIgniter.php(932): App\Controllers\Users->ref_point()
 3 SYSTEMPATH/CodeIgniter.php(497): CodeIgniter\CodeIgniter->runController()
 4 SYSTEMPATH/CodeIgniter.php(366): CodeIgniter\CodeIgniter->handleRequest()
 5 FCPATH/index.php(67): CodeIgniter\CodeIgniter->run()
CRITICAL - 2024-06-21 09:17:46 --> User does not exist for specified user id
in APPPATH/Models/UserModel.php on line 276.
 1 APPPATH/Controllers/Users.php(115): App\Models\UserModel->findUserById()
 2 SYSTEMPATH/CodeIgniter.php(932): App\Controllers\Users->ref_point()
 3 SYSTEMPATH/CodeIgniter.php(497): CodeIgniter\CodeIgniter->runController()
 4 SYSTEMPATH/CodeIgniter.php(366): CodeIgniter\CodeIgniter->handleRequest()
 5 FCPATH/index.php(67): CodeIgniter\CodeIgniter->run()
CRITICAL - 2024-06-21 09:17:56 --> User does not exist for specified user id
in APPPATH/Models/UserModel.php on line 276.
 1 APPPATH/Controllers/Users.php(115): App\Models\UserModel->findUserById()
 2 SYSTEMPATH/CodeIgniter.php(932): App\Controllers\Users->ref_point()
 3 SYSTEMPATH/CodeIgniter.php(497): CodeIgniter\CodeIgniter->runController()
 4 SYSTEMPATH/CodeIgniter.php(366): CodeIgniter\CodeIgniter->handleRequest()
 5 FCPATH/index.php(67): CodeIgniter\CodeIgniter->run()
CRITICAL - 2024-06-21 09:18:06 --> User does not exist for specified user id
in APPPATH/Models/UserModel.php on line 276.
 1 APPPATH/Controllers/Users.php(115): App\Models\UserModel->findUserById()
 2 SYSTEMPATH/CodeIgniter.php(932): App\Controllers\Users->ref_point()
 3 SYSTEMPATH/CodeIgniter.php(497): CodeIgniter\CodeIgniter->runController()
 4 SYSTEMPATH/CodeIgniter.php(366): CodeIgniter\CodeIgniter->handleRequest()
 5 FCPATH/index.php(67): CodeIgniter\CodeIgniter->run()
CRITICAL - 2024-06-21 09:18:16 --> User does not exist for specified user id
in APPPATH/Models/UserModel.php on line 276.
 1 APPPATH/Controllers/Users.php(115): App\Models\UserModel->findUserById()
 2 SYSTEMPATH/CodeIgniter.php(932): App\Controllers\Users->ref_point()
 3 SYSTEMPATH/CodeIgniter.php(497): CodeIgniter\CodeIgniter->runController()
 4 SYSTEMPATH/CodeIgniter.php(366): CodeIgniter\CodeIgniter->handleRequest()
 5 FCPATH/index.php(67): CodeIgniter\CodeIgniter->run()
CRITICAL - 2024-06-21 09:18:26 --> User does not exist for specified user id
in APPPATH/Models/UserModel.php on line 276.
 1 APPPATH/Controllers/Users.php(115): App\Models\UserModel->findUserById()
 2 SYSTEMPATH/CodeIgniter.php(932): App\Controllers\Users->ref_point()
 3 SYSTEMPATH/CodeIgniter.php(497): CodeIgniter\CodeIgniter->runController()
 4 SYSTEMPATH/CodeIgniter.php(366): CodeIgniter\CodeIgniter->handleRequest()
 5 FCPATH/index.php(67): CodeIgniter\CodeIgniter->run()
CRITICAL - 2024-06-21 09:18:36 --> User does not exist for specified user id
in APPPATH/Models/UserModel.php on line 276.
 1 APPPATH/Controllers/Users.php(115): App\Models\UserModel->findUserById()
 2 SYSTEMPATH/CodeIgniter.php(932): App\Controllers\Users->ref_point()
 3 SYSTEMPATH/CodeIgniter.php(497): CodeIgniter\CodeIgniter->runController()
 4 SYSTEMPATH/CodeIgniter.php(366): CodeIgniter\CodeIgniter->handleRequest()
 5 FCPATH/index.php(67): CodeIgniter\CodeIgniter->run()
CRITICAL - 2024-06-21 09:18:46 --> User does not exist for specified user id
in APPPATH/Models/UserModel.php on line 276.
 1 APPPATH/Controllers/Users.php(115): App\Models\UserModel->findUserById()
 2 SYSTEMPATH/CodeIgniter.php(932): App\Controllers\Users->ref_point()
 3 SYSTEMPATH/CodeIgniter.php(497): CodeIgniter\CodeIgniter->runController()
 4 SYSTEMPATH/CodeIgniter.php(366): CodeIgniter\CodeIgniter->handleRequest()
 5 FCPATH/index.php(67): CodeIgniter\CodeIgniter->run()
CRITICAL - 2024-06-21 09:18:56 --> User does not exist for specified user id
in APPPATH/Models/UserModel.php on line 276.
 1 APPPATH/Controllers/Users.php(115): App\Models\UserModel->findUserById()
 2 SYSTEMPATH/CodeIgniter.php(932): App\Controllers\Users->ref_point()
 3 SYSTEMPATH/CodeIgniter.php(497): CodeIgniter\CodeIgniter->runController()
 4 SYSTEMPATH/CodeIgniter.php(366): CodeIgniter\CodeIgniter->handleRequest()
 5 FCPATH/index.php(67): CodeIgniter\CodeIgniter->run()
CRITICAL - 2024-06-21 09:19:06 --> User does not exist for specified user id
in APPPATH/Models/UserModel.php on line 276.
 1 APPPATH/Controllers/Users.php(115): App\Models\UserModel->findUserById()
 2 SYSTEMPATH/CodeIgniter.php(932): App\Controllers\Users->ref_point()
 3 SYSTEMPATH/CodeIgniter.php(497): CodeIgniter\CodeIgniter->runController()
 4 SYSTEMPATH/CodeIgniter.php(366): CodeIgniter\CodeIgniter->handleRequest()
 5 FCPATH/index.php(67): CodeIgniter\CodeIgniter->run()
CRITICAL - 2024-06-21 09:19:16 --> User does not exist for specified user id
in APPPATH/Models/UserModel.php on line 276.
 1 APPPATH/Controllers/Users.php(115): App\Models\UserModel->findUserById()
 2 SYSTEMPATH/CodeIgniter.php(932): App\Controllers\Users->ref_point()
 3 SYSTEMPATH/CodeIgniter.php(497): CodeIgniter\CodeIgniter->runController()
 4 SYSTEMPATH/CodeIgniter.php(366): CodeIgniter\CodeIgniter->handleRequest()
 5 FCPATH/index.php(67): CodeIgniter\CodeIgniter->run()
CRITICAL - 2024-06-21 09:19:26 --> User does not exist for specified user id
in APPPATH/Models/UserModel.php on line 276.
 1 APPPATH/Controllers/Users.php(115): App\Models\UserModel->findUserById()
 2 SYSTEMPATH/CodeIgniter.php(932): App\Controllers\Users->ref_point()
 3 SYSTEMPATH/CodeIgniter.php(497): CodeIgniter\CodeIgniter->runController()
 4 SYSTEMPATH/CodeIgniter.php(366): CodeIgniter\CodeIgniter->handleRequest()
 5 FCPATH/index.php(67): CodeIgniter\CodeIgniter->run()
CRITICAL - 2024-06-21 09:19:36 --> User does not exist for specified user id
in APPPATH/Models/UserModel.php on line 276.
 1 APPPATH/Controllers/Users.php(115): App\Models\UserModel->findUserById()
 2 SYSTEMPATH/CodeIgniter.php(932): App\Controllers\Users->ref_point()
 3 SYSTEMPATH/CodeIgniter.php(497): CodeIgniter\CodeIgniter->runController()
 4 SYSTEMPATH/CodeIgniter.php(366): CodeIgniter\CodeIgniter->handleRequest()
 5 FCPATH/index.php(67): CodeIgniter\CodeIgniter->run()
CRITICAL - 2024-06-21 09:19:46 --> User does not exist for specified user id
in APPPATH/Models/UserModel.php on line 276.
 1 APPPATH/Controllers/Users.php(115): App\Models\UserModel->findUserById()
 2 SYSTEMPATH/CodeIgniter.php(932): App\Controllers\Users->ref_point()
 3 SYSTEMPATH/CodeIgniter.php(497): CodeIgniter\CodeIgniter->runController()
 4 SYSTEMPATH/CodeIgniter.php(366): CodeIgniter\CodeIgniter->handleRequest()
 5 FCPATH/index.php(67): CodeIgniter\CodeIgniter->run()
CRITICAL - 2024-06-21 09:19:56 --> User does not exist for specified user id
in APPPATH/Models/UserModel.php on line 276.
 1 APPPATH/Controllers/Users.php(115): App\Models\UserModel->findUserById()
 2 SYSTEMPATH/CodeIgniter.php(932): App\Controllers\Users->ref_point()
 3 SYSTEMPATH/CodeIgniter.php(497): CodeIgniter\CodeIgniter->runController()
 4 SYSTEMPATH/CodeIgniter.php(366): CodeIgniter\CodeIgniter->handleRequest()
 5 FCPATH/index.php(67): CodeIgniter\CodeIgniter->run()
CRITICAL - 2024-06-21 09:20:06 --> User does not exist for specified user id
in APPPATH/Models/UserModel.php on line 276.
 1 APPPATH/Controllers/Users.php(115): App\Models\UserModel->findUserById()
 2 SYSTEMPATH/CodeIgniter.php(932): App\Controllers\Users->ref_point()
 3 SYSTEMPATH/CodeIgniter.php(497): CodeIgniter\CodeIgniter->runController()
 4 SYSTEMPATH/CodeIgniter.php(366): CodeIgniter\CodeIgniter->handleRequest()
 5 FCPATH/index.php(67): CodeIgniter\CodeIgniter->run()
CRITICAL - 2024-06-21 09:20:16 --> User does not exist for specified user id
in APPPATH/Models/UserModel.php on line 276.
 1 APPPATH/Controllers/Users.php(115): App\Models\UserModel->findUserById()
 2 SYSTEMPATH/CodeIgniter.php(932): App\Controllers\Users->ref_point()
 3 SYSTEMPATH/CodeIgniter.php(497): CodeIgniter\CodeIgniter->runController()
 4 SYSTEMPATH/CodeIgniter.php(366): CodeIgniter\CodeIgniter->handleRequest()
 5 FCPATH/index.php(67): CodeIgniter\CodeIgniter->run()
CRITICAL - 2024-06-21 09:20:26 --> User does not exist for specified user id
in APPPATH/Models/UserModel.php on line 276.
 1 APPPATH/Controllers/Users.php(115): App\Models\UserModel->findUserById()
 2 SYSTEMPATH/CodeIgniter.php(932): App\Controllers\Users->ref_point()
 3 SYSTEMPATH/CodeIgniter.php(497): CodeIgniter\CodeIgniter->runController()
 4 SYSTEMPATH/CodeIgniter.php(366): CodeIgniter\CodeIgniter->handleRequest()
 5 FCPATH/index.php(67): CodeIgniter\CodeIgniter->run()
CRITICAL - 2024-06-21 09:20:36 --> User does not exist for specified user id
in APPPATH/Models/UserModel.php on line 276.
 1 APPPATH/Controllers/Users.php(115): App\Models\UserModel->findUserById()
 2 SYSTEMPATH/CodeIgniter.php(932): App\Controllers\Users->ref_point()
 3 SYSTEMPATH/CodeIgniter.php(497): CodeIgniter\CodeIgniter->runController()
 4 SYSTEMPATH/CodeIgniter.php(366): CodeIgniter\CodeIgniter->handleRequest()
 5 FCPATH/index.php(67): CodeIgniter\CodeIgniter->run()
CRITICAL - 2024-06-21 09:20:46 --> User does not exist for specified user id
in APPPATH/Models/UserModel.php on line 276.
 1 APPPATH/Controllers/Users.php(115): App\Models\UserModel->findUserById()
 2 SYSTEMPATH/CodeIgniter.php(932): App\Controllers\Users->ref_point()
 3 SYSTEMPATH/CodeIgniter.php(497): CodeIgniter\CodeIgniter->runController()
 4 SYSTEMPATH/CodeIgniter.php(366): CodeIgniter\CodeIgniter->handleRequest()
 5 FCPATH/index.php(67): CodeIgniter\CodeIgniter->run()
CRITICAL - 2024-06-21 09:20:56 --> User does not exist for specified user id
in APPPATH/Models/UserModel.php on line 276.
 1 APPPATH/Controllers/Users.php(115): App\Models\UserModel->findUserById()
 2 SYSTEMPATH/CodeIgniter.php(932): App\Controllers\Users->ref_point()
 3 SYSTEMPATH/CodeIgniter.php(497): CodeIgniter\CodeIgniter->runController()
 4 SYSTEMPATH/CodeIgniter.php(366): CodeIgniter\CodeIgniter->handleRequest()
 5 FCPATH/index.php(67): CodeIgniter\CodeIgniter->run()
CRITICAL - 2024-06-21 09:21:06 --> User does not exist for specified user id
in APPPATH/Models/UserModel.php on line 276.
 1 APPPATH/Controllers/Users.php(115): App\Models\UserModel->findUserById()
 2 SYSTEMPATH/CodeIgniter.php(932): App\Controllers\Users->ref_point()
 3 SYSTEMPATH/CodeIgniter.php(497): CodeIgniter\CodeIgniter->runController()
 4 SYSTEMPATH/CodeIgniter.php(366): CodeIgniter\CodeIgniter->handleRequest()
 5 FCPATH/index.php(67): CodeIgniter\CodeIgniter->run()
CRITICAL - 2024-06-21 09:21:16 --> User does not exist for specified user id
in APPPATH/Models/UserModel.php on line 276.
 1 APPPATH/Controllers/Users.php(115): App\Models\UserModel->findUserById()
 2 SYSTEMPATH/CodeIgniter.php(932): App\Controllers\Users->ref_point()
 3 SYSTEMPATH/CodeIgniter.php(497): CodeIgniter\CodeIgniter->runController()
 4 SYSTEMPATH/CodeIgniter.php(366): CodeIgniter\CodeIgniter->handleRequest()
 5 FCPATH/index.php(67): CodeIgniter\CodeIgniter->run()
CRITICAL - 2024-06-21 09:21:26 --> User does not exist for specified user id
in APPPATH/Models/UserModel.php on line 276.
 1 APPPATH/Controllers/Users.php(115): App\Models\UserModel->findUserById()
 2 SYSTEMPATH/CodeIgniter.php(932): App\Controllers\Users->ref_point()
 3 SYSTEMPATH/CodeIgniter.php(497): CodeIgniter\CodeIgniter->runController()
 4 SYSTEMPATH/CodeIgniter.php(366): CodeIgniter\CodeIgniter->handleRequest()
 5 FCPATH/index.php(67): CodeIgniter\CodeIgniter->run()
CRITICAL - 2024-06-21 09:21:36 --> User does not exist for specified user id
in APPPATH/Models/UserModel.php on line 276.
 1 APPPATH/Controllers/Users.php(115): App\Models\UserModel->findUserById()
 2 SYSTEMPATH/CodeIgniter.php(932): App\Controllers\Users->ref_point()
 3 SYSTEMPATH/CodeIgniter.php(497): CodeIgniter\CodeIgniter->runController()
 4 SYSTEMPATH/CodeIgniter.php(366): CodeIgniter\CodeIgniter->handleRequest()
 5 FCPATH/index.php(67): CodeIgniter\CodeIgniter->run()
CRITICAL - 2024-06-21 09:21:46 --> User does not exist for specified user id
in APPPATH/Models/UserModel.php on line 276.
 1 APPPATH/Controllers/Users.php(115): App\Models\UserModel->findUserById()
 2 SYSTEMPATH/CodeIgniter.php(932): App\Controllers\Users->ref_point()
 3 SYSTEMPATH/CodeIgniter.php(497): CodeIgniter\CodeIgniter->runController()
 4 SYSTEMPATH/CodeIgniter.php(366): CodeIgniter\CodeIgniter->handleRequest()
 5 FCPATH/index.php(67): CodeIgniter\CodeIgniter->run()
CRITICAL - 2024-06-21 09:21:56 --> User does not exist for specified user id
in APPPATH/Models/UserModel.php on line 276.
 1 APPPATH/Controllers/Users.php(115): App\Models\UserModel->findUserById()
 2 SYSTEMPATH/CodeIgniter.php(932): App\Controllers\Users->ref_point()
 3 SYSTEMPATH/CodeIgniter.php(497): CodeIgniter\CodeIgniter->runController()
 4 SYSTEMPATH/CodeIgniter.php(366): CodeIgniter\CodeIgniter->handleRequest()
 5 FCPATH/index.php(67): CodeIgniter\CodeIgniter->run()
CRITICAL - 2024-06-21 09:22:06 --> User does not exist for specified user id
in APPPATH/Models/UserModel.php on line 276.
 1 APPPATH/Controllers/Users.php(115): App\Models\UserModel->findUserById()
 2 SYSTEMPATH/CodeIgniter.php(932): App\Controllers\Users->ref_point()
 3 SYSTEMPATH/CodeIgniter.php(497): CodeIgniter\CodeIgniter->runController()
 4 SYSTEMPATH/CodeIgniter.php(366): CodeIgniter\CodeIgniter->handleRequest()
 5 FCPATH/index.php(67): CodeIgniter\CodeIgniter->run()
CRITICAL - 2024-06-21 09:22:16 --> User does not exist for specified user id
in APPPATH/Models/UserModel.php on line 276.
 1 APPPATH/Controllers/Users.php(115): App\Models\UserModel->findUserById()
 2 SYSTEMPATH/CodeIgniter.php(932): App\Controllers\Users->ref_point()
 3 SYSTEMPATH/CodeIgniter.php(497): CodeIgniter\CodeIgniter->runController()
 4 SYSTEMPATH/CodeIgniter.php(366): CodeIgniter\CodeIgniter->handleRequest()
 5 FCPATH/index.php(67): CodeIgniter\CodeIgniter->run()
CRITICAL - 2024-06-21 09:22:26 --> User does not exist for specified user id
in APPPATH/Models/UserModel.php on line 276.
 1 APPPATH/Controllers/Users.php(115): App\Models\UserModel->findUserById()
 2 SYSTEMPATH/CodeIgniter.php(932): App\Controllers\Users->ref_point()
 3 SYSTEMPATH/CodeIgniter.php(497): CodeIgniter\CodeIgniter->runController()
 4 SYSTEMPATH/CodeIgniter.php(366): CodeIgniter\CodeIgniter->handleRequest()
 5 FCPATH/index.php(67): CodeIgniter\CodeIgniter->run()
CRITICAL - 2024-06-21 09:22:36 --> User does not exist for specified user id
in APPPATH/Models/UserModel.php on line 276.
 1 APPPATH/Controllers/Users.php(115): App\Models\UserModel->findUserById()
 2 SYSTEMPATH/CodeIgniter.php(932): App\Controllers\Users->ref_point()
 3 SYSTEMPATH/CodeIgniter.php(497): CodeIgniter\CodeIgniter->runController()
 4 SYSTEMPATH/CodeIgniter.php(366): CodeIgniter\CodeIgniter->handleRequest()
 5 FCPATH/index.php(67): CodeIgniter\CodeIgniter->run()
CRITICAL - 2024-06-21 09:22:46 --> User does not exist for specified user id
in APPPATH/Models/UserModel.php on line 276.
 1 APPPATH/Controllers/Users.php(115): App\Models\UserModel->findUserById()
 2 SYSTEMPATH/CodeIgniter.php(932): App\Controllers\Users->ref_point()
 3 SYSTEMPATH/CodeIgniter.php(497): CodeIgniter\CodeIgniter->runController()
 4 SYSTEMPATH/CodeIgniter.php(366): CodeIgniter\CodeIgniter->handleRequest()
 5 FCPATH/index.php(67): CodeIgniter\CodeIgniter->run()
CRITICAL - 2024-06-21 09:22:56 --> User does not exist for specified user id
in APPPATH/Models/UserModel.php on line 276.
 1 APPPATH/Controllers/Users.php(115): App\Models\UserModel->findUserById()
 2 SYSTEMPATH/CodeIgniter.php(932): App\Controllers\Users->ref_point()
 3 SYSTEMPATH/CodeIgniter.php(497): CodeIgniter\CodeIgniter->runController()
 4 SYSTEMPATH/CodeIgniter.php(366): CodeIgniter\CodeIgniter->handleRequest()
 5 FCPATH/index.php(67): CodeIgniter\CodeIgniter->run()
CRITICAL - 2024-06-21 09:23:06 --> User does not exist for specified user id
in APPPATH/Models/UserModel.php on line 276.
 1 APPPATH/Controllers/Users.php(115): App\Models\UserModel->findUserById()
 2 SYSTEMPATH/CodeIgniter.php(932): App\Controllers\Users->ref_point()
 3 SYSTEMPATH/CodeIgniter.php(497): CodeIgniter\CodeIgniter->runController()
 4 SYSTEMPATH/CodeIgniter.php(366): CodeIgniter\CodeIgniter->handleRequest()
 5 FCPATH/index.php(67): CodeIgniter\CodeIgniter->run()
CRITICAL - 2024-06-21 09:23:16 --> User does not exist for specified user id
in APPPATH/Models/UserModel.php on line 276.
 1 APPPATH/Controllers/Users.php(115): App\Models\UserModel->findUserById()
 2 SYSTEMPATH/CodeIgniter.php(932): App\Controllers\Users->ref_point()
 3 SYSTEMPATH/CodeIgniter.php(497): CodeIgniter\CodeIgniter->runController()
 4 SYSTEMPATH/CodeIgniter.php(366): CodeIgniter\CodeIgniter->handleRequest()
 5 FCPATH/index.php(67): CodeIgniter\CodeIgniter->run()
CRITICAL - 2024-06-21 09:23:26 --> User does not exist for specified user id
in APPPATH/Models/UserModel.php on line 276.
 1 APPPATH/Controllers/Users.php(115): App\Models\UserModel->findUserById()
 2 SYSTEMPATH/CodeIgniter.php(932): App\Controllers\Users->ref_point()
 3 SYSTEMPATH/CodeIgniter.php(497): CodeIgniter\CodeIgniter->runController()
 4 SYSTEMPATH/CodeIgniter.php(366): CodeIgniter\CodeIgniter->handleRequest()
 5 FCPATH/index.php(67): CodeIgniter\CodeIgniter->run()
CRITICAL - 2024-06-21 09:23:36 --> User does not exist for specified user id
in APPPATH/Models/UserModel.php on line 276.
 1 APPPATH/Controllers/Users.php(115): App\Models\UserModel->findUserById()
 2 SYSTEMPATH/CodeIgniter.php(932): App\Controllers\Users->ref_point()
 3 SYSTEMPATH/CodeIgniter.php(497): CodeIgniter\CodeIgniter->runController()
 4 SYSTEMPATH/CodeIgniter.php(366): CodeIgniter\CodeIgniter->handleRequest()
 5 FCPATH/index.php(67): CodeIgniter\CodeIgniter->run()
CRITICAL - 2024-06-21 09:23:46 --> User does not exist for specified user id
in APPPATH/Models/UserModel.php on line 276.
 1 APPPATH/Controllers/Users.php(115): App\Models\UserModel->findUserById()
 2 SYSTEMPATH/CodeIgniter.php(932): App\Controllers\Users->ref_point()
 3 SYSTEMPATH/CodeIgniter.php(497): CodeIgniter\CodeIgniter->runController()
 4 SYSTEMPATH/CodeIgniter.php(366): CodeIgniter\CodeIgniter->handleRequest()
 5 FCPATH/index.php(67): CodeIgniter\CodeIgniter->run()
CRITICAL - 2024-06-21 09:23:56 --> User does not exist for specified user id
in APPPATH/Models/UserModel.php on line 276.
 1 APPPATH/Controllers/Users.php(115): App\Models\UserModel->findUserById()
 2 SYSTEMPATH/CodeIgniter.php(932): App\Controllers\Users->ref_point()
 3 SYSTEMPATH/CodeIgniter.php(497): CodeIgniter\CodeIgniter->runController()
 4 SYSTEMPATH/CodeIgniter.php(366): CodeIgniter\CodeIgniter->handleRequest()
 5 FCPATH/index.php(67): CodeIgniter\CodeIgniter->run()
CRITICAL - 2024-06-21 09:24:06 --> User does not exist for specified user id
in APPPATH/Models/UserModel.php on line 276.
 1 APPPATH/Controllers/Users.php(115): App\Models\UserModel->findUserById()
 2 SYSTEMPATH/CodeIgniter.php(932): App\Controllers\Users->ref_point()
 3 SYSTEMPATH/CodeIgniter.php(497): CodeIgniter\CodeIgniter->runController()
 4 SYSTEMPATH/CodeIgniter.php(366): CodeIgniter\CodeIgniter->handleRequest()
 5 FCPATH/index.php(67): CodeIgniter\CodeIgniter->run()
CRITICAL - 2024-06-21 09:24:16 --> User does not exist for specified user id
in APPPATH/Models/UserModel.php on line 276.
 1 APPPATH/Controllers/Users.php(115): App\Models\UserModel->findUserById()
 2 SYSTEMPATH/CodeIgniter.php(932): App\Controllers\Users->ref_point()
 3 SYSTEMPATH/CodeIgniter.php(497): CodeIgniter\CodeIgniter->runController()
 4 SYSTEMPATH/CodeIgniter.php(366): CodeIgniter\CodeIgniter->handleRequest()
 5 FCPATH/index.php(67): CodeIgniter\CodeIgniter->run()
CRITICAL - 2024-06-21 09:24:26 --> User does not exist for specified user id
in APPPATH/Models/UserModel.php on line 276.
 1 APPPATH/Controllers/Users.php(115): App\Models\UserModel->findUserById()
 2 SYSTEMPATH/CodeIgniter.php(932): App\Controllers\Users->ref_point()
 3 SYSTEMPATH/CodeIgniter.php(497): CodeIgniter\CodeIgniter->runController()
 4 SYSTEMPATH/CodeIgniter.php(366): CodeIgniter\CodeIgniter->handleRequest()
 5 FCPATH/index.php(67): CodeIgniter\CodeIgniter->run()
CRITICAL - 2024-06-21 09:24:36 --> User does not exist for specified user id
in APPPATH/Models/UserModel.php on line 276.
 1 APPPATH/Controllers/Users.php(115): App\Models\UserModel->findUserById()
 2 SYSTEMPATH/CodeIgniter.php(932): App\Controllers\Users->ref_point()
 3 SYSTEMPATH/CodeIgniter.php(497): CodeIgniter\CodeIgniter->runController()
 4 SYSTEMPATH/CodeIgniter.php(366): CodeIgniter\CodeIgniter->handleRequest()
 5 FCPATH/index.php(67): CodeIgniter\CodeIgniter->run()
CRITICAL - 2024-06-21 09:24:46 --> User does not exist for specified user id
in APPPATH/Models/UserModel.php on line 276.
 1 APPPATH/Controllers/Users.php(115): App\Models\UserModel->findUserById()
 2 SYSTEMPATH/CodeIgniter.php(932): App\Controllers\Users->ref_point()
 3 SYSTEMPATH/CodeIgniter.php(497): CodeIgniter\CodeIgniter->runController()
 4 SYSTEMPATH/CodeIgniter.php(366): CodeIgniter\CodeIgniter->handleRequest()
 5 FCPATH/index.php(67): CodeIgniter\CodeIgniter->run()
CRITICAL - 2024-06-21 09:24:56 --> User does not exist for specified user id
in APPPATH/Models/UserModel.php on line 276.
 1 APPPATH/Controllers/Users.php(115): App\Models\UserModel->findUserById()
 2 SYSTEMPATH/CodeIgniter.php(932): App\Controllers\Users->ref_point()
 3 SYSTEMPATH/CodeIgniter.php(497): CodeIgniter\CodeIgniter->runController()
 4 SYSTEMPATH/CodeIgniter.php(366): CodeIgniter\CodeIgniter->handleRequest()
 5 FCPATH/index.php(67): CodeIgniter\CodeIgniter->run()
CRITICAL - 2024-06-21 09:25:06 --> User does not exist for specified user id
in APPPATH/Models/UserModel.php on line 276.
 1 APPPATH/Controllers/Users.php(115): App\Models\UserModel->findUserById()
 2 SYSTEMPATH/CodeIgniter.php(932): App\Controllers\Users->ref_point()
 3 SYSTEMPATH/CodeIgniter.php(497): CodeIgniter\CodeIgniter->runController()
 4 SYSTEMPATH/CodeIgniter.php(366): CodeIgniter\CodeIgniter->handleRequest()
 5 FCPATH/index.php(67): CodeIgniter\CodeIgniter->run()
CRITICAL - 2024-06-21 09:25:16 --> User does not exist for specified user id
in APPPATH/Models/UserModel.php on line 276.
 1 APPPATH/Controllers/Users.php(115): App\Models\UserModel->findUserById()
 2 SYSTEMPATH/CodeIgniter.php(932): App\Controllers\Users->ref_point()
 3 SYSTEMPATH/CodeIgniter.php(497): CodeIgniter\CodeIgniter->runController()
 4 SYSTEMPATH/CodeIgniter.php(366): CodeIgniter\CodeIgniter->handleRequest()
 5 FCPATH/index.php(67): CodeIgniter\CodeIgniter->run()
CRITICAL - 2024-06-21 09:25:26 --> User does not exist for specified user id
in APPPATH/Models/UserModel.php on line 276.
 1 APPPATH/Controllers/Users.php(115): App\Models\UserModel->findUserById()
 2 SYSTEMPATH/CodeIgniter.php(932): App\Controllers\Users->ref_point()
 3 SYSTEMPATH/CodeIgniter.php(497): CodeIgniter\CodeIgniter->runController()
 4 SYSTEMPATH/CodeIgniter.php(366): CodeIgniter\CodeIgniter->handleRequest()
 5 FCPATH/index.php(67): CodeIgniter\CodeIgniter->run()
CRITICAL - 2024-06-21 09:25:36 --> User does not exist for specified user id
in APPPATH/Models/UserModel.php on line 276.
 1 APPPATH/Controllers/Users.php(115): App\Models\UserModel->findUserById()
 2 SYSTEMPATH/CodeIgniter.php(932): App\Controllers\Users->ref_point()
 3 SYSTEMPATH/CodeIgniter.php(497): CodeIgniter\CodeIgniter->runController()
 4 SYSTEMPATH/CodeIgniter.php(366): CodeIgniter\CodeIgniter->handleRequest()
 5 FCPATH/index.php(67): CodeIgniter\CodeIgniter->run()
CRITICAL - 2024-06-21 09:25:46 --> User does not exist for specified user id
in APPPATH/Models/UserModel.php on line 276.
 1 APPPATH/Controllers/Users.php(115): App\Models\UserModel->findUserById()
 2 SYSTEMPATH/CodeIgniter.php(932): App\Controllers\Users->ref_point()
 3 SYSTEMPATH/CodeIgniter.php(497): CodeIgniter\CodeIgniter->runController()
 4 SYSTEMPATH/CodeIgniter.php(366): CodeIgniter\CodeIgniter->handleRequest()
 5 FCPATH/index.php(67): CodeIgniter\CodeIgniter->run()
CRITICAL - 2024-06-21 09:25:56 --> User does not exist for specified user id
in APPPATH/Models/UserModel.php on line 276.
 1 APPPATH/Controllers/Users.php(115): App\Models\UserModel->findUserById()
 2 SYSTEMPATH/CodeIgniter.php(932): App\Controllers\Users->ref_point()
 3 SYSTEMPATH/CodeIgniter.php(497): CodeIgniter\CodeIgniter->runController()
 4 SYSTEMPATH/CodeIgniter.php(366): CodeIgniter\CodeIgniter->handleRequest()
 5 FCPATH/index.php(67): CodeIgniter\CodeIgniter->run()
CRITICAL - 2024-06-21 09:26:06 --> User does not exist for specified user id
in APPPATH/Models/UserModel.php on line 276.
 1 APPPATH/Controllers/Users.php(115): App\Models\UserModel->findUserById()
 2 SYSTEMPATH/CodeIgniter.php(932): App\Controllers\Users->ref_point()
 3 SYSTEMPATH/CodeIgniter.php(497): CodeIgniter\CodeIgniter->runController()
 4 SYSTEMPATH/CodeIgniter.php(366): CodeIgniter\CodeIgniter->handleRequest()
 5 FCPATH/index.php(67): CodeIgniter\CodeIgniter->run()
CRITICAL - 2024-06-21 09:26:16 --> User does not exist for specified user id
in APPPATH/Models/UserModel.php on line 276.
 1 APPPATH/Controllers/Users.php(115): App\Models\UserModel->findUserById()
 2 SYSTEMPATH/CodeIgniter.php(932): App\Controllers\Users->ref_point()
 3 SYSTEMPATH/CodeIgniter.php(497): CodeIgniter\CodeIgniter->runController()
 4 SYSTEMPATH/CodeIgniter.php(366): CodeIgniter\CodeIgniter->handleRequest()
 5 FCPATH/index.php(67): CodeIgniter\CodeIgniter->run()
CRITICAL - 2024-06-21 09:26:26 --> User does not exist for specified user id
in APPPATH/Models/UserModel.php on line 276.
 1 APPPATH/Controllers/Users.php(115): App\Models\UserModel->findUserById()
 2 SYSTEMPATH/CodeIgniter.php(932): App\Controllers\Users->ref_point()
 3 SYSTEMPATH/CodeIgniter.php(497): CodeIgniter\CodeIgniter->runController()
 4 SYSTEMPATH/CodeIgniter.php(366): CodeIgniter\CodeIgniter->handleRequest()
 5 FCPATH/index.php(67): CodeIgniter\CodeIgniter->run()
CRITICAL - 2024-06-21 09:26:36 --> User does not exist for specified user id
in APPPATH/Models/UserModel.php on line 276.
 1 APPPATH/Controllers/Users.php(115): App\Models\UserModel->findUserById()
 2 SYSTEMPATH/CodeIgniter.php(932): App\Controllers\Users->ref_point()
 3 SYSTEMPATH/CodeIgniter.php(497): CodeIgniter\CodeIgniter->runController()
 4 SYSTEMPATH/CodeIgniter.php(366): CodeIgniter\CodeIgniter->handleRequest()
 5 FCPATH/index.php(67): CodeIgniter\CodeIgniter->run()
CRITICAL - 2024-06-21 09:26:46 --> User does not exist for specified user id
in APPPATH/Models/UserModel.php on line 276.
 1 APPPATH/Controllers/Users.php(115): App\Models\UserModel->findUserById()
 2 SYSTEMPATH/CodeIgniter.php(932): App\Controllers\Users->ref_point()
 3 SYSTEMPATH/CodeIgniter.php(497): CodeIgniter\CodeIgniter->runController()
 4 SYSTEMPATH/CodeIgniter.php(366): CodeIgniter\CodeIgniter->handleRequest()
 5 FCPATH/index.php(67): CodeIgniter\CodeIgniter->run()
CRITICAL - 2024-06-21 09:26:56 --> User does not exist for specified user id
in APPPATH/Models/UserModel.php on line 276.
 1 APPPATH/Controllers/Users.php(115): App\Models\UserModel->findUserById()
 2 SYSTEMPATH/CodeIgniter.php(932): App\Controllers\Users->ref_point()
 3 SYSTEMPATH/CodeIgniter.php(497): CodeIgniter\CodeIgniter->runController()
 4 SYSTEMPATH/CodeIgniter.php(366): CodeIgniter\CodeIgniter->handleRequest()
 5 FCPATH/index.php(67): CodeIgniter\CodeIgniter->run()
CRITICAL - 2024-06-21 09:27:06 --> User does not exist for specified user id
in APPPATH/Models/UserModel.php on line 276.
 1 APPPATH/Controllers/Users.php(115): App\Models\UserModel->findUserById()
 2 SYSTEMPATH/CodeIgniter.php(932): App\Controllers\Users->ref_point()
 3 SYSTEMPATH/CodeIgniter.php(497): CodeIgniter\CodeIgniter->runController()
 4 SYSTEMPATH/CodeIgniter.php(366): CodeIgniter\CodeIgniter->handleRequest()
 5 FCPATH/index.php(67): CodeIgniter\CodeIgniter->run()
CRITICAL - 2024-06-21 09:27:16 --> User does not exist for specified user id
in APPPATH/Models/UserModel.php on line 276.
 1 APPPATH/Controllers/Users.php(115): App\Models\UserModel->findUserById()
 2 SYSTEMPATH/CodeIgniter.php(932): App\Controllers\Users->ref_point()
 3 SYSTEMPATH/CodeIgniter.php(497): CodeIgniter\CodeIgniter->runController()
 4 SYSTEMPATH/CodeIgniter.php(366): CodeIgniter\CodeIgniter->handleRequest()
 5 FCPATH/index.php(67): CodeIgniter\CodeIgniter->run()
CRITICAL - 2024-06-21 09:27:26 --> User does not exist for specified user id
in APPPATH/Models/UserModel.php on line 276.
 1 APPPATH/Controllers/Users.php(115): App\Models\UserModel->findUserById()
 2 SYSTEMPATH/CodeIgniter.php(932): App\Controllers\Users->ref_point()
 3 SYSTEMPATH/CodeIgniter.php(497): CodeIgniter\CodeIgniter->runController()
 4 SYSTEMPATH/CodeIgniter.php(366): CodeIgniter\CodeIgniter->handleRequest()
 5 FCPATH/index.php(67): CodeIgniter\CodeIgniter->run()
CRITICAL - 2024-06-21 09:27:36 --> User does not exist for specified user id
in APPPATH/Models/UserModel.php on line 276.
 1 APPPATH/Controllers/Users.php(115): App\Models\UserModel->findUserById()
 2 SYSTEMPATH/CodeIgniter.php(932): App\Controllers\Users->ref_point()
 3 SYSTEMPATH/CodeIgniter.php(497): CodeIgniter\CodeIgniter->runController()
 4 SYSTEMPATH/CodeIgniter.php(366): CodeIgniter\CodeIgniter->handleRequest()
 5 FCPATH/index.php(67): CodeIgniter\CodeIgniter->run()
CRITICAL - 2024-06-21 09:27:46 --> User does not exist for specified user id
in APPPATH/Models/UserModel.php on line 276.
 1 APPPATH/Controllers/Users.php(115): App\Models\UserModel->findUserById()
 2 SYSTEMPATH/CodeIgniter.php(932): App\Controllers\Users->ref_point()
 3 SYSTEMPATH/CodeIgniter.php(497): CodeIgniter\CodeIgniter->runController()
 4 SYSTEMPATH/CodeIgniter.php(366): CodeIgniter\CodeIgniter->handleRequest()
 5 FCPATH/index.php(67): CodeIgniter\CodeIgniter->run()
CRITICAL - 2024-06-21 09:27:56 --> User does not exist for specified user id
in APPPATH/Models/UserModel.php on line 276.
 1 APPPATH/Controllers/Users.php(115): App\Models\UserModel->findUserById()
 2 SYSTEMPATH/CodeIgniter.php(932): App\Controllers\Users->ref_point()
 3 SYSTEMPATH/CodeIgniter.php(497): CodeIgniter\CodeIgniter->runController()
 4 SYSTEMPATH/CodeIgniter.php(366): CodeIgniter\CodeIgniter->handleRequest()
 5 FCPATH/index.php(67): CodeIgniter\CodeIgniter->run()
CRITICAL - 2024-06-21 09:28:06 --> User does not exist for specified user id
in APPPATH/Models/UserModel.php on line 276.
 1 APPPATH/Controllers/Users.php(115): App\Models\UserModel->findUserById()
 2 SYSTEMPATH/CodeIgniter.php(932): App\Controllers\Users->ref_point()
 3 SYSTEMPATH/CodeIgniter.php(497): CodeIgniter\CodeIgniter->runController()
 4 SYSTEMPATH/CodeIgniter.php(366): CodeIgniter\CodeIgniter->handleRequest()
 5 FCPATH/index.php(67): CodeIgniter\CodeIgniter->run()
CRITICAL - 2024-06-21 09:28:16 --> User does not exist for specified user id
in APPPATH/Models/UserModel.php on line 276.
 1 APPPATH/Controllers/Users.php(115): App\Models\UserModel->findUserById()
 2 SYSTEMPATH/CodeIgniter.php(932): App\Controllers\Users->ref_point()
 3 SYSTEMPATH/CodeIgniter.php(497): CodeIgniter\CodeIgniter->runController()
 4 SYSTEMPATH/CodeIgniter.php(366): CodeIgniter\CodeIgniter->handleRequest()
 5 FCPATH/index.php(67): CodeIgniter\CodeIgniter->run()
CRITICAL - 2024-06-21 09:28:26 --> User does not exist for specified user id
in APPPATH/Models/UserModel.php on line 276.
 1 APPPATH/Controllers/Users.php(115): App\Models\UserModel->findUserById()
 2 SYSTEMPATH/CodeIgniter.php(932): App\Controllers\Users->ref_point()
 3 SYSTEMPATH/CodeIgniter.php(497): CodeIgniter\CodeIgniter->runController()
 4 SYSTEMPATH/CodeIgniter.php(366): CodeIgniter\CodeIgniter->handleRequest()
 5 FCPATH/index.php(67): CodeIgniter\CodeIgniter->run()
CRITICAL - 2024-06-21 09:28:36 --> User does not exist for specified user id
in APPPATH/Models/UserModel.php on line 276.
 1 APPPATH/Controllers/Users.php(115): App\Models\UserModel->findUserById()
 2 SYSTEMPATH/CodeIgniter.php(932): App\Controllers\Users->ref_point()
 3 SYSTEMPATH/CodeIgniter.php(497): CodeIgniter\CodeIgniter->runController()
 4 SYSTEMPATH/CodeIgniter.php(366): CodeIgniter\CodeIgniter->handleRequest()
 5 FCPATH/index.php(67): CodeIgniter\CodeIgniter->run()
CRITICAL - 2024-06-21 09:28:46 --> User does not exist for specified user id
in APPPATH/Models/UserModel.php on line 276.
 1 APPPATH/Controllers/Users.php(115): App\Models\UserModel->findUserById()
 2 SYSTEMPATH/CodeIgniter.php(932): App\Controllers\Users->ref_point()
 3 SYSTEMPATH/CodeIgniter.php(497): CodeIgniter\CodeIgniter->runController()
 4 SYSTEMPATH/CodeIgniter.php(366): CodeIgniter\CodeIgniter->handleRequest()
 5 FCPATH/index.php(67): CodeIgniter\CodeIgniter->run()
CRITICAL - 2024-06-21 09:28:56 --> User does not exist for specified user id
in APPPATH/Models/UserModel.php on line 276.
 1 APPPATH/Controllers/Users.php(115): App\Models\UserModel->findUserById()
 2 SYSTEMPATH/CodeIgniter.php(932): App\Controllers\Users->ref_point()
 3 SYSTEMPATH/CodeIgniter.php(497): CodeIgniter\CodeIgniter->runController()
 4 SYSTEMPATH/CodeIgniter.php(366): CodeIgniter\CodeIgniter->handleRequest()
 5 FCPATH/index.php(67): CodeIgniter\CodeIgniter->run()
CRITICAL - 2024-06-21 09:29:06 --> User does not exist for specified user id
in APPPATH/Models/UserModel.php on line 276.
 1 APPPATH/Controllers/Users.php(115): App\Models\UserModel->findUserById()
 2 SYSTEMPATH/CodeIgniter.php(932): App\Controllers\Users->ref_point()
 3 SYSTEMPATH/CodeIgniter.php(497): CodeIgniter\CodeIgniter->runController()
 4 SYSTEMPATH/CodeIgniter.php(366): CodeIgniter\CodeIgniter->handleRequest()
 5 FCPATH/index.php(67): CodeIgniter\CodeIgniter->run()
CRITICAL - 2024-06-21 09:29:16 --> User does not exist for specified user id
in APPPATH/Models/UserModel.php on line 276.
 1 APPPATH/Controllers/Users.php(115): App\Models\UserModel->findUserById()
 2 SYSTEMPATH/CodeIgniter.php(932): App\Controllers\Users->ref_point()
 3 SYSTEMPATH/CodeIgniter.php(497): CodeIgniter\CodeIgniter->runController()
 4 SYSTEMPATH/CodeIgniter.php(366): CodeIgniter\CodeIgniter->handleRequest()
 5 FCPATH/index.php(67): CodeIgniter\CodeIgniter->run()
CRITICAL - 2024-06-21 09:29:26 --> User does not exist for specified user id
in APPPATH/Models/UserModel.php on line 276.
 1 APPPATH/Controllers/Users.php(115): App\Models\UserModel->findUserById()
 2 SYSTEMPATH/CodeIgniter.php(932): App\Controllers\Users->ref_point()
 3 SYSTEMPATH/CodeIgniter.php(497): CodeIgniter\CodeIgniter->runController()
 4 SYSTEMPATH/CodeIgniter.php(366): CodeIgniter\CodeIgniter->handleRequest()
 5 FCPATH/index.php(67): CodeIgniter\CodeIgniter->run()
CRITICAL - 2024-06-21 09:29:36 --> User does not exist for specified user id
in APPPATH/Models/UserModel.php on line 276.
 1 APPPATH/Controllers/Users.php(115): App\Models\UserModel->findUserById()
 2 SYSTEMPATH/CodeIgniter.php(932): App\Controllers\Users->ref_point()
 3 SYSTEMPATH/CodeIgniter.php(497): CodeIgniter\CodeIgniter->runController()
 4 SYSTEMPATH/CodeIgniter.php(366): CodeIgniter\CodeIgniter->handleRequest()
 5 FCPATH/index.php(67): CodeIgniter\CodeIgniter->run()
CRITICAL - 2024-06-21 09:29:46 --> User does not exist for specified user id
in APPPATH/Models/UserModel.php on line 276.
 1 APPPATH/Controllers/Users.php(115): App\Models\UserModel->findUserById()
 2 SYSTEMPATH/CodeIgniter.php(932): App\Controllers\Users->ref_point()
 3 SYSTEMPATH/CodeIgniter.php(497): CodeIgniter\CodeIgniter->runController()
 4 SYSTEMPATH/CodeIgniter.php(366): CodeIgniter\CodeIgniter->handleRequest()
 5 FCPATH/index.php(67): CodeIgniter\CodeIgniter->run()
CRITICAL - 2024-06-21 09:29:56 --> User does not exist for specified user id
in APPPATH/Models/UserModel.php on line 276.
 1 APPPATH/Controllers/Users.php(115): App\Models\UserModel->findUserById()
 2 SYSTEMPATH/CodeIgniter.php(932): App\Controllers\Users->ref_point()
 3 SYSTEMPATH/CodeIgniter.php(497): CodeIgniter\CodeIgniter->runController()
 4 SYSTEMPATH/CodeIgniter.php(366): CodeIgniter\CodeIgniter->handleRequest()
 5 FCPATH/index.php(67): CodeIgniter\CodeIgniter->run()
CRITICAL - 2024-06-21 09:30:06 --> User does not exist for specified user id
in APPPATH/Models/UserModel.php on line 276.
 1 APPPATH/Controllers/Users.php(115): App\Models\UserModel->findUserById()
 2 SYSTEMPATH/CodeIgniter.php(932): App\Controllers\Users->ref_point()
 3 SYSTEMPATH/CodeIgniter.php(497): CodeIgniter\CodeIgniter->runController()
 4 SYSTEMPATH/CodeIgniter.php(366): CodeIgniter\CodeIgniter->handleRequest()
 5 FCPATH/index.php(67): CodeIgniter\CodeIgniter->run()
CRITICAL - 2024-06-21 09:30:16 --> User does not exist for specified user id
in APPPATH/Models/UserModel.php on line 276.
 1 APPPATH/Controllers/Users.php(115): App\Models\UserModel->findUserById()
 2 SYSTEMPATH/CodeIgniter.php(932): App\Controllers\Users->ref_point()
 3 SYSTEMPATH/CodeIgniter.php(497): CodeIgniter\CodeIgniter->runController()
 4 SYSTEMPATH/CodeIgniter.php(366): CodeIgniter\CodeIgniter->handleRequest()
 5 FCPATH/index.php(67): CodeIgniter\CodeIgniter->run()
CRITICAL - 2024-06-21 09:30:26 --> User does not exist for specified user id
in APPPATH/Models/UserModel.php on line 276.
 1 APPPATH/Controllers/Users.php(115): App\Models\UserModel->findUserById()
 2 SYSTEMPATH/CodeIgniter.php(932): App\Controllers\Users->ref_point()
 3 SYSTEMPATH/CodeIgniter.php(497): CodeIgniter\CodeIgniter->runController()
 4 SYSTEMPATH/CodeIgniter.php(366): CodeIgniter\CodeIgniter->handleRequest()
 5 FCPATH/index.php(67): CodeIgniter\CodeIgniter->run()
CRITICAL - 2024-06-21 09:30:36 --> User does not exist for specified user id
in APPPATH/Models/UserModel.php on line 276.
 1 APPPATH/Controllers/Users.php(115): App\Models\UserModel->findUserById()
 2 SYSTEMPATH/CodeIgniter.php(932): App\Controllers\Users->ref_point()
 3 SYSTEMPATH/CodeIgniter.php(497): CodeIgniter\CodeIgniter->runController()
 4 SYSTEMPATH/CodeIgniter.php(366): CodeIgniter\CodeIgniter->handleRequest()
 5 FCPATH/index.php(67): CodeIgniter\CodeIgniter->run()
CRITICAL - 2024-06-21 09:30:46 --> User does not exist for specified user id
in APPPATH/Models/UserModel.php on line 276.
 1 APPPATH/Controllers/Users.php(115): App\Models\UserModel->findUserById()
 2 SYSTEMPATH/CodeIgniter.php(932): App\Controllers\Users->ref_point()
 3 SYSTEMPATH/CodeIgniter.php(497): CodeIgniter\CodeIgniter->runController()
 4 SYSTEMPATH/CodeIgniter.php(366): CodeIgniter\CodeIgniter->handleRequest()
 5 FCPATH/index.php(67): CodeIgniter\CodeIgniter->run()
CRITICAL - 2024-06-21 09:30:56 --> User does not exist for specified user id
in APPPATH/Models/UserModel.php on line 276.
 1 APPPATH/Controllers/Users.php(115): App\Models\UserModel->findUserById()
 2 SYSTEMPATH/CodeIgniter.php(932): App\Controllers\Users->ref_point()
 3 SYSTEMPATH/CodeIgniter.php(497): CodeIgniter\CodeIgniter->runController()
 4 SYSTEMPATH/CodeIgniter.php(366): CodeIgniter\CodeIgniter->handleRequest()
 5 FCPATH/index.php(67): CodeIgniter\CodeIgniter->run()
CRITICAL - 2024-06-21 09:31:06 --> User does not exist for specified user id
in APPPATH/Models/UserModel.php on line 276.
 1 APPPATH/Controllers/Users.php(115): App\Models\UserModel->findUserById()
 2 SYSTEMPATH/CodeIgniter.php(932): App\Controllers\Users->ref_point()
 3 SYSTEMPATH/CodeIgniter.php(497): CodeIgniter\CodeIgniter->runController()
 4 SYSTEMPATH/CodeIgniter.php(366): CodeIgniter\CodeIgniter->handleRequest()
 5 FCPATH/index.php(67): CodeIgniter\CodeIgniter->run()
CRITICAL - 2024-06-21 09:31:16 --> User does not exist for specified user id
in APPPATH/Models/UserModel.php on line 276.
 1 APPPATH/Controllers/Users.php(115): App\Models\UserModel->findUserById()
 2 SYSTEMPATH/CodeIgniter.php(932): App\Controllers\Users->ref_point()
 3 SYSTEMPATH/CodeIgniter.php(497): CodeIgniter\CodeIgniter->runController()
 4 SYSTEMPATH/CodeIgniter.php(366): CodeIgniter\CodeIgniter->handleRequest()
 5 FCPATH/index.php(67): CodeIgniter\CodeIgniter->run()
CRITICAL - 2024-06-21 09:31:26 --> User does not exist for specified user id
in APPPATH/Models/UserModel.php on line 276.
 1 APPPATH/Controllers/Users.php(115): App\Models\UserModel->findUserById()
 2 SYSTEMPATH/CodeIgniter.php(932): App\Controllers\Users->ref_point()
 3 SYSTEMPATH/CodeIgniter.php(497): CodeIgniter\CodeIgniter->runController()
 4 SYSTEMPATH/CodeIgniter.php(366): CodeIgniter\CodeIgniter->handleRequest()
 5 FCPATH/index.php(67): CodeIgniter\CodeIgniter->run()
CRITICAL - 2024-06-21 09:31:36 --> User does not exist for specified user id
in APPPATH/Models/UserModel.php on line 276.
 1 APPPATH/Controllers/Users.php(115): App\Models\UserModel->findUserById()
 2 SYSTEMPATH/CodeIgniter.php(932): App\Controllers\Users->ref_point()
 3 SYSTEMPATH/CodeIgniter.php(497): CodeIgniter\CodeIgniter->runController()
 4 SYSTEMPATH/CodeIgniter.php(366): CodeIgniter\CodeIgniter->handleRequest()
 5 FCPATH/index.php(67): CodeIgniter\CodeIgniter->run()
CRITICAL - 2024-06-21 09:31:46 --> User does not exist for specified user id
in APPPATH/Models/UserModel.php on line 276.
 1 APPPATH/Controllers/Users.php(115): App\Models\UserModel->findUserById()
 2 SYSTEMPATH/CodeIgniter.php(932): App\Controllers\Users->ref_point()
 3 SYSTEMPATH/CodeIgniter.php(497): CodeIgniter\CodeIgniter->runController()
 4 SYSTEMPATH/CodeIgniter.php(366): CodeIgniter\CodeIgniter->handleRequest()
 5 FCPATH/index.php(67): CodeIgniter\CodeIgniter->run()
CRITICAL - 2024-06-21 09:31:56 --> User does not exist for specified user id
in APPPATH/Models/UserModel.php on line 276.
 1 APPPATH/Controllers/Users.php(115): App\Models\UserModel->findUserById()
 2 SYSTEMPATH/CodeIgniter.php(932): App\Controllers\Users->ref_point()
 3 SYSTEMPATH/CodeIgniter.php(497): CodeIgniter\CodeIgniter->runController()
 4 SYSTEMPATH/CodeIgniter.php(366): CodeIgniter\CodeIgniter->handleRequest()
 5 FCPATH/index.php(67): CodeIgniter\CodeIgniter->run()
CRITICAL - 2024-06-21 09:32:06 --> User does not exist for specified user id
in APPPATH/Models/UserModel.php on line 276.
 1 APPPATH/Controllers/Users.php(115): App\Models\UserModel->findUserById()
 2 SYSTEMPATH/CodeIgniter.php(932): App\Controllers\Users->ref_point()
 3 SYSTEMPATH/CodeIgniter.php(497): CodeIgniter\CodeIgniter->runController()
 4 SYSTEMPATH/CodeIgniter.php(366): CodeIgniter\CodeIgniter->handleRequest()
 5 FCPATH/index.php(67): CodeIgniter\CodeIgniter->run()
CRITICAL - 2024-06-21 09:32:16 --> User does not exist for specified user id
in APPPATH/Models/UserModel.php on line 276.
 1 APPPATH/Controllers/Users.php(115): App\Models\UserModel->findUserById()
 2 SYSTEMPATH/CodeIgniter.php(932): App\Controllers\Users->ref_point()
 3 SYSTEMPATH/CodeIgniter.php(497): CodeIgniter\CodeIgniter->runController()
 4 SYSTEMPATH/CodeIgniter.php(366): CodeIgniter\CodeIgniter->handleRequest()
 5 FCPATH/index.php(67): CodeIgniter\CodeIgniter->run()
CRITICAL - 2024-06-21 09:32:26 --> User does not exist for specified user id
in APPPATH/Models/UserModel.php on line 276.
 1 APPPATH/Controllers/Users.php(115): App\Models\UserModel->findUserById()
 2 SYSTEMPATH/CodeIgniter.php(932): App\Controllers\Users->ref_point()
 3 SYSTEMPATH/CodeIgniter.php(497): CodeIgniter\CodeIgniter->runController()
 4 SYSTEMPATH/CodeIgniter.php(366): CodeIgniter\CodeIgniter->handleRequest()
 5 FCPATH/index.php(67): CodeIgniter\CodeIgniter->run()
CRITICAL - 2024-06-21 09:32:36 --> User does not exist for specified user id
in APPPATH/Models/UserModel.php on line 276.
 1 APPPATH/Controllers/Users.php(115): App\Models\UserModel->findUserById()
 2 SYSTEMPATH/CodeIgniter.php(932): App\Controllers\Users->ref_point()
 3 SYSTEMPATH/CodeIgniter.php(497): CodeIgniter\CodeIgniter->runController()
 4 SYSTEMPATH/CodeIgniter.php(366): CodeIgniter\CodeIgniter->handleRequest()
 5 FCPATH/index.php(67): CodeIgniter\CodeIgniter->run()
CRITICAL - 2024-06-21 09:32:46 --> User does not exist for specified user id
in APPPATH/Models/UserModel.php on line 276.
 1 APPPATH/Controllers/Users.php(115): App\Models\UserModel->findUserById()
 2 SYSTEMPATH/CodeIgniter.php(932): App\Controllers\Users->ref_point()
 3 SYSTEMPATH/CodeIgniter.php(497): CodeIgniter\CodeIgniter->runController()
 4 SYSTEMPATH/CodeIgniter.php(366): CodeIgniter\CodeIgniter->handleRequest()
 5 FCPATH/index.php(67): CodeIgniter\CodeIgniter->run()
CRITICAL - 2024-06-21 09:32:56 --> User does not exist for specified user id
in APPPATH/Models/UserModel.php on line 276.
 1 APPPATH/Controllers/Users.php(115): App\Models\UserModel->findUserById()
 2 SYSTEMPATH/CodeIgniter.php(932): App\Controllers\Users->ref_point()
 3 SYSTEMPATH/CodeIgniter.php(497): CodeIgniter\CodeIgniter->runController()
 4 SYSTEMPATH/CodeIgniter.php(366): CodeIgniter\CodeIgniter->handleRequest()
 5 FCPATH/index.php(67): CodeIgniter\CodeIgniter->run()
CRITICAL - 2024-06-21 09:33:06 --> User does not exist for specified user id
in APPPATH/Models/UserModel.php on line 276.
 1 APPPATH/Controllers/Users.php(115): App\Models\UserModel->findUserById()
 2 SYSTEMPATH/CodeIgniter.php(932): App\Controllers\Users->ref_point()
 3 SYSTEMPATH/CodeIgniter.php(497): CodeIgniter\CodeIgniter->runController()
 4 SYSTEMPATH/CodeIgniter.php(366): CodeIgniter\CodeIgniter->handleRequest()
 5 FCPATH/index.php(67): CodeIgniter\CodeIgniter->run()
CRITICAL - 2024-06-21 09:33:16 --> User does not exist for specified user id
in APPPATH/Models/UserModel.php on line 276.
 1 APPPATH/Controllers/Users.php(115): App\Models\UserModel->findUserById()
 2 SYSTEMPATH/CodeIgniter.php(932): App\Controllers\Users->ref_point()
 3 SYSTEMPATH/CodeIgniter.php(497): CodeIgniter\CodeIgniter->runController()
 4 SYSTEMPATH/CodeIgniter.php(366): CodeIgniter\CodeIgniter->handleRequest()
 5 FCPATH/index.php(67): CodeIgniter\CodeIgniter->run()
CRITICAL - 2024-06-21 09:33:26 --> User does not exist for specified user id
in APPPATH/Models/UserModel.php on line 276.
 1 APPPATH/Controllers/Users.php(115): App\Models\UserModel->findUserById()
 2 SYSTEMPATH/CodeIgniter.php(932): App\Controllers\Users->ref_point()
 3 SYSTEMPATH/CodeIgniter.php(497): CodeIgniter\CodeIgniter->runController()
 4 SYSTEMPATH/CodeIgniter.php(366): CodeIgniter\CodeIgniter->handleRequest()
 5 FCPATH/index.php(67): CodeIgniter\CodeIgniter->run()
CRITICAL - 2024-06-21 09:33:36 --> User does not exist for specified user id
in APPPATH/Models/UserModel.php on line 276.
 1 APPPATH/Controllers/Users.php(115): App\Models\UserModel->findUserById()
 2 SYSTEMPATH/CodeIgniter.php(932): App\Controllers\Users->ref_point()
 3 SYSTEMPATH/CodeIgniter.php(497): CodeIgniter\CodeIgniter->runController()
 4 SYSTEMPATH/CodeIgniter.php(366): CodeIgniter\CodeIgniter->handleRequest()
 5 FCPATH/index.php(67): CodeIgniter\CodeIgniter->run()
CRITICAL - 2024-06-21 09:33:46 --> User does not exist for specified user id
in APPPATH/Models/UserModel.php on line 276.
 1 APPPATH/Controllers/Users.php(115): App\Models\UserModel->findUserById()
 2 SYSTEMPATH/CodeIgniter.php(932): App\Controllers\Users->ref_point()
 3 SYSTEMPATH/CodeIgniter.php(497): CodeIgniter\CodeIgniter->runController()
 4 SYSTEMPATH/CodeIgniter.php(366): CodeIgniter\CodeIgniter->handleRequest()
 5 FCPATH/index.php(67): CodeIgniter\CodeIgniter->run()
CRITICAL - 2024-06-21 09:33:56 --> User does not exist for specified user id
in APPPATH/Models/UserModel.php on line 276.
 1 APPPATH/Controllers/Users.php(115): App\Models\UserModel->findUserById()
 2 SYSTEMPATH/CodeIgniter.php(932): App\Controllers\Users->ref_point()
 3 SYSTEMPATH/CodeIgniter.php(497): CodeIgniter\CodeIgniter->runController()
 4 SYSTEMPATH/CodeIgniter.php(366): CodeIgniter\CodeIgniter->handleRequest()
 5 FCPATH/index.php(67): CodeIgniter\CodeIgniter->run()
CRITICAL - 2024-06-21 09:34:06 --> User does not exist for specified user id
in APPPATH/Models/UserModel.php on line 276.
 1 APPPATH/Controllers/Users.php(115): App\Models\UserModel->findUserById()
 2 SYSTEMPATH/CodeIgniter.php(932): App\Controllers\Users->ref_point()
 3 SYSTEMPATH/CodeIgniter.php(497): CodeIgniter\CodeIgniter->runController()
 4 SYSTEMPATH/CodeIgniter.php(366): CodeIgniter\CodeIgniter->handleRequest()
 5 FCPATH/index.php(67): CodeIgniter\CodeIgniter->run()
CRITICAL - 2024-06-21 09:34:16 --> User does not exist for specified user id
in APPPATH/Models/UserModel.php on line 276.
 1 APPPATH/Controllers/Users.php(115): App\Models\UserModel->findUserById()
 2 SYSTEMPATH/CodeIgniter.php(932): App\Controllers\Users->ref_point()
 3 SYSTEMPATH/CodeIgniter.php(497): CodeIgniter\CodeIgniter->runController()
 4 SYSTEMPATH/CodeIgniter.php(366): CodeIgniter\CodeIgniter->handleRequest()
 5 FCPATH/index.php(67): CodeIgniter\CodeIgniter->run()
CRITICAL - 2024-06-21 09:34:26 --> User does not exist for specified user id
in APPPATH/Models/UserModel.php on line 276.
 1 APPPATH/Controllers/Users.php(115): App\Models\UserModel->findUserById()
 2 SYSTEMPATH/CodeIgniter.php(932): App\Controllers\Users->ref_point()
 3 SYSTEMPATH/CodeIgniter.php(497): CodeIgniter\CodeIgniter->runController()
 4 SYSTEMPATH/CodeIgniter.php(366): CodeIgniter\CodeIgniter->handleRequest()
 5 FCPATH/index.php(67): CodeIgniter\CodeIgniter->run()
CRITICAL - 2024-06-21 09:34:36 --> User does not exist for specified user id
in APPPATH/Models/UserModel.php on line 276.
 1 APPPATH/Controllers/Users.php(115): App\Models\UserModel->findUserById()
 2 SYSTEMPATH/CodeIgniter.php(932): App\Controllers\Users->ref_point()
 3 SYSTEMPATH/CodeIgniter.php(497): CodeIgniter\CodeIgniter->runController()
 4 SYSTEMPATH/CodeIgniter.php(366): CodeIgniter\CodeIgniter->handleRequest()
 5 FCPATH/index.php(67): CodeIgniter\CodeIgniter->run()
CRITICAL - 2024-06-21 09:34:46 --> User does not exist for specified user id
in APPPATH/Models/UserModel.php on line 276.
 1 APPPATH/Controllers/Users.php(115): App\Models\UserModel->findUserById()
 2 SYSTEMPATH/CodeIgniter.php(932): App\Controllers\Users->ref_point()
 3 SYSTEMPATH/CodeIgniter.php(497): CodeIgniter\CodeIgniter->runController()
 4 SYSTEMPATH/CodeIgniter.php(366): CodeIgniter\CodeIgniter->handleRequest()
 5 FCPATH/index.php(67): CodeIgniter\CodeIgniter->run()
CRITICAL - 2024-06-21 09:34:56 --> User does not exist for specified user id
in APPPATH/Models/UserModel.php on line 276.
 1 APPPATH/Controllers/Users.php(115): App\Models\UserModel->findUserById()
 2 SYSTEMPATH/CodeIgniter.php(932): App\Controllers\Users->ref_point()
 3 SYSTEMPATH/CodeIgniter.php(497): CodeIgniter\CodeIgniter->runController()
 4 SYSTEMPATH/CodeIgniter.php(366): CodeIgniter\CodeIgniter->handleRequest()
 5 FCPATH/index.php(67): CodeIgniter\CodeIgniter->run()
CRITICAL - 2024-06-21 09:35:06 --> User does not exist for specified user id
in APPPATH/Models/UserModel.php on line 276.
 1 APPPATH/Controllers/Users.php(115): App\Models\UserModel->findUserById()
 2 SYSTEMPATH/CodeIgniter.php(932): App\Controllers\Users->ref_point()
 3 SYSTEMPATH/CodeIgniter.php(497): CodeIgniter\CodeIgniter->runController()
 4 SYSTEMPATH/CodeIgniter.php(366): CodeIgniter\CodeIgniter->handleRequest()
 5 FCPATH/index.php(67): CodeIgniter\CodeIgniter->run()
CRITICAL - 2024-06-21 09:35:16 --> User does not exist for specified user id
in APPPATH/Models/UserModel.php on line 276.
 1 APPPATH/Controllers/Users.php(115): App\Models\UserModel->findUserById()
 2 SYSTEMPATH/CodeIgniter.php(932): App\Controllers\Users->ref_point()
 3 SYSTEMPATH/CodeIgniter.php(497): CodeIgniter\CodeIgniter->runController()
 4 SYSTEMPATH/CodeIgniter.php(366): CodeIgniter\CodeIgniter->handleRequest()
 5 FCPATH/index.php(67): CodeIgniter\CodeIgniter->run()
CRITICAL - 2024-06-21 09:35:26 --> User does not exist for specified user id
in APPPATH/Models/UserModel.php on line 276.
 1 APPPATH/Controllers/Users.php(115): App\Models\UserModel->findUserById()
 2 SYSTEMPATH/CodeIgniter.php(932): App\Controllers\Users->ref_point()
 3 SYSTEMPATH/CodeIgniter.php(497): CodeIgniter\CodeIgniter->runController()
 4 SYSTEMPATH/CodeIgniter.php(366): CodeIgniter\CodeIgniter->handleRequest()
 5 FCPATH/index.php(67): CodeIgniter\CodeIgniter->run()
CRITICAL - 2024-06-21 09:35:36 --> User does not exist for specified user id
in APPPATH/Models/UserModel.php on line 276.
 1 APPPATH/Controllers/Users.php(115): App\Models\UserModel->findUserById()
 2 SYSTEMPATH/CodeIgniter.php(932): App\Controllers\Users->ref_point()
 3 SYSTEMPATH/CodeIgniter.php(497): CodeIgniter\CodeIgniter->runController()
 4 SYSTEMPATH/CodeIgniter.php(366): CodeIgniter\CodeIgniter->handleRequest()
 5 FCPATH/index.php(67): CodeIgniter\CodeIgniter->run()
CRITICAL - 2024-06-21 09:35:46 --> User does not exist for specified user id
in APPPATH/Models/UserModel.php on line 276.
 1 APPPATH/Controllers/Users.php(115): App\Models\UserModel->findUserById()
 2 SYSTEMPATH/CodeIgniter.php(932): App\Controllers\Users->ref_point()
 3 SYSTEMPATH/CodeIgniter.php(497): CodeIgniter\CodeIgniter->runController()
 4 SYSTEMPATH/CodeIgniter.php(366): CodeIgniter\CodeIgniter->handleRequest()
 5 FCPATH/index.php(67): CodeIgniter\CodeIgniter->run()
CRITICAL - 2024-06-21 09:35:56 --> User does not exist for specified user id
in APPPATH/Models/UserModel.php on line 276.
 1 APPPATH/Controllers/Users.php(115): App\Models\UserModel->findUserById()
 2 SYSTEMPATH/CodeIgniter.php(932): App\Controllers\Users->ref_point()
 3 SYSTEMPATH/CodeIgniter.php(497): CodeIgniter\CodeIgniter->runController()
 4 SYSTEMPATH/CodeIgniter.php(366): CodeIgniter\CodeIgniter->handleRequest()
 5 FCPATH/index.php(67): CodeIgniter\CodeIgniter->run()
CRITICAL - 2024-06-21 09:36:06 --> User does not exist for specified user id
in APPPATH/Models/UserModel.php on line 276.
 1 APPPATH/Controllers/Users.php(115): App\Models\UserModel->findUserById()
 2 SYSTEMPATH/CodeIgniter.php(932): App\Controllers\Users->ref_point()
 3 SYSTEMPATH/CodeIgniter.php(497): CodeIgniter\CodeIgniter->runController()
 4 SYSTEMPATH/CodeIgniter.php(366): CodeIgniter\CodeIgniter->handleRequest()
 5 FCPATH/index.php(67): CodeIgniter\CodeIgniter->run()
CRITICAL - 2024-06-21 09:36:16 --> User does not exist for specified user id
in APPPATH/Models/UserModel.php on line 276.
 1 APPPATH/Controllers/Users.php(115): App\Models\UserModel->findUserById()
 2 SYSTEMPATH/CodeIgniter.php(932): App\Controllers\Users->ref_point()
 3 SYSTEMPATH/CodeIgniter.php(497): CodeIgniter\CodeIgniter->runController()
 4 SYSTEMPATH/CodeIgniter.php(366): CodeIgniter\CodeIgniter->handleRequest()
 5 FCPATH/index.php(67): CodeIgniter\CodeIgniter->run()
CRITICAL - 2024-06-21 09:36:26 --> User does not exist for specified user id
in APPPATH/Models/UserModel.php on line 276.
 1 APPPATH/Controllers/Users.php(115): App\Models\UserModel->findUserById()
 2 SYSTEMPATH/CodeIgniter.php(932): App\Controllers\Users->ref_point()
 3 SYSTEMPATH/CodeIgniter.php(497): CodeIgniter\CodeIgniter->runController()
 4 SYSTEMPATH/CodeIgniter.php(366): CodeIgniter\CodeIgniter->handleRequest()
 5 FCPATH/index.php(67): CodeIgniter\CodeIgniter->run()
CRITICAL - 2024-06-21 09:36:36 --> User does not exist for specified user id
in APPPATH/Models/UserModel.php on line 276.
 1 APPPATH/Controllers/Users.php(115): App\Models\UserModel->findUserById()
 2 SYSTEMPATH/CodeIgniter.php(932): App\Controllers\Users->ref_point()
 3 SYSTEMPATH/CodeIgniter.php(497): CodeIgniter\CodeIgniter->runController()
 4 SYSTEMPATH/CodeIgniter.php(366): CodeIgniter\CodeIgniter->handleRequest()
 5 FCPATH/index.php(67): CodeIgniter\CodeIgniter->run()
CRITICAL - 2024-06-21 09:36:46 --> User does not exist for specified user id
in APPPATH/Models/UserModel.php on line 276.
 1 APPPATH/Controllers/Users.php(115): App\Models\UserModel->findUserById()
 2 SYSTEMPATH/CodeIgniter.php(932): App\Controllers\Users->ref_point()
 3 SYSTEMPATH/CodeIgniter.php(497): CodeIgniter\CodeIgniter->runController()
 4 SYSTEMPATH/CodeIgniter.php(366): CodeIgniter\CodeIgniter->handleRequest()
 5 FCPATH/index.php(67): CodeIgniter\CodeIgniter->run()
CRITICAL - 2024-06-21 09:36:56 --> User does not exist for specified user id
in APPPATH/Models/UserModel.php on line 276.
 1 APPPATH/Controllers/Users.php(115): App\Models\UserModel->findUserById()
 2 SYSTEMPATH/CodeIgniter.php(932): App\Controllers\Users->ref_point()
 3 SYSTEMPATH/CodeIgniter.php(497): CodeIgniter\CodeIgniter->runController()
 4 SYSTEMPATH/CodeIgniter.php(366): CodeIgniter\CodeIgniter->handleRequest()
 5 FCPATH/index.php(67): CodeIgniter\CodeIgniter->run()
CRITICAL - 2024-06-21 09:37:06 --> User does not exist for specified user id
in APPPATH/Models/UserModel.php on line 276.
 1 APPPATH/Controllers/Users.php(115): App\Models\UserModel->findUserById()
 2 SYSTEMPATH/CodeIgniter.php(932): App\Controllers\Users->ref_point()
 3 SYSTEMPATH/CodeIgniter.php(497): CodeIgniter\CodeIgniter->runController()
 4 SYSTEMPATH/CodeIgniter.php(366): CodeIgniter\CodeIgniter->handleRequest()
 5 FCPATH/index.php(67): CodeIgniter\CodeIgniter->run()
CRITICAL - 2024-06-21 09:37:16 --> User does not exist for specified user id
in APPPATH/Models/UserModel.php on line 276.
 1 APPPATH/Controllers/Users.php(115): App\Models\UserModel->findUserById()
 2 SYSTEMPATH/CodeIgniter.php(932): App\Controllers\Users->ref_point()
 3 SYSTEMPATH/CodeIgniter.php(497): CodeIgniter\CodeIgniter->runController()
 4 SYSTEMPATH/CodeIgniter.php(366): CodeIgniter\CodeIgniter->handleRequest()
 5 FCPATH/index.php(67): CodeIgniter\CodeIgniter->run()
CRITICAL - 2024-06-21 09:37:26 --> User does not exist for specified user id
in APPPATH/Models/UserModel.php on line 276.
 1 APPPATH/Controllers/Users.php(115): App\Models\UserModel->findUserById()
 2 SYSTEMPATH/CodeIgniter.php(932): App\Controllers\Users->ref_point()
 3 SYSTEMPATH/CodeIgniter.php(497): CodeIgniter\CodeIgniter->runController()
 4 SYSTEMPATH/CodeIgniter.php(366): CodeIgniter\CodeIgniter->handleRequest()
 5 FCPATH/index.php(67): CodeIgniter\CodeIgniter->run()
CRITICAL - 2024-06-21 09:37:36 --> User does not exist for specified user id
in APPPATH/Models/UserModel.php on line 276.
 1 APPPATH/Controllers/Users.php(115): App\Models\UserModel->findUserById()
 2 SYSTEMPATH/CodeIgniter.php(932): App\Controllers\Users->ref_point()
 3 SYSTEMPATH/CodeIgniter.php(497): CodeIgniter\CodeIgniter->runController()
 4 SYSTEMPATH/CodeIgniter.php(366): CodeIgniter\CodeIgniter->handleRequest()
 5 FCPATH/index.php(67): CodeIgniter\CodeIgniter->run()
CRITICAL - 2024-06-21 09:37:46 --> User does not exist for specified user id
in APPPATH/Models/UserModel.php on line 276.
 1 APPPATH/Controllers/Users.php(115): App\Models\UserModel->findUserById()
 2 SYSTEMPATH/CodeIgniter.php(932): App\Controllers\Users->ref_point()
 3 SYSTEMPATH/CodeIgniter.php(497): CodeIgniter\CodeIgniter->runController()
 4 SYSTEMPATH/CodeIgniter.php(366): CodeIgniter\CodeIgniter->handleRequest()
 5 FCPATH/index.php(67): CodeIgniter\CodeIgniter->run()
CRITICAL - 2024-06-21 09:37:56 --> User does not exist for specified user id
in APPPATH/Models/UserModel.php on line 276.
 1 APPPATH/Controllers/Users.php(115): App\Models\UserModel->findUserById()
 2 SYSTEMPATH/CodeIgniter.php(932): App\Controllers\Users->ref_point()
 3 SYSTEMPATH/CodeIgniter.php(497): CodeIgniter\CodeIgniter->runController()
 4 SYSTEMPATH/CodeIgniter.php(366): CodeIgniter\CodeIgniter->handleRequest()
 5 FCPATH/index.php(67): CodeIgniter\CodeIgniter->run()
CRITICAL - 2024-06-21 09:38:06 --> User does not exist for specified user id
in APPPATH/Models/UserModel.php on line 276.
 1 APPPATH/Controllers/Users.php(115): App\Models\UserModel->findUserById()
 2 SYSTEMPATH/CodeIgniter.php(932): App\Controllers\Users->ref_point()
 3 SYSTEMPATH/CodeIgniter.php(497): CodeIgniter\CodeIgniter->runController()
 4 SYSTEMPATH/CodeIgniter.php(366): CodeIgniter\CodeIgniter->handleRequest()
 5 FCPATH/index.php(67): CodeIgniter\CodeIgniter->run()
CRITICAL - 2024-06-21 09:38:16 --> User does not exist for specified user id
in APPPATH/Models/UserModel.php on line 276.
 1 APPPATH/Controllers/Users.php(115): App\Models\UserModel->findUserById()
 2 SYSTEMPATH/CodeIgniter.php(932): App\Controllers\Users->ref_point()
 3 SYSTEMPATH/CodeIgniter.php(497): CodeIgniter\CodeIgniter->runController()
 4 SYSTEMPATH/CodeIgniter.php(366): CodeIgniter\CodeIgniter->handleRequest()
 5 FCPATH/index.php(67): CodeIgniter\CodeIgniter->run()
CRITICAL - 2024-06-21 09:38:26 --> User does not exist for specified user id
in APPPATH/Models/UserModel.php on line 276.
 1 APPPATH/Controllers/Users.php(115): App\Models\UserModel->findUserById()
 2 SYSTEMPATH/CodeIgniter.php(932): App\Controllers\Users->ref_point()
 3 SYSTEMPATH/CodeIgniter.php(497): CodeIgniter\CodeIgniter->runController()
 4 SYSTEMPATH/CodeIgniter.php(366): CodeIgniter\CodeIgniter->handleRequest()
 5 FCPATH/index.php(67): CodeIgniter\CodeIgniter->run()
CRITICAL - 2024-06-21 09:38:36 --> User does not exist for specified user id
in APPPATH/Models/UserModel.php on line 276.
 1 APPPATH/Controllers/Users.php(115): App\Models\UserModel->findUserById()
 2 SYSTEMPATH/CodeIgniter.php(932): App\Controllers\Users->ref_point()
 3 SYSTEMPATH/CodeIgniter.php(497): CodeIgniter\CodeIgniter->runController()
 4 SYSTEMPATH/CodeIgniter.php(366): CodeIgniter\CodeIgniter->handleRequest()
 5 FCPATH/index.php(67): CodeIgniter\CodeIgniter->run()
CRITICAL - 2024-06-21 09:38:46 --> User does not exist for specified user id
in APPPATH/Models/UserModel.php on line 276.
 1 APPPATH/Controllers/Users.php(115): App\Models\UserModel->findUserById()
 2 SYSTEMPATH/CodeIgniter.php(932): App\Controllers\Users->ref_point()
 3 SYSTEMPATH/CodeIgniter.php(497): CodeIgniter\CodeIgniter->runController()
 4 SYSTEMPATH/CodeIgniter.php(366): CodeIgniter\CodeIgniter->handleRequest()
 5 FCPATH/index.php(67): CodeIgniter\CodeIgniter->run()
CRITICAL - 2024-06-21 09:38:56 --> User does not exist for specified user id
in APPPATH/Models/UserModel.php on line 276.
 1 APPPATH/Controllers/Users.php(115): App\Models\UserModel->findUserById()
 2 SYSTEMPATH/CodeIgniter.php(932): App\Controllers\Users->ref_point()
 3 SYSTEMPATH/CodeIgniter.php(497): CodeIgniter\CodeIgniter->runController()
 4 SYSTEMPATH/CodeIgniter.php(366): CodeIgniter\CodeIgniter->handleRequest()
 5 FCPATH/index.php(67): CodeIgniter\CodeIgniter->run()
CRITICAL - 2024-06-21 09:39:06 --> User does not exist for specified user id
in APPPATH/Models/UserModel.php on line 276.
 1 APPPATH/Controllers/Users.php(115): App\Models\UserModel->findUserById()
 2 SYSTEMPATH/CodeIgniter.php(932): App\Controllers\Users->ref_point()
 3 SYSTEMPATH/CodeIgniter.php(497): CodeIgniter\CodeIgniter->runController()
 4 SYSTEMPATH/CodeIgniter.php(366): CodeIgniter\CodeIgniter->handleRequest()
 5 FCPATH/index.php(67): CodeIgniter\CodeIgniter->run()
CRITICAL - 2024-06-21 09:39:16 --> User does not exist for specified user id
in APPPATH/Models/UserModel.php on line 276.
 1 APPPATH/Controllers/Users.php(115): App\Models\UserModel->findUserById()
 2 SYSTEMPATH/CodeIgniter.php(932): App\Controllers\Users->ref_point()
 3 SYSTEMPATH/CodeIgniter.php(497): CodeIgniter\CodeIgniter->runController()
 4 SYSTEMPATH/CodeIgniter.php(366): CodeIgniter\CodeIgniter->handleRequest()
 5 FCPATH/index.php(67): CodeIgniter\CodeIgniter->run()
CRITICAL - 2024-06-21 09:39:26 --> User does not exist for specified user id
in APPPATH/Models/UserModel.php on line 276.
 1 APPPATH/Controllers/Users.php(115): App\Models\UserModel->findUserById()
 2 SYSTEMPATH/CodeIgniter.php(932): App\Controllers\Users->ref_point()
 3 SYSTEMPATH/CodeIgniter.php(497): CodeIgniter\CodeIgniter->runController()
 4 SYSTEMPATH/CodeIgniter.php(366): CodeIgniter\CodeIgniter->handleRequest()
 5 FCPATH/index.php(67): CodeIgniter\CodeIgniter->run()
CRITICAL - 2024-06-21 09:39:36 --> User does not exist for specified user id
in APPPATH/Models/UserModel.php on line 276.
 1 APPPATH/Controllers/Users.php(115): App\Models\UserModel->findUserById()
 2 SYSTEMPATH/CodeIgniter.php(932): App\Controllers\Users->ref_point()
 3 SYSTEMPATH/CodeIgniter.php(497): CodeIgniter\CodeIgniter->runController()
 4 SYSTEMPATH/CodeIgniter.php(366): CodeIgniter\CodeIgniter->handleRequest()
 5 FCPATH/index.php(67): CodeIgniter\CodeIgniter->run()
CRITICAL - 2024-06-21 09:39:46 --> User does not exist for specified user id
in APPPATH/Models/UserModel.php on line 276.
 1 APPPATH/Controllers/Users.php(115): App\Models\UserModel->findUserById()
 2 SYSTEMPATH/CodeIgniter.php(932): App\Controllers\Users->ref_point()
 3 SYSTEMPATH/CodeIgniter.php(497): CodeIgniter\CodeIgniter->runController()
 4 SYSTEMPATH/CodeIgniter.php(366): CodeIgniter\CodeIgniter->handleRequest()
 5 FCPATH/index.php(67): CodeIgniter\CodeIgniter->run()
CRITICAL - 2024-06-21 09:39:56 --> User does not exist for specified user id
in APPPATH/Models/UserModel.php on line 276.
 1 APPPATH/Controllers/Users.php(115): App\Models\UserModel->findUserById()
 2 SYSTEMPATH/CodeIgniter.php(932): App\Controllers\Users->ref_point()
 3 SYSTEMPATH/CodeIgniter.php(497): CodeIgniter\CodeIgniter->runController()
 4 SYSTEMPATH/CodeIgniter.php(366): CodeIgniter\CodeIgniter->handleRequest()
 5 FCPATH/index.php(67): CodeIgniter\CodeIgniter->run()
CRITICAL - 2024-06-21 09:40:06 --> User does not exist for specified user id
in APPPATH/Models/UserModel.php on line 276.
 1 APPPATH/Controllers/Users.php(115): App\Models\UserModel->findUserById()
 2 SYSTEMPATH/CodeIgniter.php(932): App\Controllers\Users->ref_point()
 3 SYSTEMPATH/CodeIgniter.php(497): CodeIgniter\CodeIgniter->runController()
 4 SYSTEMPATH/CodeIgniter.php(366): CodeIgniter\CodeIgniter->handleRequest()
 5 FCPATH/index.php(67): CodeIgniter\CodeIgniter->run()
CRITICAL - 2024-06-21 09:40:16 --> User does not exist for specified user id
in APPPATH/Models/UserModel.php on line 276.
 1 APPPATH/Controllers/Users.php(115): App\Models\UserModel->findUserById()
 2 SYSTEMPATH/CodeIgniter.php(932): App\Controllers\Users->ref_point()
 3 SYSTEMPATH/CodeIgniter.php(497): CodeIgniter\CodeIgniter->runController()
 4 SYSTEMPATH/CodeIgniter.php(366): CodeIgniter\CodeIgniter->handleRequest()
 5 FCPATH/index.php(67): CodeIgniter\CodeIgniter->run()
CRITICAL - 2024-06-21 09:40:26 --> User does not exist for specified user id
in APPPATH/Models/UserModel.php on line 276.
 1 APPPATH/Controllers/Users.php(115): App\Models\UserModel->findUserById()
 2 SYSTEMPATH/CodeIgniter.php(932): App\Controllers\Users->ref_point()
 3 SYSTEMPATH/CodeIgniter.php(497): CodeIgniter\CodeIgniter->runController()
 4 SYSTEMPATH/CodeIgniter.php(366): CodeIgniter\CodeIgniter->handleRequest()
 5 FCPATH/index.php(67): CodeIgniter\CodeIgniter->run()
CRITICAL - 2024-06-21 09:40:36 --> User does not exist for specified user id
in APPPATH/Models/UserModel.php on line 276.
 1 APPPATH/Controllers/Users.php(115): App\Models\UserModel->findUserById()
 2 SYSTEMPATH/CodeIgniter.php(932): App\Controllers\Users->ref_point()
 3 SYSTEMPATH/CodeIgniter.php(497): CodeIgniter\CodeIgniter->runController()
 4 SYSTEMPATH/CodeIgniter.php(366): CodeIgniter\CodeIgniter->handleRequest()
 5 FCPATH/index.php(67): CodeIgniter\CodeIgniter->run()
CRITICAL - 2024-06-21 09:40:46 --> User does not exist for specified user id
in APPPATH/Models/UserModel.php on line 276.
 1 APPPATH/Controllers/Users.php(115): App\Models\UserModel->findUserById()
 2 SYSTEMPATH/CodeIgniter.php(932): App\Controllers\Users->ref_point()
 3 SYSTEMPATH/CodeIgniter.php(497): CodeIgniter\CodeIgniter->runController()
 4 SYSTEMPATH/CodeIgniter.php(366): CodeIgniter\CodeIgniter->handleRequest()
 5 FCPATH/index.php(67): CodeIgniter\CodeIgniter->run()
CRITICAL - 2024-06-21 09:40:56 --> User does not exist for specified user id
in APPPATH/Models/UserModel.php on line 276.
 1 APPPATH/Controllers/Users.php(115): App\Models\UserModel->findUserById()
 2 SYSTEMPATH/CodeIgniter.php(932): App\Controllers\Users->ref_point()
 3 SYSTEMPATH/CodeIgniter.php(497): CodeIgniter\CodeIgniter->runController()
 4 SYSTEMPATH/CodeIgniter.php(366): CodeIgniter\CodeIgniter->handleRequest()
 5 FCPATH/index.php(67): CodeIgniter\CodeIgniter->run()
CRITICAL - 2024-06-21 09:41:06 --> User does not exist for specified user id
in APPPATH/Models/UserModel.php on line 276.
 1 APPPATH/Controllers/Users.php(115): App\Models\UserModel->findUserById()
 2 SYSTEMPATH/CodeIgniter.php(932): App\Controllers\Users->ref_point()
 3 SYSTEMPATH/CodeIgniter.php(497): CodeIgniter\CodeIgniter->runController()
 4 SYSTEMPATH/CodeIgniter.php(366): CodeIgniter\CodeIgniter->handleRequest()
 5 FCPATH/index.php(67): CodeIgniter\CodeIgniter->run()
CRITICAL - 2024-06-21 09:41:16 --> User does not exist for specified user id
in APPPATH/Models/UserModel.php on line 276.
 1 APPPATH/Controllers/Users.php(115): App\Models\UserModel->findUserById()
 2 SYSTEMPATH/CodeIgniter.php(932): App\Controllers\Users->ref_point()
 3 SYSTEMPATH/CodeIgniter.php(497): CodeIgniter\CodeIgniter->runController()
 4 SYSTEMPATH/CodeIgniter.php(366): CodeIgniter\CodeIgniter->handleRequest()
 5 FCPATH/index.php(67): CodeIgniter\CodeIgniter->run()
CRITICAL - 2024-06-21 09:41:26 --> User does not exist for specified user id
in APPPATH/Models/UserModel.php on line 276.
 1 APPPATH/Controllers/Users.php(115): App\Models\UserModel->findUserById()
 2 SYSTEMPATH/CodeIgniter.php(932): App\Controllers\Users->ref_point()
 3 SYSTEMPATH/CodeIgniter.php(497): CodeIgniter\CodeIgniter->runController()
 4 SYSTEMPATH/CodeIgniter.php(366): CodeIgniter\CodeIgniter->handleRequest()
 5 FCPATH/index.php(67): CodeIgniter\CodeIgniter->run()
CRITICAL - 2024-06-21 09:41:36 --> User does not exist for specified user id
in APPPATH/Models/UserModel.php on line 276.
 1 APPPATH/Controllers/Users.php(115): App\Models\UserModel->findUserById()
 2 SYSTEMPATH/CodeIgniter.php(932): App\Controllers\Users->ref_point()
 3 SYSTEMPATH/CodeIgniter.php(497): CodeIgniter\CodeIgniter->runController()
 4 SYSTEMPATH/CodeIgniter.php(366): CodeIgniter\CodeIgniter->handleRequest()
 5 FCPATH/index.php(67): CodeIgniter\CodeIgniter->run()
CRITICAL - 2024-06-21 09:41:46 --> User does not exist for specified user id
in APPPATH/Models/UserModel.php on line 276.
 1 APPPATH/Controllers/Users.php(115): App\Models\UserModel->findUserById()
 2 SYSTEMPATH/CodeIgniter.php(932): App\Controllers\Users->ref_point()
 3 SYSTEMPATH/CodeIgniter.php(497): CodeIgniter\CodeIgniter->runController()
 4 SYSTEMPATH/CodeIgniter.php(366): CodeIgniter\CodeIgniter->handleRequest()
 5 FCPATH/index.php(67): CodeIgniter\CodeIgniter->run()
CRITICAL - 2024-06-21 09:41:56 --> User does not exist for specified user id
in APPPATH/Models/UserModel.php on line 276.
 1 APPPATH/Controllers/Users.php(115): App\Models\UserModel->findUserById()
 2 SYSTEMPATH/CodeIgniter.php(932): App\Controllers\Users->ref_point()
 3 SYSTEMPATH/CodeIgniter.php(497): CodeIgniter\CodeIgniter->runController()
 4 SYSTEMPATH/CodeIgniter.php(366): CodeIgniter\CodeIgniter->handleRequest()
 5 FCPATH/index.php(67): CodeIgniter\CodeIgniter->run()
CRITICAL - 2024-06-21 09:42:06 --> User does not exist for specified user id
in APPPATH/Models/UserModel.php on line 276.
 1 APPPATH/Controllers/Users.php(115): App\Models\UserModel->findUserById()
 2 SYSTEMPATH/CodeIgniter.php(932): App\Controllers\Users->ref_point()
 3 SYSTEMPATH/CodeIgniter.php(497): CodeIgniter\CodeIgniter->runController()
 4 SYSTEMPATH/CodeIgniter.php(366): CodeIgniter\CodeIgniter->handleRequest()
 5 FCPATH/index.php(67): CodeIgniter\CodeIgniter->run()
CRITICAL - 2024-06-21 09:42:16 --> User does not exist for specified user id
in APPPATH/Models/UserModel.php on line 276.
 1 APPPATH/Controllers/Users.php(115): App\Models\UserModel->findUserById()
 2 SYSTEMPATH/CodeIgniter.php(932): App\Controllers\Users->ref_point()
 3 SYSTEMPATH/CodeIgniter.php(497): CodeIgniter\CodeIgniter->runController()
 4 SYSTEMPATH/CodeIgniter.php(366): CodeIgniter\CodeIgniter->handleRequest()
 5 FCPATH/index.php(67): CodeIgniter\CodeIgniter->run()
CRITICAL - 2024-06-21 09:42:26 --> User does not exist for specified user id
in APPPATH/Models/UserModel.php on line 276.
 1 APPPATH/Controllers/Users.php(115): App\Models\UserModel->findUserById()
 2 SYSTEMPATH/CodeIgniter.php(932): App\Controllers\Users->ref_point()
 3 SYSTEMPATH/CodeIgniter.php(497): CodeIgniter\CodeIgniter->runController()
 4 SYSTEMPATH/CodeIgniter.php(366): CodeIgniter\CodeIgniter->handleRequest()
 5 FCPATH/index.php(67): CodeIgniter\CodeIgniter->run()
CRITICAL - 2024-06-21 09:42:36 --> User does not exist for specified user id
in APPPATH/Models/UserModel.php on line 276.
 1 APPPATH/Controllers/Users.php(115): App\Models\UserModel->findUserById()
 2 SYSTEMPATH/CodeIgniter.php(932): App\Controllers\Users->ref_point()
 3 SYSTEMPATH/CodeIgniter.php(497): CodeIgniter\CodeIgniter->runController()
 4 SYSTEMPATH/CodeIgniter.php(366): CodeIgniter\CodeIgniter->handleRequest()
 5 FCPATH/index.php(67): CodeIgniter\CodeIgniter->run()
CRITICAL - 2024-06-21 09:42:46 --> User does not exist for specified user id
in APPPATH/Models/UserModel.php on line 276.
 1 APPPATH/Controllers/Users.php(115): App\Models\UserModel->findUserById()
 2 SYSTEMPATH/CodeIgniter.php(932): App\Controllers\Users->ref_point()
 3 SYSTEMPATH/CodeIgniter.php(497): CodeIgniter\CodeIgniter->runController()
 4 SYSTEMPATH/CodeIgniter.php(366): CodeIgniter\CodeIgniter->handleRequest()
 5 FCPATH/index.php(67): CodeIgniter\CodeIgniter->run()
CRITICAL - 2024-06-21 09:42:56 --> User does not exist for specified user id
in APPPATH/Models/UserModel.php on line 276.
 1 APPPATH/Controllers/Users.php(115): App\Models\UserModel->findUserById()
 2 SYSTEMPATH/CodeIgniter.php(932): App\Controllers\Users->ref_point()
 3 SYSTEMPATH/CodeIgniter.php(497): CodeIgniter\CodeIgniter->runController()
 4 SYSTEMPATH/CodeIgniter.php(366): CodeIgniter\CodeIgniter->handleRequest()
 5 FCPATH/index.php(67): CodeIgniter\CodeIgniter->run()
CRITICAL - 2024-06-21 09:43:02 --> User does not exist for specified user id
in APPPATH/Models/UserModel.php on line 276.
 1 APPPATH/Controllers/Users.php(41): App\Models\UserModel->findUserById()
 2 SYSTEMPATH/CodeIgniter.php(932): App\Controllers\Users->get_user()
 3 SYSTEMPATH/CodeIgniter.php(497): CodeIgniter\CodeIgniter->runController()
 4 SYSTEMPATH/CodeIgniter.php(366): CodeIgniter\CodeIgniter->handleRequest()
 5 FCPATH/index.php(67): CodeIgniter\CodeIgniter->run()
CRITICAL - 2024-06-21 09:43:02 --> User does not exist for specified user id
in APPPATH/Models/UserModel.php on line 276.
 1 APPPATH/Controllers/Users.php(41): App\Models\UserModel->findUserById()
 2 SYSTEMPATH/CodeIgniter.php(932): App\Controllers\Users->get_user()
 3 SYSTEMPATH/CodeIgniter.php(497): CodeIgniter\CodeIgniter->runController()
 4 SYSTEMPATH/CodeIgniter.php(366): CodeIgniter\CodeIgniter->handleRequest()
 5 FCPATH/index.php(67): CodeIgniter\CodeIgniter->run()
CRITICAL - 2024-06-21 09:43:03 --> User does not exist for specified user id
in APPPATH/Models/UserModel.php on line 276.
 1 APPPATH/Controllers/Users.php(41): App\Models\UserModel->findUserById()
 2 SYSTEMPATH/CodeIgniter.php(932): App\Controllers\Users->get_user()
 3 SYSTEMPATH/CodeIgniter.php(497): CodeIgniter\CodeIgniter->runController()
 4 SYSTEMPATH/CodeIgniter.php(366): CodeIgniter\CodeIgniter->handleRequest()
 5 FCPATH/index.php(67): CodeIgniter\CodeIgniter->run()
CRITICAL - 2024-06-21 09:43:03 --> User does not exist for specified user id
in APPPATH/Models/UserModel.php on line 276.
 1 APPPATH/Controllers/Users.php(41): App\Models\UserModel->findUserById()
 2 SYSTEMPATH/CodeIgniter.php(932): App\Controllers\Users->get_user()
 3 SYSTEMPATH/CodeIgniter.php(497): CodeIgniter\CodeIgniter->runController()
 4 SYSTEMPATH/CodeIgniter.php(366): CodeIgniter\CodeIgniter->handleRequest()
 5 FCPATH/index.php(67): CodeIgniter\CodeIgniter->run()
CRITICAL - 2024-06-21 09:43:06 --> User does not exist for specified user id
in APPPATH/Models/UserModel.php on line 276.
 1 APPPATH/Controllers/Users.php(41): App\Models\UserModel->findUserById()
 2 SYSTEMPATH/CodeIgniter.php(932): App\Controllers\Users->get_user()
 3 SYSTEMPATH/CodeIgniter.php(497): CodeIgniter\CodeIgniter->runController()
 4 SYSTEMPATH/CodeIgniter.php(366): CodeIgniter\CodeIgniter->handleRequest()
 5 FCPATH/index.php(67): CodeIgniter\CodeIgniter->run()
CRITICAL - 2024-06-21 09:43:06 --> User does not exist for specified user id
in APPPATH/Models/UserModel.php on line 276.
 1 APPPATH/Controllers/Users.php(115): App\Models\UserModel->findUserById()
 2 SYSTEMPATH/CodeIgniter.php(932): App\Controllers\Users->ref_point()
 3 SYSTEMPATH/CodeIgniter.php(497): CodeIgniter\CodeIgniter->runController()
 4 SYSTEMPATH/CodeIgniter.php(366): CodeIgniter\CodeIgniter->handleRequest()
 5 FCPATH/index.php(67): CodeIgniter\CodeIgniter->run()
CRITICAL - 2024-06-21 09:43:06 --> User does not exist for specified user id
in APPPATH/Models/UserModel.php on line 276.
 1 APPPATH/Controllers/Users.php(41): App\Models\UserModel->findUserById()
 2 SYSTEMPATH/CodeIgniter.php(932): App\Controllers\Users->get_user()
 3 SYSTEMPATH/CodeIgniter.php(497): CodeIgniter\CodeIgniter->runController()
 4 SYSTEMPATH/CodeIgniter.php(366): CodeIgniter\CodeIgniter->handleRequest()
 5 FCPATH/index.php(67): CodeIgniter\CodeIgniter->run()
CRITICAL - 2024-06-21 09:43:16 --> User does not exist for specified user id
in APPPATH/Models/UserModel.php on line 276.
 1 APPPATH/Controllers/Users.php(115): App\Models\UserModel->findUserById()
 2 SYSTEMPATH/CodeIgniter.php(932): App\Controllers\Users->ref_point()
 3 SYSTEMPATH/CodeIgniter.php(497): CodeIgniter\CodeIgniter->runController()
 4 SYSTEMPATH/CodeIgniter.php(366): CodeIgniter\CodeIgniter->handleRequest()
 5 FCPATH/index.php(67): CodeIgniter\CodeIgniter->run()
CRITICAL - 2024-06-21 09:43:26 --> User does not exist for specified user id
in APPPATH/Models/UserModel.php on line 276.
 1 APPPATH/Controllers/Users.php(115): App\Models\UserModel->findUserById()
 2 SYSTEMPATH/CodeIgniter.php(932): App\Controllers\Users->ref_point()
 3 SYSTEMPATH/CodeIgniter.php(497): CodeIgniter\CodeIgniter->runController()
 4 SYSTEMPATH/CodeIgniter.php(366): CodeIgniter\CodeIgniter->handleRequest()
 5 FCPATH/index.php(67): CodeIgniter\CodeIgniter->run()
CRITICAL - 2024-06-21 09:43:36 --> User does not exist for specified user id
in APPPATH/Models/UserModel.php on line 276.
 1 APPPATH/Controllers/Users.php(115): App\Models\UserModel->findUserById()
 2 SYSTEMPATH/CodeIgniter.php(932): App\Controllers\Users->ref_point()
 3 SYSTEMPATH/CodeIgniter.php(497): CodeIgniter\CodeIgniter->runController()
 4 SYSTEMPATH/CodeIgniter.php(366): CodeIgniter\CodeIgniter->handleRequest()
 5 FCPATH/index.php(67): CodeIgniter\CodeIgniter->run()
CRITICAL - 2024-06-21 09:43:46 --> User does not exist for specified user id
in APPPATH/Models/UserModel.php on line 276.
 1 APPPATH/Controllers/Users.php(115): App\Models\UserModel->findUserById()
 2 SYSTEMPATH/CodeIgniter.php(932): App\Controllers\Users->ref_point()
 3 SYSTEMPATH/CodeIgniter.php(497): CodeIgniter\CodeIgniter->runController()
 4 SYSTEMPATH/CodeIgniter.php(366): CodeIgniter\CodeIgniter->handleRequest()
 5 FCPATH/index.php(67): CodeIgniter\CodeIgniter->run()
CRITICAL - 2024-06-21 09:43:56 --> User does not exist for specified user id
in APPPATH/Models/UserModel.php on line 276.
 1 APPPATH/Controllers/Users.php(115): App\Models\UserModel->findUserById()
 2 SYSTEMPATH/CodeIgniter.php(932): App\Controllers\Users->ref_point()
 3 SYSTEMPATH/CodeIgniter.php(497): CodeIgniter\CodeIgniter->runController()
 4 SYSTEMPATH/CodeIgniter.php(366): CodeIgniter\CodeIgniter->handleRequest()
 5 FCPATH/index.php(67): CodeIgniter\CodeIgniter->run()
CRITICAL - 2024-06-21 09:44:06 --> User does not exist for specified user id
in APPPATH/Models/UserModel.php on line 276.
 1 APPPATH/Controllers/Users.php(115): App\Models\UserModel->findUserById()
 2 SYSTEMPATH/CodeIgniter.php(932): App\Controllers\Users->ref_point()
 3 SYSTEMPATH/CodeIgniter.php(497): CodeIgniter\CodeIgniter->runController()
 4 SYSTEMPATH/CodeIgniter.php(366): CodeIgniter\CodeIgniter->handleRequest()
 5 FCPATH/index.php(67): CodeIgniter\CodeIgniter->run()
CRITICAL - 2024-06-21 09:44:16 --> User does not exist for specified user id
in APPPATH/Models/UserModel.php on line 276.
 1 APPPATH/Controllers/Users.php(115): App\Models\UserModel->findUserById()
 2 SYSTEMPATH/CodeIgniter.php(932): App\Controllers\Users->ref_point()
 3 SYSTEMPATH/CodeIgniter.php(497): CodeIgniter\CodeIgniter->runController()
 4 SYSTEMPATH/CodeIgniter.php(366): CodeIgniter\CodeIgniter->handleRequest()
 5 FCPATH/index.php(67): CodeIgniter\CodeIgniter->run()
CRITICAL - 2024-06-21 09:44:18 --> User does not exist for specified user id
in APPPATH/Models/UserModel.php on line 276.
 1 APPPATH/Controllers/Users.php(41): App\Models\UserModel->findUserById()
 2 SYSTEMPATH/CodeIgniter.php(932): App\Controllers\Users->get_user()
 3 SYSTEMPATH/CodeIgniter.php(497): CodeIgniter\CodeIgniter->runController()
 4 SYSTEMPATH/CodeIgniter.php(366): CodeIgniter\CodeIgniter->handleRequest()
 5 FCPATH/index.php(67): CodeIgniter\CodeIgniter->run()
CRITICAL - 2024-06-21 09:44:18 --> User does not exist for specified user id
in APPPATH/Models/UserModel.php on line 276.
 1 APPPATH/Controllers/Users.php(41): App\Models\UserModel->findUserById()
 2 SYSTEMPATH/CodeIgniter.php(932): App\Controllers\Users->get_user()
 3 SYSTEMPATH/CodeIgniter.php(497): CodeIgniter\CodeIgniter->runController()
 4 SYSTEMPATH/CodeIgniter.php(366): CodeIgniter\CodeIgniter->handleRequest()
 5 FCPATH/index.php(67): CodeIgniter\CodeIgniter->run()
CRITICAL - 2024-06-21 09:44:26 --> User does not exist for specified user id
in APPPATH/Models/UserModel.php on line 276.
 1 APPPATH/Controllers/Users.php(115): App\Models\UserModel->findUserById()
 2 SYSTEMPATH/CodeIgniter.php(932): App\Controllers\Users->ref_point()
 3 SYSTEMPATH/CodeIgniter.php(497): CodeIgniter\CodeIgniter->runController()
 4 SYSTEMPATH/CodeIgniter.php(366): CodeIgniter\CodeIgniter->handleRequest()
 5 FCPATH/index.php(67): CodeIgniter\CodeIgniter->run()
CRITICAL - 2024-06-21 09:44:36 --> User does not exist for specified user id
in APPPATH/Models/UserModel.php on line 276.
 1 APPPATH/Controllers/Users.php(115): App\Models\UserModel->findUserById()
 2 SYSTEMPATH/CodeIgniter.php(932): App\Controllers\Users->ref_point()
 3 SYSTEMPATH/CodeIgniter.php(497): CodeIgniter\CodeIgniter->runController()
 4 SYSTEMPATH/CodeIgniter.php(366): CodeIgniter\CodeIgniter->handleRequest()
 5 FCPATH/index.php(67): CodeIgniter\CodeIgniter->run()
CRITICAL - 2024-06-21 09:44:46 --> User does not exist for specified user id
in APPPATH/Models/UserModel.php on line 276.
 1 APPPATH/Controllers/Users.php(115): App\Models\UserModel->findUserById()
 2 SYSTEMPATH/CodeIgniter.php(932): App\Controllers\Users->ref_point()
 3 SYSTEMPATH/CodeIgniter.php(497): CodeIgniter\CodeIgniter->runController()
 4 SYSTEMPATH/CodeIgniter.php(366): CodeIgniter\CodeIgniter->handleRequest()
 5 FCPATH/index.php(67): CodeIgniter\CodeIgniter->run()
CRITICAL - 2024-06-21 09:44:56 --> User does not exist for specified user id
in APPPATH/Models/UserModel.php on line 276.
 1 APPPATH/Controllers/Users.php(115): App\Models\UserModel->findUserById()
 2 SYSTEMPATH/CodeIgniter.php(932): App\Controllers\Users->ref_point()
 3 SYSTEMPATH/CodeIgniter.php(497): CodeIgniter\CodeIgniter->runController()
 4 SYSTEMPATH/CodeIgniter.php(366): CodeIgniter\CodeIgniter->handleRequest()
 5 FCPATH/index.php(67): CodeIgniter\CodeIgniter->run()
CRITICAL - 2024-06-21 09:45:06 --> User does not exist for specified user id
in APPPATH/Models/UserModel.php on line 276.
 1 APPPATH/Controllers/Users.php(115): App\Models\UserModel->findUserById()
 2 SYSTEMPATH/CodeIgniter.php(932): App\Controllers\Users->ref_point()
 3 SYSTEMPATH/CodeIgniter.php(497): CodeIgniter\CodeIgniter->runController()
 4 SYSTEMPATH/CodeIgniter.php(366): CodeIgniter\CodeIgniter->handleRequest()
 5 FCPATH/index.php(67): CodeIgniter\CodeIgniter->run()
CRITICAL - 2024-06-21 09:45:16 --> User does not exist for specified user id
in APPPATH/Models/UserModel.php on line 276.
 1 APPPATH/Controllers/Users.php(115): App\Models\UserModel->findUserById()
 2 SYSTEMPATH/CodeIgniter.php(932): App\Controllers\Users->ref_point()
 3 SYSTEMPATH/CodeIgniter.php(497): CodeIgniter\CodeIgniter->runController()
 4 SYSTEMPATH/CodeIgniter.php(366): CodeIgniter\CodeIgniter->handleRequest()
 5 FCPATH/index.php(67): CodeIgniter\CodeIgniter->run()
CRITICAL - 2024-06-21 09:45:26 --> User does not exist for specified user id
in APPPATH/Models/UserModel.php on line 276.
 1 APPPATH/Controllers/Users.php(115): App\Models\UserModel->findUserById()
 2 SYSTEMPATH/CodeIgniter.php(932): App\Controllers\Users->ref_point()
 3 SYSTEMPATH/CodeIgniter.php(497): CodeIgniter\CodeIgniter->runController()
 4 SYSTEMPATH/CodeIgniter.php(366): CodeIgniter\CodeIgniter->handleRequest()
 5 FCPATH/index.php(67): CodeIgniter\CodeIgniter->run()
CRITICAL - 2024-06-21 09:45:36 --> User does not exist for specified user id
in APPPATH/Models/UserModel.php on line 276.
 1 APPPATH/Controllers/Users.php(115): App\Models\UserModel->findUserById()
 2 SYSTEMPATH/CodeIgniter.php(932): App\Controllers\Users->ref_point()
 3 SYSTEMPATH/CodeIgniter.php(497): CodeIgniter\CodeIgniter->runController()
 4 SYSTEMPATH/CodeIgniter.php(366): CodeIgniter\CodeIgniter->handleRequest()
 5 FCPATH/index.php(67): CodeIgniter\CodeIgniter->run()
CRITICAL - 2024-06-21 09:45:46 --> User does not exist for specified user id
in APPPATH/Models/UserModel.php on line 276.
 1 APPPATH/Controllers/Users.php(115): App\Models\UserModel->findUserById()
 2 SYSTEMPATH/CodeIgniter.php(932): App\Controllers\Users->ref_point()
 3 SYSTEMPATH/CodeIgniter.php(497): CodeIgniter\CodeIgniter->runController()
 4 SYSTEMPATH/CodeIgniter.php(366): CodeIgniter\CodeIgniter->handleRequest()
 5 FCPATH/index.php(67): CodeIgniter\CodeIgniter->run()
CRITICAL - 2024-06-21 09:45:56 --> User does not exist for specified user id
in APPPATH/Models/UserModel.php on line 276.
 1 APPPATH/Controllers/Users.php(115): App\Models\UserModel->findUserById()
 2 SYSTEMPATH/CodeIgniter.php(932): App\Controllers\Users->ref_point()
 3 SYSTEMPATH/CodeIgniter.php(497): CodeIgniter\CodeIgniter->runController()
 4 SYSTEMPATH/CodeIgniter.php(366): CodeIgniter\CodeIgniter->handleRequest()
 5 FCPATH/index.php(67): CodeIgniter\CodeIgniter->run()
CRITICAL - 2024-06-21 09:46:06 --> User does not exist for specified user id
in APPPATH/Models/UserModel.php on line 276.
 1 APPPATH/Controllers/Users.php(115): App\Models\UserModel->findUserById()
 2 SYSTEMPATH/CodeIgniter.php(932): App\Controllers\Users->ref_point()
 3 SYSTEMPATH/CodeIgniter.php(497): CodeIgniter\CodeIgniter->runController()
 4 SYSTEMPATH/CodeIgniter.php(366): CodeIgniter\CodeIgniter->handleRequest()
 5 FCPATH/index.php(67): CodeIgniter\CodeIgniter->run()
CRITICAL - 2024-06-21 09:46:16 --> User does not exist for specified user id
in APPPATH/Models/UserModel.php on line 276.
 1 APPPATH/Controllers/Users.php(115): App\Models\UserModel->findUserById()
 2 SYSTEMPATH/CodeIgniter.php(932): App\Controllers\Users->ref_point()
 3 SYSTEMPATH/CodeIgniter.php(497): CodeIgniter\CodeIgniter->runController()
 4 SYSTEMPATH/CodeIgniter.php(366): CodeIgniter\CodeIgniter->handleRequest()
 5 FCPATH/index.php(67): CodeIgniter\CodeIgniter->run()
CRITICAL - 2024-06-21 09:46:26 --> User does not exist for specified user id
in APPPATH/Models/UserModel.php on line 276.
 1 APPPATH/Controllers/Users.php(115): App\Models\UserModel->findUserById()
 2 SYSTEMPATH/CodeIgniter.php(932): App\Controllers\Users->ref_point()
 3 SYSTEMPATH/CodeIgniter.php(497): CodeIgniter\CodeIgniter->runController()
 4 SYSTEMPATH/CodeIgniter.php(366): CodeIgniter\CodeIgniter->handleRequest()
 5 FCPATH/index.php(67): CodeIgniter\CodeIgniter->run()
CRITICAL - 2024-06-21 09:46:36 --> User does not exist for specified user id
in APPPATH/Models/UserModel.php on line 276.
 1 APPPATH/Controllers/Users.php(115): App\Models\UserModel->findUserById()
 2 SYSTEMPATH/CodeIgniter.php(932): App\Controllers\Users->ref_point()
 3 SYSTEMPATH/CodeIgniter.php(497): CodeIgniter\CodeIgniter->runController()
 4 SYSTEMPATH/CodeIgniter.php(366): CodeIgniter\CodeIgniter->handleRequest()
 5 FCPATH/index.php(67): CodeIgniter\CodeIgniter->run()
CRITICAL - 2024-06-21 09:46:46 --> User does not exist for specified user id
in APPPATH/Models/UserModel.php on line 276.
 1 APPPATH/Controllers/Users.php(115): App\Models\UserModel->findUserById()
 2 SYSTEMPATH/CodeIgniter.php(932): App\Controllers\Users->ref_point()
 3 SYSTEMPATH/CodeIgniter.php(497): CodeIgniter\CodeIgniter->runController()
 4 SYSTEMPATH/CodeIgniter.php(366): CodeIgniter\CodeIgniter->handleRequest()
 5 FCPATH/index.php(67): CodeIgniter\CodeIgniter->run()
CRITICAL - 2024-06-21 09:46:56 --> User does not exist for specified user id
in APPPATH/Models/UserModel.php on line 276.
 1 APPPATH/Controllers/Users.php(115): App\Models\UserModel->findUserById()
 2 SYSTEMPATH/CodeIgniter.php(932): App\Controllers\Users->ref_point()
 3 SYSTEMPATH/CodeIgniter.php(497): CodeIgniter\CodeIgniter->runController()
 4 SYSTEMPATH/CodeIgniter.php(366): CodeIgniter\CodeIgniter->handleRequest()
 5 FCPATH/index.php(67): CodeIgniter\CodeIgniter->run()
CRITICAL - 2024-06-21 09:47:06 --> User does not exist for specified user id
in APPPATH/Models/UserModel.php on line 276.
 1 APPPATH/Controllers/Users.php(115): App\Models\UserModel->findUserById()
 2 SYSTEMPATH/CodeIgniter.php(932): App\Controllers\Users->ref_point()
 3 SYSTEMPATH/CodeIgniter.php(497): CodeIgniter\CodeIgniter->runController()
 4 SYSTEMPATH/CodeIgniter.php(366): CodeIgniter\CodeIgniter->handleRequest()
 5 FCPATH/index.php(67): CodeIgniter\CodeIgniter->run()
CRITICAL - 2024-06-21 09:47:16 --> User does not exist for specified user id
in APPPATH/Models/UserModel.php on line 276.
 1 APPPATH/Controllers/Users.php(115): App\Models\UserModel->findUserById()
 2 SYSTEMPATH/CodeIgniter.php(932): App\Controllers\Users->ref_point()
 3 SYSTEMPATH/CodeIgniter.php(497): CodeIgniter\CodeIgniter->runController()
 4 SYSTEMPATH/CodeIgniter.php(366): CodeIgniter\CodeIgniter->handleRequest()
 5 FCPATH/index.php(67): CodeIgniter\CodeIgniter->run()
CRITICAL - 2024-06-21 09:47:26 --> User does not exist for specified user id
in APPPATH/Models/UserModel.php on line 276.
 1 APPPATH/Controllers/Users.php(115): App\Models\UserModel->findUserById()
 2 SYSTEMPATH/CodeIgniter.php(932): App\Controllers\Users->ref_point()
 3 SYSTEMPATH/CodeIgniter.php(497): CodeIgniter\CodeIgniter->runController()
 4 SYSTEMPATH/CodeIgniter.php(366): CodeIgniter\CodeIgniter->handleRequest()
 5 FCPATH/index.php(67): CodeIgniter\CodeIgniter->run()
CRITICAL - 2024-06-21 09:47:36 --> User does not exist for specified user id
in APPPATH/Models/UserModel.php on line 276.
 1 APPPATH/Controllers/Users.php(115): App\Models\UserModel->findUserById()
 2 SYSTEMPATH/CodeIgniter.php(932): App\Controllers\Users->ref_point()
 3 SYSTEMPATH/CodeIgniter.php(497): CodeIgniter\CodeIgniter->runController()
 4 SYSTEMPATH/CodeIgniter.php(366): CodeIgniter\CodeIgniter->handleRequest()
 5 FCPATH/index.php(67): CodeIgniter\CodeIgniter->run()
CRITICAL - 2024-06-21 09:47:46 --> User does not exist for specified user id
in APPPATH/Models/UserModel.php on line 276.
 1 APPPATH/Controllers/Users.php(41): App\Models\UserModel->findUserById()
 2 SYSTEMPATH/CodeIgniter.php(932): App\Controllers\Users->get_user()
 3 SYSTEMPATH/CodeIgniter.php(497): CodeIgniter\CodeIgniter->runController()
 4 SYSTEMPATH/CodeIgniter.php(366): CodeIgniter\CodeIgniter->handleRequest()
 5 FCPATH/index.php(67): CodeIgniter\CodeIgniter->run()
CRITICAL - 2024-06-21 09:47:46 --> User does not exist for specified user id
in APPPATH/Models/UserModel.php on line 276.
 1 APPPATH/Controllers/Users.php(115): App\Models\UserModel->findUserById()
 2 SYSTEMPATH/CodeIgniter.php(932): App\Controllers\Users->ref_point()
 3 SYSTEMPATH/CodeIgniter.php(497): CodeIgniter\CodeIgniter->runController()
 4 SYSTEMPATH/CodeIgniter.php(366): CodeIgniter\CodeIgniter->handleRequest()
 5 FCPATH/index.php(67): CodeIgniter\CodeIgniter->run()
CRITICAL - 2024-06-21 09:47:46 --> User does not exist for specified user id
in APPPATH/Models/UserModel.php on line 276.
 1 APPPATH/Controllers/Users.php(41): App\Models\UserModel->findUserById()
 2 SYSTEMPATH/CodeIgniter.php(932): App\Controllers\Users->get_user()
 3 SYSTEMPATH/CodeIgniter.php(497): CodeIgniter\CodeIgniter->runController()
 4 SYSTEMPATH/CodeIgniter.php(366): CodeIgniter\CodeIgniter->handleRequest()
 5 FCPATH/index.php(67): CodeIgniter\CodeIgniter->run()
CRITICAL - 2024-06-21 09:47:56 --> User does not exist for specified user id
in APPPATH/Models/UserModel.php on line 276.
 1 APPPATH/Controllers/Users.php(115): App\Models\UserModel->findUserById()
 2 SYSTEMPATH/CodeIgniter.php(932): App\Controllers\Users->ref_point()
 3 SYSTEMPATH/CodeIgniter.php(497): CodeIgniter\CodeIgniter->runController()
 4 SYSTEMPATH/CodeIgniter.php(366): CodeIgniter\CodeIgniter->handleRequest()
 5 FCPATH/index.php(67): CodeIgniter\CodeIgniter->run()
CRITICAL - 2024-06-21 09:48:06 --> User does not exist for specified user id
in APPPATH/Models/UserModel.php on line 276.
 1 APPPATH/Controllers/Users.php(115): App\Models\UserModel->findUserById()
 2 SYSTEMPATH/CodeIgniter.php(932): App\Controllers\Users->ref_point()
 3 SYSTEMPATH/CodeIgniter.php(497): CodeIgniter\CodeIgniter->runController()
 4 SYSTEMPATH/CodeIgniter.php(366): CodeIgniter\CodeIgniter->handleRequest()
 5 FCPATH/index.php(67): CodeIgniter\CodeIgniter->run()
CRITICAL - 2024-06-21 09:48:16 --> User does not exist for specified user id
in APPPATH/Models/UserModel.php on line 276.
 1 APPPATH/Controllers/Users.php(115): App\Models\UserModel->findUserById()
 2 SYSTEMPATH/CodeIgniter.php(932): App\Controllers\Users->ref_point()
 3 SYSTEMPATH/CodeIgniter.php(497): CodeIgniter\CodeIgniter->runController()
 4 SYSTEMPATH/CodeIgniter.php(366): CodeIgniter\CodeIgniter->handleRequest()
 5 FCPATH/index.php(67): CodeIgniter\CodeIgniter->run()
CRITICAL - 2024-06-21 09:48:26 --> User does not exist for specified user id
in APPPATH/Models/UserModel.php on line 276.
 1 APPPATH/Controllers/Users.php(115): App\Models\UserModel->findUserById()
 2 SYSTEMPATH/CodeIgniter.php(932): App\Controllers\Users->ref_point()
 3 SYSTEMPATH/CodeIgniter.php(497): CodeIgniter\CodeIgniter->runController()
 4 SYSTEMPATH/CodeIgniter.php(366): CodeIgniter\CodeIgniter->handleRequest()
 5 FCPATH/index.php(67): CodeIgniter\CodeIgniter->run()
CRITICAL - 2024-06-21 09:48:36 --> User does not exist for specified user id
in APPPATH/Models/UserModel.php on line 276.
 1 APPPATH/Controllers/Users.php(115): App\Models\UserModel->findUserById()
 2 SYSTEMPATH/CodeIgniter.php(932): App\Controllers\Users->ref_point()
 3 SYSTEMPATH/CodeIgniter.php(497): CodeIgniter\CodeIgniter->runController()
 4 SYSTEMPATH/CodeIgniter.php(366): CodeIgniter\CodeIgniter->handleRequest()
 5 FCPATH/index.php(67): CodeIgniter\CodeIgniter->run()
CRITICAL - 2024-06-21 09:48:46 --> User does not exist for specified user id
in APPPATH/Models/UserModel.php on line 276.
 1 APPPATH/Controllers/Users.php(115): App\Models\UserModel->findUserById()
 2 SYSTEMPATH/CodeIgniter.php(932): App\Controllers\Users->ref_point()
 3 SYSTEMPATH/CodeIgniter.php(497): CodeIgniter\CodeIgniter->runController()
 4 SYSTEMPATH/CodeIgniter.php(366): CodeIgniter\CodeIgniter->handleRequest()
 5 FCPATH/index.php(67): CodeIgniter\CodeIgniter->run()
CRITICAL - 2024-06-21 09:48:56 --> User does not exist for specified user id
in APPPATH/Models/UserModel.php on line 276.
 1 APPPATH/Controllers/Users.php(115): App\Models\UserModel->findUserById()
 2 SYSTEMPATH/CodeIgniter.php(932): App\Controllers\Users->ref_point()
 3 SYSTEMPATH/CodeIgniter.php(497): CodeIgniter\CodeIgniter->runController()
 4 SYSTEMPATH/CodeIgniter.php(366): CodeIgniter\CodeIgniter->handleRequest()
 5 FCPATH/index.php(67): CodeIgniter\CodeIgniter->run()
CRITICAL - 2024-06-21 09:49:06 --> User does not exist for specified user id
in APPPATH/Models/UserModel.php on line 276.
 1 APPPATH/Controllers/Users.php(115): App\Models\UserModel->findUserById()
 2 SYSTEMPATH/CodeIgniter.php(932): App\Controllers\Users->ref_point()
 3 SYSTEMPATH/CodeIgniter.php(497): CodeIgniter\CodeIgniter->runController()
 4 SYSTEMPATH/CodeIgniter.php(366): CodeIgniter\CodeIgniter->handleRequest()
 5 FCPATH/index.php(67): CodeIgniter\CodeIgniter->run()
CRITICAL - 2024-06-21 09:49:16 --> User does not exist for specified user id
in APPPATH/Models/UserModel.php on line 276.
 1 APPPATH/Controllers/Users.php(115): App\Models\UserModel->findUserById()
 2 SYSTEMPATH/CodeIgniter.php(932): App\Controllers\Users->ref_point()
 3 SYSTEMPATH/CodeIgniter.php(497): CodeIgniter\CodeIgniter->runController()
 4 SYSTEMPATH/CodeIgniter.php(366): CodeIgniter\CodeIgniter->handleRequest()
 5 FCPATH/index.php(67): CodeIgniter\CodeIgniter->run()
CRITICAL - 2024-06-21 09:49:26 --> User does not exist for specified user id
in APPPATH/Models/UserModel.php on line 276.
 1 APPPATH/Controllers/Users.php(115): App\Models\UserModel->findUserById()
 2 SYSTEMPATH/CodeIgniter.php(932): App\Controllers\Users->ref_point()
 3 SYSTEMPATH/CodeIgniter.php(497): CodeIgniter\CodeIgniter->runController()
 4 SYSTEMPATH/CodeIgniter.php(366): CodeIgniter\CodeIgniter->handleRequest()
 5 FCPATH/index.php(67): CodeIgniter\CodeIgniter->run()
CRITICAL - 2024-06-21 09:49:36 --> User does not exist for specified user id
in APPPATH/Models/UserModel.php on line 276.
 1 APPPATH/Controllers/Users.php(115): App\Models\UserModel->findUserById()
 2 SYSTEMPATH/CodeIgniter.php(932): App\Controllers\Users->ref_point()
 3 SYSTEMPATH/CodeIgniter.php(497): CodeIgniter\CodeIgniter->runController()
 4 SYSTEMPATH/CodeIgniter.php(366): CodeIgniter\CodeIgniter->handleRequest()
 5 FCPATH/index.php(67): CodeIgniter\CodeIgniter->run()
CRITICAL - 2024-06-21 09:49:46 --> User does not exist for specified user id
in APPPATH/Models/UserModel.php on line 276.
 1 APPPATH/Controllers/Users.php(115): App\Models\UserModel->findUserById()
 2 SYSTEMPATH/CodeIgniter.php(932): App\Controllers\Users->ref_point()
 3 SYSTEMPATH/CodeIgniter.php(497): CodeIgniter\CodeIgniter->runController()
 4 SYSTEMPATH/CodeIgniter.php(366): CodeIgniter\CodeIgniter->handleRequest()
 5 FCPATH/index.php(67): CodeIgniter\CodeIgniter->run()
CRITICAL - 2024-06-21 09:49:56 --> User does not exist for specified user id
in APPPATH/Models/UserModel.php on line 276.
 1 APPPATH/Controllers/Users.php(115): App\Models\UserModel->findUserById()
 2 SYSTEMPATH/CodeIgniter.php(932): App\Controllers\Users->ref_point()
 3 SYSTEMPATH/CodeIgniter.php(497): CodeIgniter\CodeIgniter->runController()
 4 SYSTEMPATH/CodeIgniter.php(366): CodeIgniter\CodeIgniter->handleRequest()
 5 FCPATH/index.php(67): CodeIgniter\CodeIgniter->run()
CRITICAL - 2024-06-21 09:50:06 --> User does not exist for specified user id
in APPPATH/Models/UserModel.php on line 276.
 1 APPPATH/Controllers/Users.php(115): App\Models\UserModel->findUserById()
 2 SYSTEMPATH/CodeIgniter.php(932): App\Controllers\Users->ref_point()
 3 SYSTEMPATH/CodeIgniter.php(497): CodeIgniter\CodeIgniter->runController()
 4 SYSTEMPATH/CodeIgniter.php(366): CodeIgniter\CodeIgniter->handleRequest()
 5 FCPATH/index.php(67): CodeIgniter\CodeIgniter->run()
CRITICAL - 2024-06-21 09:50:16 --> User does not exist for specified user id
in APPPATH/Models/UserModel.php on line 276.
 1 APPPATH/Controllers/Users.php(115): App\Models\UserModel->findUserById()
 2 SYSTEMPATH/CodeIgniter.php(932): App\Controllers\Users->ref_point()
 3 SYSTEMPATH/CodeIgniter.php(497): CodeIgniter\CodeIgniter->runController()
 4 SYSTEMPATH/CodeIgniter.php(366): CodeIgniter\CodeIgniter->handleRequest()
 5 FCPATH/index.php(67): CodeIgniter\CodeIgniter->run()
CRITICAL - 2024-06-21 09:50:26 --> User does not exist for specified user id
in APPPATH/Models/UserModel.php on line 276.
 1 APPPATH/Controllers/Users.php(115): App\Models\UserModel->findUserById()
 2 SYSTEMPATH/CodeIgniter.php(932): App\Controllers\Users->ref_point()
 3 SYSTEMPATH/CodeIgniter.php(497): CodeIgniter\CodeIgniter->runController()
 4 SYSTEMPATH/CodeIgniter.php(366): CodeIgniter\CodeIgniter->handleRequest()
 5 FCPATH/index.php(67): CodeIgniter\CodeIgniter->run()
CRITICAL - 2024-06-21 09:50:28 --> User does not exist for specified user id
in APPPATH/Models/UserModel.php on line 276.
 1 APPPATH/Controllers/Users.php(41): App\Models\UserModel->findUserById()
 2 SYSTEMPATH/CodeIgniter.php(932): App\Controllers\Users->get_user()
 3 SYSTEMPATH/CodeIgniter.php(497): CodeIgniter\CodeIgniter->runController()
 4 SYSTEMPATH/CodeIgniter.php(366): CodeIgniter\CodeIgniter->handleRequest()
 5 FCPATH/index.php(67): CodeIgniter\CodeIgniter->run()
CRITICAL - 2024-06-21 09:50:29 --> User does not exist for specified user id
in APPPATH/Models/UserModel.php on line 276.
 1 APPPATH/Controllers/Users.php(41): App\Models\UserModel->findUserById()
 2 SYSTEMPATH/CodeIgniter.php(932): App\Controllers\Users->get_user()
 3 SYSTEMPATH/CodeIgniter.php(497): CodeIgniter\CodeIgniter->runController()
 4 SYSTEMPATH/CodeIgniter.php(366): CodeIgniter\CodeIgniter->handleRequest()
 5 FCPATH/index.php(67): CodeIgniter\CodeIgniter->run()
CRITICAL - 2024-06-21 09:50:36 --> User does not exist for specified user id
in APPPATH/Models/UserModel.php on line 276.
 1 APPPATH/Controllers/Users.php(115): App\Models\UserModel->findUserById()
 2 SYSTEMPATH/CodeIgniter.php(932): App\Controllers\Users->ref_point()
 3 SYSTEMPATH/CodeIgniter.php(497): CodeIgniter\CodeIgniter->runController()
 4 SYSTEMPATH/CodeIgniter.php(366): CodeIgniter\CodeIgniter->handleRequest()
 5 FCPATH/index.php(67): CodeIgniter\CodeIgniter->run()
CRITICAL - 2024-06-21 09:50:43 --> User does not exist for specified user id
in APPPATH/Models/UserModel.php on line 276.
 1 APPPATH/Controllers/Users.php(41): App\Models\UserModel->findUserById()
 2 SYSTEMPATH/CodeIgniter.php(932): App\Controllers\Users->get_user()
 3 SYSTEMPATH/CodeIgniter.php(497): CodeIgniter\CodeIgniter->runController()
 4 SYSTEMPATH/CodeIgniter.php(366): CodeIgniter\CodeIgniter->handleRequest()
 5 FCPATH/index.php(67): CodeIgniter\CodeIgniter->run()
CRITICAL - 2024-06-21 09:50:44 --> User does not exist for specified user id
in APPPATH/Models/UserModel.php on line 276.
 1 APPPATH/Controllers/Users.php(41): App\Models\UserModel->findUserById()
 2 SYSTEMPATH/CodeIgniter.php(932): App\Controllers\Users->get_user()
 3 SYSTEMPATH/CodeIgniter.php(497): CodeIgniter\CodeIgniter->runController()
 4 SYSTEMPATH/CodeIgniter.php(366): CodeIgniter\CodeIgniter->handleRequest()
 5 FCPATH/index.php(67): CodeIgniter\CodeIgniter->run()
CRITICAL - 2024-06-21 09:50:46 --> User does not exist for specified user id
in APPPATH/Models/UserModel.php on line 276.
 1 APPPATH/Controllers/Users.php(115): App\Models\UserModel->findUserById()
 2 SYSTEMPATH/CodeIgniter.php(932): App\Controllers\Users->ref_point()
 3 SYSTEMPATH/CodeIgniter.php(497): CodeIgniter\CodeIgniter->runController()
 4 SYSTEMPATH/CodeIgniter.php(366): CodeIgniter\CodeIgniter->handleRequest()
 5 FCPATH/index.php(67): CodeIgniter\CodeIgniter->run()
CRITICAL - 2024-06-21 09:50:56 --> User does not exist for specified user id
in APPPATH/Models/UserModel.php on line 276.
 1 APPPATH/Controllers/Users.php(115): App\Models\UserModel->findUserById()
 2 SYSTEMPATH/CodeIgniter.php(932): App\Controllers\Users->ref_point()
 3 SYSTEMPATH/CodeIgniter.php(497): CodeIgniter\CodeIgniter->runController()
 4 SYSTEMPATH/CodeIgniter.php(366): CodeIgniter\CodeIgniter->handleRequest()
 5 FCPATH/index.php(67): CodeIgniter\CodeIgniter->run()
CRITICAL - 2024-06-21 09:51:06 --> User does not exist for specified user id
in APPPATH/Models/UserModel.php on line 276.
 1 APPPATH/Controllers/Users.php(115): App\Models\UserModel->findUserById()
 2 SYSTEMPATH/CodeIgniter.php(932): App\Controllers\Users->ref_point()
 3 SYSTEMPATH/CodeIgniter.php(497): CodeIgniter\CodeIgniter->runController()
 4 SYSTEMPATH/CodeIgniter.php(366): CodeIgniter\CodeIgniter->handleRequest()
 5 FCPATH/index.php(67): CodeIgniter\CodeIgniter->run()
CRITICAL - 2024-06-21 09:51:16 --> User does not exist for specified user id
in APPPATH/Models/UserModel.php on line 276.
 1 APPPATH/Controllers/Users.php(115): App\Models\UserModel->findUserById()
 2 SYSTEMPATH/CodeIgniter.php(932): App\Controllers\Users->ref_point()
 3 SYSTEMPATH/CodeIgniter.php(497): CodeIgniter\CodeIgniter->runController()
 4 SYSTEMPATH/CodeIgniter.php(366): CodeIgniter\CodeIgniter->handleRequest()
 5 FCPATH/index.php(67): CodeIgniter\CodeIgniter->run()
CRITICAL - 2024-06-21 09:51:26 --> User does not exist for specified user id
in APPPATH/Models/UserModel.php on line 276.
 1 APPPATH/Controllers/Users.php(115): App\Models\UserModel->findUserById()
 2 SYSTEMPATH/CodeIgniter.php(932): App\Controllers\Users->ref_point()
 3 SYSTEMPATH/CodeIgniter.php(497): CodeIgniter\CodeIgniter->runController()
 4 SYSTEMPATH/CodeIgniter.php(366): CodeIgniter\CodeIgniter->handleRequest()
 5 FCPATH/index.php(67): CodeIgniter\CodeIgniter->run()
CRITICAL - 2024-06-21 09:51:32 --> Trying to access array offset on value of type null
in APPPATH/Models/BasicModel.php on line 216.
 1 APPPATH/Models/BasicModel.php(216): CodeIgniter\Debug\Exceptions->errorHandler()
 2 APPPATH/Models/BasicModel.php(32): App\Models\BasicModel->getUserWorkEmptyFields()
 3 APPPATH/Controllers/Basic.php(16): App\Models\BasicModel->getEmptyFields()
 4 SYSTEMPATH/CodeIgniter.php(932): App\Controllers\Basic->getUserProfileEmptyFields()
 5 SYSTEMPATH/CodeIgniter.php(497): CodeIgniter\CodeIgniter->runController()
 6 SYSTEMPATH/CodeIgniter.php(366): CodeIgniter\CodeIgniter->handleRequest()
 7 FCPATH/index.php(67): CodeIgniter\CodeIgniter->run()
CRITICAL - 2024-06-21 09:51:32 --> User does not exist for specified user id
in APPPATH/Models/UserModel.php on line 276.
 1 APPPATH/Controllers/Users.php(115): App\Models\UserModel->findUserById()
 2 SYSTEMPATH/CodeIgniter.php(932): App\Controllers\Users->ref_point()
 3 SYSTEMPATH/CodeIgniter.php(497): CodeIgniter\CodeIgniter->runController()
 4 SYSTEMPATH/CodeIgniter.php(366): CodeIgniter\CodeIgniter->handleRequest()
 5 FCPATH/index.php(67): CodeIgniter\CodeIgniter->run()
CRITICAL - 2024-06-21 09:51:32 --> Trying to access array offset on value of type null
in APPPATH/Models/BasicModel.php on line 216.
 1 APPPATH/Models/BasicModel.php(216): CodeIgniter\Debug\Exceptions->errorHandler()
 2 APPPATH/Models/BasicModel.php(32): App\Models\BasicModel->getUserWorkEmptyFields()
 3 APPPATH/Controllers/Basic.php(16): App\Models\BasicModel->getEmptyFields()
 4 SYSTEMPATH/CodeIgniter.php(932): App\Controllers\Basic->getUserProfileEmptyFields()
 5 SYSTEMPATH/CodeIgniter.php(497): CodeIgniter\CodeIgniter->runController()
 6 SYSTEMPATH/CodeIgniter.php(366): CodeIgniter\CodeIgniter->handleRequest()
 7 FCPATH/index.php(67): CodeIgniter\CodeIgniter->run()
CRITICAL - 2024-06-21 09:51:32 --> User does not exist for specified user id
in APPPATH/Models/UserModel.php on line 276.
 1 APPPATH/Controllers/Users.php(115): App\Models\UserModel->findUserById()
 2 SYSTEMPATH/CodeIgniter.php(932): App\Controllers\Users->ref_point()
 3 SYSTEMPATH/CodeIgniter.php(497): CodeIgniter\CodeIgniter->runController()
 4 SYSTEMPATH/CodeIgniter.php(366): CodeIgniter\CodeIgniter->handleRequest()
 5 FCPATH/index.php(67): CodeIgniter\CodeIgniter->run()
CRITICAL - 2024-06-21 09:51:36 --> User does not exist for specified user id
in APPPATH/Models/UserModel.php on line 276.
 1 APPPATH/Controllers/Users.php(115): App\Models\UserModel->findUserById()
 2 SYSTEMPATH/CodeIgniter.php(932): App\Controllers\Users->ref_point()
 3 SYSTEMPATH/CodeIgniter.php(497): CodeIgniter\CodeIgniter->runController()
 4 SYSTEMPATH/CodeIgniter.php(366): CodeIgniter\CodeIgniter->handleRequest()
 5 FCPATH/index.php(67): CodeIgniter\CodeIgniter->run()
CRITICAL - 2024-06-21 09:51:46 --> User does not exist for specified user id
in APPPATH/Models/UserModel.php on line 276.
 1 APPPATH/Controllers/Users.php(115): App\Models\UserModel->findUserById()
 2 SYSTEMPATH/CodeIgniter.php(932): App\Controllers\Users->ref_point()
 3 SYSTEMPATH/CodeIgniter.php(497): CodeIgniter\CodeIgniter->runController()
 4 SYSTEMPATH/CodeIgniter.php(366): CodeIgniter\CodeIgniter->handleRequest()
 5 FCPATH/index.php(67): CodeIgniter\CodeIgniter->run()
CRITICAL - 2024-06-21 09:51:56 --> User does not exist for specified user id
in APPPATH/Models/UserModel.php on line 276.
 1 APPPATH/Controllers/Users.php(115): App\Models\UserModel->findUserById()
 2 SYSTEMPATH/CodeIgniter.php(932): App\Controllers\Users->ref_point()
 3 SYSTEMPATH/CodeIgniter.php(497): CodeIgniter\CodeIgniter->runController()
 4 SYSTEMPATH/CodeIgniter.php(366): CodeIgniter\CodeIgniter->handleRequest()
 5 FCPATH/index.php(67): CodeIgniter\CodeIgniter->run()
CRITICAL - 2024-06-21 09:52:06 --> User does not exist for specified user id
in APPPATH/Models/UserModel.php on line 276.
 1 APPPATH/Controllers/Users.php(115): App\Models\UserModel->findUserById()
 2 SYSTEMPATH/CodeIgniter.php(932): App\Controllers\Users->ref_point()
 3 SYSTEMPATH/CodeIgniter.php(497): CodeIgniter\CodeIgniter->runController()
 4 SYSTEMPATH/CodeIgniter.php(366): CodeIgniter\CodeIgniter->handleRequest()
 5 FCPATH/index.php(67): CodeIgniter\CodeIgniter->run()
CRITICAL - 2024-06-21 09:52:10 --> User does not exist for specified user id
in APPPATH/Models/UserModel.php on line 276.
 1 APPPATH/Controllers/Users.php(115): App\Models\UserModel->findUserById()
 2 SYSTEMPATH/CodeIgniter.php(932): App\Controllers\Users->ref_point()
 3 SYSTEMPATH/CodeIgniter.php(497): CodeIgniter\CodeIgniter->runController()
 4 SYSTEMPATH/CodeIgniter.php(366): CodeIgniter\CodeIgniter->handleRequest()
 5 FCPATH/index.php(67): CodeIgniter\CodeIgniter->run()
CRITICAL - 2024-06-21 09:52:10 --> Trying to access array offset on value of type null
in APPPATH/Models/BasicModel.php on line 216.
 1 APPPATH/Models/BasicModel.php(216): CodeIgniter\Debug\Exceptions->errorHandler()
 2 APPPATH/Models/BasicModel.php(32): App\Models\BasicModel->getUserWorkEmptyFields()
 3 APPPATH/Controllers/Basic.php(16): App\Models\BasicModel->getEmptyFields()
 4 SYSTEMPATH/CodeIgniter.php(932): App\Controllers\Basic->getUserProfileEmptyFields()
 5 SYSTEMPATH/CodeIgniter.php(497): CodeIgniter\CodeIgniter->runController()
 6 SYSTEMPATH/CodeIgniter.php(366): CodeIgniter\CodeIgniter->handleRequest()
 7 FCPATH/index.php(67): CodeIgniter\CodeIgniter->run()
CRITICAL - 2024-06-21 09:52:10 --> User does not exist for specified user id
in APPPATH/Models/UserModel.php on line 276.
 1 APPPATH/Controllers/Users.php(115): App\Models\UserModel->findUserById()
 2 SYSTEMPATH/CodeIgniter.php(932): App\Controllers\Users->ref_point()
 3 SYSTEMPATH/CodeIgniter.php(497): CodeIgniter\CodeIgniter->runController()
 4 SYSTEMPATH/CodeIgniter.php(366): CodeIgniter\CodeIgniter->handleRequest()
 5 FCPATH/index.php(67): CodeIgniter\CodeIgniter->run()
CRITICAL - 2024-06-21 09:52:10 --> Trying to access array offset on value of type null
in APPPATH/Models/BasicModel.php on line 216.
 1 APPPATH/Models/BasicModel.php(216): CodeIgniter\Debug\Exceptions->errorHandler()
 2 APPPATH/Models/BasicModel.php(32): App\Models\BasicModel->getUserWorkEmptyFields()
 3 APPPATH/Controllers/Basic.php(16): App\Models\BasicModel->getEmptyFields()
 4 SYSTEMPATH/CodeIgniter.php(932): App\Controllers\Basic->getUserProfileEmptyFields()
 5 SYSTEMPATH/CodeIgniter.php(497): CodeIgniter\CodeIgniter->runController()
 6 SYSTEMPATH/CodeIgniter.php(366): CodeIgniter\CodeIgniter->handleRequest()
 7 FCPATH/index.php(67): CodeIgniter\CodeIgniter->run()
CRITICAL - 2024-06-21 09:52:16 --> User does not exist for specified user id
in APPPATH/Models/UserModel.php on line 276.
 1 APPPATH/Controllers/Users.php(115): App\Models\UserModel->findUserById()
 2 SYSTEMPATH/CodeIgniter.php(932): App\Controllers\Users->ref_point()
 3 SYSTEMPATH/CodeIgniter.php(497): CodeIgniter\CodeIgniter->runController()
 4 SYSTEMPATH/CodeIgniter.php(366): CodeIgniter\CodeIgniter->handleRequest()
 5 FCPATH/index.php(67): CodeIgniter\CodeIgniter->run()
CRITICAL - 2024-06-21 09:52:26 --> User does not exist for specified user id
in APPPATH/Models/UserModel.php on line 276.
 1 APPPATH/Controllers/Users.php(115): App\Models\UserModel->findUserById()
 2 SYSTEMPATH/CodeIgniter.php(932): App\Controllers\Users->ref_point()
 3 SYSTEMPATH/CodeIgniter.php(497): CodeIgniter\CodeIgniter->runController()
 4 SYSTEMPATH/CodeIgniter.php(366): CodeIgniter\CodeIgniter->handleRequest()
 5 FCPATH/index.php(67): CodeIgniter\CodeIgniter->run()
CRITICAL - 2024-06-21 09:52:36 --> User does not exist for specified user id
in APPPATH/Models/UserModel.php on line 276.
 1 APPPATH/Controllers/Users.php(115): App\Models\UserModel->findUserById()
 2 SYSTEMPATH/CodeIgniter.php(932): App\Controllers\Users->ref_point()
 3 SYSTEMPATH/CodeIgniter.php(497): CodeIgniter\CodeIgniter->runController()
 4 SYSTEMPATH/CodeIgniter.php(366): CodeIgniter\CodeIgniter->handleRequest()
 5 FCPATH/index.php(67): CodeIgniter\CodeIgniter->run()
CRITICAL - 2024-06-21 09:52:46 --> User does not exist for specified user id
in APPPATH/Models/UserModel.php on line 276.
 1 APPPATH/Controllers/Users.php(115): App\Models\UserModel->findUserById()
 2 SYSTEMPATH/CodeIgniter.php(932): App\Controllers\Users->ref_point()
 3 SYSTEMPATH/CodeIgniter.php(497): CodeIgniter\CodeIgniter->runController()
 4 SYSTEMPATH/CodeIgniter.php(366): CodeIgniter\CodeIgniter->handleRequest()
 5 FCPATH/index.php(67): CodeIgniter\CodeIgniter->run()
CRITICAL - 2024-06-21 09:52:56 --> User does not exist for specified user id
in APPPATH/Models/UserModel.php on line 276.
 1 APPPATH/Controllers/Users.php(115): App\Models\UserModel->findUserById()
 2 SYSTEMPATH/CodeIgniter.php(932): App\Controllers\Users->ref_point()
 3 SYSTEMPATH/CodeIgniter.php(497): CodeIgniter\CodeIgniter->runController()
 4 SYSTEMPATH/CodeIgniter.php(366): CodeIgniter\CodeIgniter->handleRequest()
 5 FCPATH/index.php(67): CodeIgniter\CodeIgniter->run()
CRITICAL - 2024-06-21 09:53:06 --> User does not exist for specified user id
in APPPATH/Models/UserModel.php on line 276.
 1 APPPATH/Controllers/Users.php(115): App\Models\UserModel->findUserById()
 2 SYSTEMPATH/CodeIgniter.php(932): App\Controllers\Users->ref_point()
 3 SYSTEMPATH/CodeIgniter.php(497): CodeIgniter\CodeIgniter->runController()
 4 SYSTEMPATH/CodeIgniter.php(366): CodeIgniter\CodeIgniter->handleRequest()
 5 FCPATH/index.php(67): CodeIgniter\CodeIgniter->run()
CRITICAL - 2024-06-21 09:53:16 --> User does not exist for specified user id
in APPPATH/Models/UserModel.php on line 276.
 1 APPPATH/Controllers/Users.php(115): App\Models\UserModel->findUserById()
 2 SYSTEMPATH/CodeIgniter.php(932): App\Controllers\Users->ref_point()
 3 SYSTEMPATH/CodeIgniter.php(497): CodeIgniter\CodeIgniter->runController()
 4 SYSTEMPATH/CodeIgniter.php(366): CodeIgniter\CodeIgniter->handleRequest()
 5 FCPATH/index.php(67): CodeIgniter\CodeIgniter->run()
CRITICAL - 2024-06-21 09:53:26 --> User does not exist for specified user id
in APPPATH/Models/UserModel.php on line 276.
 1 APPPATH/Controllers/Users.php(115): App\Models\UserModel->findUserById()
 2 SYSTEMPATH/CodeIgniter.php(932): App\Controllers\Users->ref_point()
 3 SYSTEMPATH/CodeIgniter.php(497): CodeIgniter\CodeIgniter->runController()
 4 SYSTEMPATH/CodeIgniter.php(366): CodeIgniter\CodeIgniter->handleRequest()
 5 FCPATH/index.php(67): CodeIgniter\CodeIgniter->run()
CRITICAL - 2024-06-21 09:53:36 --> User does not exist for specified user id
in APPPATH/Models/UserModel.php on line 276.
 1 APPPATH/Controllers/Users.php(115): App\Models\UserModel->findUserById()
 2 SYSTEMPATH/CodeIgniter.php(932): App\Controllers\Users->ref_point()
 3 SYSTEMPATH/CodeIgniter.php(497): CodeIgniter\CodeIgniter->runController()
 4 SYSTEMPATH/CodeIgniter.php(366): CodeIgniter\CodeIgniter->handleRequest()
 5 FCPATH/index.php(67): CodeIgniter\CodeIgniter->run()
CRITICAL - 2024-06-21 09:53:46 --> User does not exist for specified user id
in APPPATH/Models/UserModel.php on line 276.
 1 APPPATH/Controllers/Users.php(115): App\Models\UserModel->findUserById()
 2 SYSTEMPATH/CodeIgniter.php(932): App\Controllers\Users->ref_point()
 3 SYSTEMPATH/CodeIgniter.php(497): CodeIgniter\CodeIgniter->runController()
 4 SYSTEMPATH/CodeIgniter.php(366): CodeIgniter\CodeIgniter->handleRequest()
 5 FCPATH/index.php(67): CodeIgniter\CodeIgniter->run()
CRITICAL - 2024-06-21 09:53:56 --> User does not exist for specified user id
in APPPATH/Models/UserModel.php on line 276.
 1 APPPATH/Controllers/Users.php(115): App\Models\UserModel->findUserById()
 2 SYSTEMPATH/CodeIgniter.php(932): App\Controllers\Users->ref_point()
 3 SYSTEMPATH/CodeIgniter.php(497): CodeIgniter\CodeIgniter->runController()
 4 SYSTEMPATH/CodeIgniter.php(366): CodeIgniter\CodeIgniter->handleRequest()
 5 FCPATH/index.php(67): CodeIgniter\CodeIgniter->run()
CRITICAL - 2024-06-21 09:54:03 --> User does not exist for specified user id
in APPPATH/Models/UserModel.php on line 276.
 1 APPPATH/Controllers/Users.php(41): App\Models\UserModel->findUserById()
 2 SYSTEMPATH/CodeIgniter.php(932): App\Controllers\Users->get_user()
 3 SYSTEMPATH/CodeIgniter.php(497): CodeIgniter\CodeIgniter->runController()
 4 SYSTEMPATH/CodeIgniter.php(366): CodeIgniter\CodeIgniter->handleRequest()
 5 FCPATH/index.php(67): CodeIgniter\CodeIgniter->run()
CRITICAL - 2024-06-21 09:54:03 --> User does not exist for specified user id
in APPPATH/Models/UserModel.php on line 276.
 1 APPPATH/Controllers/Users.php(41): App\Models\UserModel->findUserById()
 2 SYSTEMPATH/CodeIgniter.php(932): App\Controllers\Users->get_user()
 3 SYSTEMPATH/CodeIgniter.php(497): CodeIgniter\CodeIgniter->runController()
 4 SYSTEMPATH/CodeIgniter.php(366): CodeIgniter\CodeIgniter->handleRequest()
 5 FCPATH/index.php(67): CodeIgniter\CodeIgniter->run()
CRITICAL - 2024-06-21 09:54:04 --> User does not exist for specified user id
in APPPATH/Models/UserModel.php on line 276.
 1 APPPATH/Controllers/Users.php(41): App\Models\UserModel->findUserById()
 2 SYSTEMPATH/CodeIgniter.php(932): App\Controllers\Users->get_user()
 3 SYSTEMPATH/CodeIgniter.php(497): CodeIgniter\CodeIgniter->runController()
 4 SYSTEMPATH/CodeIgniter.php(366): CodeIgniter\CodeIgniter->handleRequest()
 5 FCPATH/index.php(67): CodeIgniter\CodeIgniter->run()
CRITICAL - 2024-06-21 09:54:04 --> User does not exist for specified user id
in APPPATH/Models/UserModel.php on line 276.
 1 APPPATH/Controllers/Users.php(41): App\Models\UserModel->findUserById()
 2 SYSTEMPATH/CodeIgniter.php(932): App\Controllers\Users->get_user()
 3 SYSTEMPATH/CodeIgniter.php(497): CodeIgniter\CodeIgniter->runController()
 4 SYSTEMPATH/CodeIgniter.php(366): CodeIgniter\CodeIgniter->handleRequest()
 5 FCPATH/index.php(67): CodeIgniter\CodeIgniter->run()
CRITICAL - 2024-06-21 09:54:05 --> User does not exist for specified user id
in APPPATH/Models/UserModel.php on line 276.
 1 APPPATH/Controllers/Users.php(41): App\Models\UserModel->findUserById()
 2 SYSTEMPATH/CodeIgniter.php(932): App\Controllers\Users->get_user()
 3 SYSTEMPATH/CodeIgniter.php(497): CodeIgniter\CodeIgniter->runController()
 4 SYSTEMPATH/CodeIgniter.php(366): CodeIgniter\CodeIgniter->handleRequest()
 5 FCPATH/index.php(67): CodeIgniter\CodeIgniter->run()
CRITICAL - 2024-06-21 09:54:06 --> User does not exist for specified user id
in APPPATH/Models/UserModel.php on line 276.
 1 APPPATH/Controllers/Users.php(41): App\Models\UserModel->findUserById()
 2 SYSTEMPATH/CodeIgniter.php(932): App\Controllers\Users->get_user()
 3 SYSTEMPATH/CodeIgniter.php(497): CodeIgniter\CodeIgniter->runController()
 4 SYSTEMPATH/CodeIgniter.php(366): CodeIgniter\CodeIgniter->handleRequest()
 5 FCPATH/index.php(67): CodeIgniter\CodeIgniter->run()
CRITICAL - 2024-06-21 09:54:06 --> User does not exist for specified user id
in APPPATH/Models/UserModel.php on line 276.
 1 APPPATH/Controllers/Users.php(115): App\Models\UserModel->findUserById()
 2 SYSTEMPATH/CodeIgniter.php(932): App\Controllers\Users->ref_point()
 3 SYSTEMPATH/CodeIgniter.php(497): CodeIgniter\CodeIgniter->runController()
 4 SYSTEMPATH/CodeIgniter.php(366): CodeIgniter\CodeIgniter->handleRequest()
 5 FCPATH/index.php(67): CodeIgniter\CodeIgniter->run()
CRITICAL - 2024-06-21 09:54:16 --> User does not exist for specified user id
in APPPATH/Models/UserModel.php on line 276.
 1 APPPATH/Controllers/Users.php(115): App\Models\UserModel->findUserById()
 2 SYSTEMPATH/CodeIgniter.php(932): App\Controllers\Users->ref_point()
 3 SYSTEMPATH/CodeIgniter.php(497): CodeIgniter\CodeIgniter->runController()
 4 SYSTEMPATH/CodeIgniter.php(366): CodeIgniter\CodeIgniter->handleRequest()
 5 FCPATH/index.php(67): CodeIgniter\CodeIgniter->run()
CRITICAL - 2024-06-21 09:54:26 --> User does not exist for specified user id
in APPPATH/Models/UserModel.php on line 276.
 1 APPPATH/Controllers/Users.php(115): App\Models\UserModel->findUserById()
 2 SYSTEMPATH/CodeIgniter.php(932): App\Controllers\Users->ref_point()
 3 SYSTEMPATH/CodeIgniter.php(497): CodeIgniter\CodeIgniter->runController()
 4 SYSTEMPATH/CodeIgniter.php(366): CodeIgniter\CodeIgniter->handleRequest()
 5 FCPATH/index.php(67): CodeIgniter\CodeIgniter->run()
CRITICAL - 2024-06-21 09:54:36 --> User does not exist for specified user id
in APPPATH/Models/UserModel.php on line 276.
 1 APPPATH/Controllers/Users.php(115): App\Models\UserModel->findUserById()
 2 SYSTEMPATH/CodeIgniter.php(932): App\Controllers\Users->ref_point()
 3 SYSTEMPATH/CodeIgniter.php(497): CodeIgniter\CodeIgniter->runController()
 4 SYSTEMPATH/CodeIgniter.php(366): CodeIgniter\CodeIgniter->handleRequest()
 5 FCPATH/index.php(67): CodeIgniter\CodeIgniter->run()
CRITICAL - 2024-06-21 09:54:46 --> User does not exist for specified user id
in APPPATH/Models/UserModel.php on line 276.
 1 APPPATH/Controllers/Users.php(115): App\Models\UserModel->findUserById()
 2 SYSTEMPATH/CodeIgniter.php(932): App\Controllers\Users->ref_point()
 3 SYSTEMPATH/CodeIgniter.php(497): CodeIgniter\CodeIgniter->runController()
 4 SYSTEMPATH/CodeIgniter.php(366): CodeIgniter\CodeIgniter->handleRequest()
 5 FCPATH/index.php(67): CodeIgniter\CodeIgniter->run()
CRITICAL - 2024-06-21 09:54:56 --> User does not exist for specified user id
in APPPATH/Models/UserModel.php on line 276.
 1 APPPATH/Controllers/Users.php(115): App\Models\UserModel->findUserById()
 2 SYSTEMPATH/CodeIgniter.php(932): App\Controllers\Users->ref_point()
 3 SYSTEMPATH/CodeIgniter.php(497): CodeIgniter\CodeIgniter->runController()
 4 SYSTEMPATH/CodeIgniter.php(366): CodeIgniter\CodeIgniter->handleRequest()
 5 FCPATH/index.php(67): CodeIgniter\CodeIgniter->run()
CRITICAL - 2024-06-21 09:55:06 --> User does not exist for specified user id
in APPPATH/Models/UserModel.php on line 276.
 1 APPPATH/Controllers/Users.php(115): App\Models\UserModel->findUserById()
 2 SYSTEMPATH/CodeIgniter.php(932): App\Controllers\Users->ref_point()
 3 SYSTEMPATH/CodeIgniter.php(497): CodeIgniter\CodeIgniter->runController()
 4 SYSTEMPATH/CodeIgniter.php(366): CodeIgniter\CodeIgniter->handleRequest()
 5 FCPATH/index.php(67): CodeIgniter\CodeIgniter->run()
CRITICAL - 2024-06-21 09:55:16 --> User does not exist for specified user id
in APPPATH/Models/UserModel.php on line 276.
 1 APPPATH/Controllers/Users.php(115): App\Models\UserModel->findUserById()
 2 SYSTEMPATH/CodeIgniter.php(932): App\Controllers\Users->ref_point()
 3 SYSTEMPATH/CodeIgniter.php(497): CodeIgniter\CodeIgniter->runController()
 4 SYSTEMPATH/CodeIgniter.php(366): CodeIgniter\CodeIgniter->handleRequest()
 5 FCPATH/index.php(67): CodeIgniter\CodeIgniter->run()
CRITICAL - 2024-06-21 09:55:26 --> User does not exist for specified user id
in APPPATH/Models/UserModel.php on line 276.
 1 APPPATH/Controllers/Users.php(115): App\Models\UserModel->findUserById()
 2 SYSTEMPATH/CodeIgniter.php(932): App\Controllers\Users->ref_point()
 3 SYSTEMPATH/CodeIgniter.php(497): CodeIgniter\CodeIgniter->runController()
 4 SYSTEMPATH/CodeIgniter.php(366): CodeIgniter\CodeIgniter->handleRequest()
 5 FCPATH/index.php(67): CodeIgniter\CodeIgniter->run()
CRITICAL - 2024-06-21 09:55:36 --> User does not exist for specified user id
in APPPATH/Models/UserModel.php on line 276.
 1 APPPATH/Controllers/Users.php(115): App\Models\UserModel->findUserById()
 2 SYSTEMPATH/CodeIgniter.php(932): App\Controllers\Users->ref_point()
 3 SYSTEMPATH/CodeIgniter.php(497): CodeIgniter\CodeIgniter->runController()
 4 SYSTEMPATH/CodeIgniter.php(366): CodeIgniter\CodeIgniter->handleRequest()
 5 FCPATH/index.php(67): CodeIgniter\CodeIgniter->run()
CRITICAL - 2024-06-21 09:55:46 --> User does not exist for specified user id
in APPPATH/Models/UserModel.php on line 276.
 1 APPPATH/Controllers/Users.php(115): App\Models\UserModel->findUserById()
 2 SYSTEMPATH/CodeIgniter.php(932): App\Controllers\Users->ref_point()
 3 SYSTEMPATH/CodeIgniter.php(497): CodeIgniter\CodeIgniter->runController()
 4 SYSTEMPATH/CodeIgniter.php(366): CodeIgniter\CodeIgniter->handleRequest()
 5 FCPATH/index.php(67): CodeIgniter\CodeIgniter->run()
CRITICAL - 2024-06-21 09:55:56 --> User does not exist for specified user id
in APPPATH/Models/UserModel.php on line 276.
 1 APPPATH/Controllers/Users.php(115): App\Models\UserModel->findUserById()
 2 SYSTEMPATH/CodeIgniter.php(932): App\Controllers\Users->ref_point()
 3 SYSTEMPATH/CodeIgniter.php(497): CodeIgniter\CodeIgniter->runController()
 4 SYSTEMPATH/CodeIgniter.php(366): CodeIgniter\CodeIgniter->handleRequest()
 5 FCPATH/index.php(67): CodeIgniter\CodeIgniter->run()
CRITICAL - 2024-06-21 09:56:06 --> User does not exist for specified user id
in APPPATH/Models/UserModel.php on line 276.
 1 APPPATH/Controllers/Users.php(115): App\Models\UserModel->findUserById()
 2 SYSTEMPATH/CodeIgniter.php(932): App\Controllers\Users->ref_point()
 3 SYSTEMPATH/CodeIgniter.php(497): CodeIgniter\CodeIgniter->runController()
 4 SYSTEMPATH/CodeIgniter.php(366): CodeIgniter\CodeIgniter->handleRequest()
 5 FCPATH/index.php(67): CodeIgniter\CodeIgniter->run()
CRITICAL - 2024-06-21 09:56:16 --> User does not exist for specified user id
in APPPATH/Models/UserModel.php on line 276.
 1 APPPATH/Controllers/Users.php(115): App\Models\UserModel->findUserById()
 2 SYSTEMPATH/CodeIgniter.php(932): App\Controllers\Users->ref_point()
 3 SYSTEMPATH/CodeIgniter.php(497): CodeIgniter\CodeIgniter->runController()
 4 SYSTEMPATH/CodeIgniter.php(366): CodeIgniter\CodeIgniter->handleRequest()
 5 FCPATH/index.php(67): CodeIgniter\CodeIgniter->run()
CRITICAL - 2024-06-21 09:56:26 --> User does not exist for specified user id
in APPPATH/Models/UserModel.php on line 276.
 1 APPPATH/Controllers/Users.php(115): App\Models\UserModel->findUserById()
 2 SYSTEMPATH/CodeIgniter.php(932): App\Controllers\Users->ref_point()
 3 SYSTEMPATH/CodeIgniter.php(497): CodeIgniter\CodeIgniter->runController()
 4 SYSTEMPATH/CodeIgniter.php(366): CodeIgniter\CodeIgniter->handleRequest()
 5 FCPATH/index.php(67): CodeIgniter\CodeIgniter->run()
CRITICAL - 2024-06-21 09:56:36 --> User does not exist for specified user id
in APPPATH/Models/UserModel.php on line 276.
 1 APPPATH/Controllers/Users.php(115): App\Models\UserModel->findUserById()
 2 SYSTEMPATH/CodeIgniter.php(932): App\Controllers\Users->ref_point()
 3 SYSTEMPATH/CodeIgniter.php(497): CodeIgniter\CodeIgniter->runController()
 4 SYSTEMPATH/CodeIgniter.php(366): CodeIgniter\CodeIgniter->handleRequest()
 5 FCPATH/index.php(67): CodeIgniter\CodeIgniter->run()
CRITICAL - 2024-06-21 09:56:46 --> User does not exist for specified user id
in APPPATH/Models/UserModel.php on line 276.
 1 APPPATH/Controllers/Users.php(115): App\Models\UserModel->findUserById()
 2 SYSTEMPATH/CodeIgniter.php(932): App\Controllers\Users->ref_point()
 3 SYSTEMPATH/CodeIgniter.php(497): CodeIgniter\CodeIgniter->runController()
 4 SYSTEMPATH/CodeIgniter.php(366): CodeIgniter\CodeIgniter->handleRequest()
 5 FCPATH/index.php(67): CodeIgniter\CodeIgniter->run()
CRITICAL - 2024-06-21 09:56:56 --> User does not exist for specified user id
in APPPATH/Models/UserModel.php on line 276.
 1 APPPATH/Controllers/Users.php(115): App\Models\UserModel->findUserById()
 2 SYSTEMPATH/CodeIgniter.php(932): App\Controllers\Users->ref_point()
 3 SYSTEMPATH/CodeIgniter.php(497): CodeIgniter\CodeIgniter->runController()
 4 SYSTEMPATH/CodeIgniter.php(366): CodeIgniter\CodeIgniter->handleRequest()
 5 FCPATH/index.php(67): CodeIgniter\CodeIgniter->run()
CRITICAL - 2024-06-21 09:57:06 --> User does not exist for specified user id
in APPPATH/Models/UserModel.php on line 276.
 1 APPPATH/Controllers/Users.php(115): App\Models\UserModel->findUserById()
 2 SYSTEMPATH/CodeIgniter.php(932): App\Controllers\Users->ref_point()
 3 SYSTEMPATH/CodeIgniter.php(497): CodeIgniter\CodeIgniter->runController()
 4 SYSTEMPATH/CodeIgniter.php(366): CodeIgniter\CodeIgniter->handleRequest()
 5 FCPATH/index.php(67): CodeIgniter\CodeIgniter->run()
CRITICAL - 2024-06-21 09:57:16 --> User does not exist for specified user id
in APPPATH/Models/UserModel.php on line 276.
 1 APPPATH/Controllers/Users.php(115): App\Models\UserModel->findUserById()
 2 SYSTEMPATH/CodeIgniter.php(932): App\Controllers\Users->ref_point()
 3 SYSTEMPATH/CodeIgniter.php(497): CodeIgniter\CodeIgniter->runController()
 4 SYSTEMPATH/CodeIgniter.php(366): CodeIgniter\CodeIgniter->handleRequest()
 5 FCPATH/index.php(67): CodeIgniter\CodeIgniter->run()
CRITICAL - 2024-06-21 09:57:26 --> User does not exist for specified user id
in APPPATH/Models/UserModel.php on line 276.
 1 APPPATH/Controllers/Users.php(115): App\Models\UserModel->findUserById()
 2 SYSTEMPATH/CodeIgniter.php(932): App\Controllers\Users->ref_point()
 3 SYSTEMPATH/CodeIgniter.php(497): CodeIgniter\CodeIgniter->runController()
 4 SYSTEMPATH/CodeIgniter.php(366): CodeIgniter\CodeIgniter->handleRequest()
 5 FCPATH/index.php(67): CodeIgniter\CodeIgniter->run()
CRITICAL - 2024-06-21 09:57:36 --> User does not exist for specified user id
in APPPATH/Models/UserModel.php on line 276.
 1 APPPATH/Controllers/Users.php(115): App\Models\UserModel->findUserById()
 2 SYSTEMPATH/CodeIgniter.php(932): App\Controllers\Users->ref_point()
 3 SYSTEMPATH/CodeIgniter.php(497): CodeIgniter\CodeIgniter->runController()
 4 SYSTEMPATH/CodeIgniter.php(366): CodeIgniter\CodeIgniter->handleRequest()
 5 FCPATH/index.php(67): CodeIgniter\CodeIgniter->run()
CRITICAL - 2024-06-21 09:57:46 --> User does not exist for specified user id
in APPPATH/Models/UserModel.php on line 276.
 1 APPPATH/Controllers/Users.php(115): App\Models\UserModel->findUserById()
 2 SYSTEMPATH/CodeIgniter.php(932): App\Controllers\Users->ref_point()
 3 SYSTEMPATH/CodeIgniter.php(497): CodeIgniter\CodeIgniter->runController()
 4 SYSTEMPATH/CodeIgniter.php(366): CodeIgniter\CodeIgniter->handleRequest()
 5 FCPATH/index.php(67): CodeIgniter\CodeIgniter->run()
CRITICAL - 2024-06-21 09:57:56 --> User does not exist for specified user id
in APPPATH/Models/UserModel.php on line 276.
 1 APPPATH/Controllers/Users.php(115): App\Models\UserModel->findUserById()
 2 SYSTEMPATH/CodeIgniter.php(932): App\Controllers\Users->ref_point()
 3 SYSTEMPATH/CodeIgniter.php(497): CodeIgniter\CodeIgniter->runController()
 4 SYSTEMPATH/CodeIgniter.php(366): CodeIgniter\CodeIgniter->handleRequest()
 5 FCPATH/index.php(67): CodeIgniter\CodeIgniter->run()
CRITICAL - 2024-06-21 09:58:06 --> User does not exist for specified user id
in APPPATH/Models/UserModel.php on line 276.
 1 APPPATH/Controllers/Users.php(115): App\Models\UserModel->findUserById()
 2 SYSTEMPATH/CodeIgniter.php(932): App\Controllers\Users->ref_point()
 3 SYSTEMPATH/CodeIgniter.php(497): CodeIgniter\CodeIgniter->runController()
 4 SYSTEMPATH/CodeIgniter.php(366): CodeIgniter\CodeIgniter->handleRequest()
 5 FCPATH/index.php(67): CodeIgniter\CodeIgniter->run()
CRITICAL - 2024-06-21 09:58:16 --> User does not exist for specified user id
in APPPATH/Models/UserModel.php on line 276.
 1 APPPATH/Controllers/Users.php(115): App\Models\UserModel->findUserById()
 2 SYSTEMPATH/CodeIgniter.php(932): App\Controllers\Users->ref_point()
 3 SYSTEMPATH/CodeIgniter.php(497): CodeIgniter\CodeIgniter->runController()
 4 SYSTEMPATH/CodeIgniter.php(366): CodeIgniter\CodeIgniter->handleRequest()
 5 FCPATH/index.php(67): CodeIgniter\CodeIgniter->run()
CRITICAL - 2024-06-21 09:58:26 --> User does not exist for specified user id
in APPPATH/Models/UserModel.php on line 276.
 1 APPPATH/Controllers/Users.php(115): App\Models\UserModel->findUserById()
 2 SYSTEMPATH/CodeIgniter.php(932): App\Controllers\Users->ref_point()
 3 SYSTEMPATH/CodeIgniter.php(497): CodeIgniter\CodeIgniter->runController()
 4 SYSTEMPATH/CodeIgniter.php(366): CodeIgniter\CodeIgniter->handleRequest()
 5 FCPATH/index.php(67): CodeIgniter\CodeIgniter->run()
CRITICAL - 2024-06-21 09:58:36 --> User does not exist for specified user id
in APPPATH/Models/UserModel.php on line 276.
 1 APPPATH/Controllers/Users.php(115): App\Models\UserModel->findUserById()
 2 SYSTEMPATH/CodeIgniter.php(932): App\Controllers\Users->ref_point()
 3 SYSTEMPATH/CodeIgniter.php(497): CodeIgniter\CodeIgniter->runController()
 4 SYSTEMPATH/CodeIgniter.php(366): CodeIgniter\CodeIgniter->handleRequest()
 5 FCPATH/index.php(67): CodeIgniter\CodeIgniter->run()
CRITICAL - 2024-06-21 09:58:46 --> User does not exist for specified user id
in APPPATH/Models/UserModel.php on line 276.
 1 APPPATH/Controllers/Users.php(115): App\Models\UserModel->findUserById()
 2 SYSTEMPATH/CodeIgniter.php(932): App\Controllers\Users->ref_point()
 3 SYSTEMPATH/CodeIgniter.php(497): CodeIgniter\CodeIgniter->runController()
 4 SYSTEMPATH/CodeIgniter.php(366): CodeIgniter\CodeIgniter->handleRequest()
 5 FCPATH/index.php(67): CodeIgniter\CodeIgniter->run()
CRITICAL - 2024-06-21 09:58:56 --> User does not exist for specified user id
in APPPATH/Models/UserModel.php on line 276.
 1 APPPATH/Controllers/Users.php(115): App\Models\UserModel->findUserById()
 2 SYSTEMPATH/CodeIgniter.php(932): App\Controllers\Users->ref_point()
 3 SYSTEMPATH/CodeIgniter.php(497): CodeIgniter\CodeIgniter->runController()
 4 SYSTEMPATH/CodeIgniter.php(366): CodeIgniter\CodeIgniter->handleRequest()
 5 FCPATH/index.php(67): CodeIgniter\CodeIgniter->run()
CRITICAL - 2024-06-21 09:59:06 --> User does not exist for specified user id
in APPPATH/Models/UserModel.php on line 276.
 1 APPPATH/Controllers/Users.php(115): App\Models\UserModel->findUserById()
 2 SYSTEMPATH/CodeIgniter.php(932): App\Controllers\Users->ref_point()
 3 SYSTEMPATH/CodeIgniter.php(497): CodeIgniter\CodeIgniter->runController()
 4 SYSTEMPATH/CodeIgniter.php(366): CodeIgniter\CodeIgniter->handleRequest()
 5 FCPATH/index.php(67): CodeIgniter\CodeIgniter->run()
CRITICAL - 2024-06-21 09:59:16 --> User does not exist for specified user id
in APPPATH/Models/UserModel.php on line 276.
 1 APPPATH/Controllers/Users.php(115): App\Models\UserModel->findUserById()
 2 SYSTEMPATH/CodeIgniter.php(932): App\Controllers\Users->ref_point()
 3 SYSTEMPATH/CodeIgniter.php(497): CodeIgniter\CodeIgniter->runController()
 4 SYSTEMPATH/CodeIgniter.php(366): CodeIgniter\CodeIgniter->handleRequest()
 5 FCPATH/index.php(67): CodeIgniter\CodeIgniter->run()
CRITICAL - 2024-06-21 09:59:26 --> User does not exist for specified user id
in APPPATH/Models/UserModel.php on line 276.
 1 APPPATH/Controllers/Users.php(115): App\Models\UserModel->findUserById()
 2 SYSTEMPATH/CodeIgniter.php(932): App\Controllers\Users->ref_point()
 3 SYSTEMPATH/CodeIgniter.php(497): CodeIgniter\CodeIgniter->runController()
 4 SYSTEMPATH/CodeIgniter.php(366): CodeIgniter\CodeIgniter->handleRequest()
 5 FCPATH/index.php(67): CodeIgniter\CodeIgniter->run()
CRITICAL - 2024-06-21 09:59:36 --> User does not exist for specified user id
in APPPATH/Models/UserModel.php on line 276.
 1 APPPATH/Controllers/Users.php(115): App\Models\UserModel->findUserById()
 2 SYSTEMPATH/CodeIgniter.php(932): App\Controllers\Users->ref_point()
 3 SYSTEMPATH/CodeIgniter.php(497): CodeIgniter\CodeIgniter->runController()
 4 SYSTEMPATH/CodeIgniter.php(366): CodeIgniter\CodeIgniter->handleRequest()
 5 FCPATH/index.php(67): CodeIgniter\CodeIgniter->run()
CRITICAL - 2024-06-21 09:59:46 --> User does not exist for specified user id
in APPPATH/Models/UserModel.php on line 276.
 1 APPPATH/Controllers/Users.php(115): App\Models\UserModel->findUserById()
 2 SYSTEMPATH/CodeIgniter.php(932): App\Controllers\Users->ref_point()
 3 SYSTEMPATH/CodeIgniter.php(497): CodeIgniter\CodeIgniter->runController()
 4 SYSTEMPATH/CodeIgniter.php(366): CodeIgniter\CodeIgniter->handleRequest()
 5 FCPATH/index.php(67): CodeIgniter\CodeIgniter->run()
CRITICAL - 2024-06-21 09:59:56 --> User does not exist for specified user id
in APPPATH/Models/UserModel.php on line 276.
 1 APPPATH/Controllers/Users.php(115): App\Models\UserModel->findUserById()
 2 SYSTEMPATH/CodeIgniter.php(932): App\Controllers\Users->ref_point()
 3 SYSTEMPATH/CodeIgniter.php(497): CodeIgniter\CodeIgniter->runController()
 4 SYSTEMPATH/CodeIgniter.php(366): CodeIgniter\CodeIgniter->handleRequest()
 5 FCPATH/index.php(67): CodeIgniter\CodeIgniter->run()
CRITICAL - 2024-06-21 10:00:06 --> User does not exist for specified user id
in APPPATH/Models/UserModel.php on line 276.
 1 APPPATH/Controllers/Users.php(41): App\Models\UserModel->findUserById()
 2 SYSTEMPATH/CodeIgniter.php(932): App\Controllers\Users->get_user()
 3 SYSTEMPATH/CodeIgniter.php(497): CodeIgniter\CodeIgniter->runController()
 4 SYSTEMPATH/CodeIgniter.php(366): CodeIgniter\CodeIgniter->handleRequest()
 5 FCPATH/index.php(67): CodeIgniter\CodeIgniter->run()
CRITICAL - 2024-06-21 10:00:06 --> User does not exist for specified user id
in APPPATH/Models/UserModel.php on line 276.
 1 APPPATH/Controllers/Users.php(115): App\Models\UserModel->findUserById()
 2 SYSTEMPATH/CodeIgniter.php(932): App\Controllers\Users->ref_point()
 3 SYSTEMPATH/CodeIgniter.php(497): CodeIgniter\CodeIgniter->runController()
 4 SYSTEMPATH/CodeIgniter.php(366): CodeIgniter\CodeIgniter->handleRequest()
 5 FCPATH/index.php(67): CodeIgniter\CodeIgniter->run()
CRITICAL - 2024-06-21 10:00:06 --> User does not exist for specified user id
in APPPATH/Models/UserModel.php on line 276.
 1 APPPATH/Controllers/Users.php(41): App\Models\UserModel->findUserById()
 2 SYSTEMPATH/CodeIgniter.php(932): App\Controllers\Users->get_user()
 3 SYSTEMPATH/CodeIgniter.php(497): CodeIgniter\CodeIgniter->runController()
 4 SYSTEMPATH/CodeIgniter.php(366): CodeIgniter\CodeIgniter->handleRequest()
 5 FCPATH/index.php(67): CodeIgniter\CodeIgniter->run()
CRITICAL - 2024-06-21 10:00:13 --> User does not exist for specified user id
in APPPATH/Models/UserModel.php on line 276.
 1 APPPATH/Controllers/Users.php(41): App\Models\UserModel->findUserById()
 2 SYSTEMPATH/CodeIgniter.php(932): App\Controllers\Users->get_user()
 3 SYSTEMPATH/CodeIgniter.php(497): CodeIgniter\CodeIgniter->runController()
 4 SYSTEMPATH/CodeIgniter.php(366): CodeIgniter\CodeIgniter->handleRequest()
 5 FCPATH/index.php(67): CodeIgniter\CodeIgniter->run()
CRITICAL - 2024-06-21 10:00:14 --> User does not exist for specified user id
in APPPATH/Models/UserModel.php on line 276.
 1 APPPATH/Controllers/Users.php(41): App\Models\UserModel->findUserById()
 2 SYSTEMPATH/CodeIgniter.php(932): App\Controllers\Users->get_user()
 3 SYSTEMPATH/CodeIgniter.php(497): CodeIgniter\CodeIgniter->runController()
 4 SYSTEMPATH/CodeIgniter.php(366): CodeIgniter\CodeIgniter->handleRequest()
 5 FCPATH/index.php(67): CodeIgniter\CodeIgniter->run()
CRITICAL - 2024-06-21 10:00:16 --> User does not exist for specified user id
in APPPATH/Models/UserModel.php on line 276.
 1 APPPATH/Controllers/Users.php(115): App\Models\UserModel->findUserById()
 2 SYSTEMPATH/CodeIgniter.php(932): App\Controllers\Users->ref_point()
 3 SYSTEMPATH/CodeIgniter.php(497): CodeIgniter\CodeIgniter->runController()
 4 SYSTEMPATH/CodeIgniter.php(366): CodeIgniter\CodeIgniter->handleRequest()
 5 FCPATH/index.php(67): CodeIgniter\CodeIgniter->run()
CRITICAL - 2024-06-21 10:00:26 --> User does not exist for specified user id
in APPPATH/Models/UserModel.php on line 276.
 1 APPPATH/Controllers/Users.php(115): App\Models\UserModel->findUserById()
 2 SYSTEMPATH/CodeIgniter.php(932): App\Controllers\Users->ref_point()
 3 SYSTEMPATH/CodeIgniter.php(497): CodeIgniter\CodeIgniter->runController()
 4 SYSTEMPATH/CodeIgniter.php(366): CodeIgniter\CodeIgniter->handleRequest()
 5 FCPATH/index.php(67): CodeIgniter\CodeIgniter->run()
CRITICAL - 2024-06-21 10:00:36 --> User does not exist for specified user id
in APPPATH/Models/UserModel.php on line 276.
 1 APPPATH/Controllers/Users.php(115): App\Models\UserModel->findUserById()
 2 SYSTEMPATH/CodeIgniter.php(932): App\Controllers\Users->ref_point()
 3 SYSTEMPATH/CodeIgniter.php(497): CodeIgniter\CodeIgniter->runController()
 4 SYSTEMPATH/CodeIgniter.php(366): CodeIgniter\CodeIgniter->handleRequest()
 5 FCPATH/index.php(67): CodeIgniter\CodeIgniter->run()
CRITICAL - 2024-06-21 10:00:46 --> User does not exist for specified user id
in APPPATH/Models/UserModel.php on line 276.
 1 APPPATH/Controllers/Users.php(115): App\Models\UserModel->findUserById()
 2 SYSTEMPATH/CodeIgniter.php(932): App\Controllers\Users->ref_point()
 3 SYSTEMPATH/CodeIgniter.php(497): CodeIgniter\CodeIgniter->runController()
 4 SYSTEMPATH/CodeIgniter.php(366): CodeIgniter\CodeIgniter->handleRequest()
 5 FCPATH/index.php(67): CodeIgniter\CodeIgniter->run()
CRITICAL - 2024-06-21 10:00:56 --> User does not exist for specified user id
in APPPATH/Models/UserModel.php on line 276.
 1 APPPATH/Controllers/Users.php(115): App\Models\UserModel->findUserById()
 2 SYSTEMPATH/CodeIgniter.php(932): App\Controllers\Users->ref_point()
 3 SYSTEMPATH/CodeIgniter.php(497): CodeIgniter\CodeIgniter->runController()
 4 SYSTEMPATH/CodeIgniter.php(366): CodeIgniter\CodeIgniter->handleRequest()
 5 FCPATH/index.php(67): CodeIgniter\CodeIgniter->run()
CRITICAL - 2024-06-21 10:01:06 --> User does not exist for specified user id
in APPPATH/Models/UserModel.php on line 276.
 1 APPPATH/Controllers/Users.php(115): App\Models\UserModel->findUserById()
 2 SYSTEMPATH/CodeIgniter.php(932): App\Controllers\Users->ref_point()
 3 SYSTEMPATH/CodeIgniter.php(497): CodeIgniter\CodeIgniter->runController()
 4 SYSTEMPATH/CodeIgniter.php(366): CodeIgniter\CodeIgniter->handleRequest()
 5 FCPATH/index.php(67): CodeIgniter\CodeIgniter->run()
CRITICAL - 2024-06-21 10:01:16 --> User does not exist for specified user id
in APPPATH/Models/UserModel.php on line 276.
 1 APPPATH/Controllers/Users.php(115): App\Models\UserModel->findUserById()
 2 SYSTEMPATH/CodeIgniter.php(932): App\Controllers\Users->ref_point()
 3 SYSTEMPATH/CodeIgniter.php(497): CodeIgniter\CodeIgniter->runController()
 4 SYSTEMPATH/CodeIgniter.php(366): CodeIgniter\CodeIgniter->handleRequest()
 5 FCPATH/index.php(67): CodeIgniter\CodeIgniter->run()
CRITICAL - 2024-06-21 10:01:26 --> User does not exist for specified user id
in APPPATH/Models/UserModel.php on line 276.
 1 APPPATH/Controllers/Users.php(115): App\Models\UserModel->findUserById()
 2 SYSTEMPATH/CodeIgniter.php(932): App\Controllers\Users->ref_point()
 3 SYSTEMPATH/CodeIgniter.php(497): CodeIgniter\CodeIgniter->runController()
 4 SYSTEMPATH/CodeIgniter.php(366): CodeIgniter\CodeIgniter->handleRequest()
 5 FCPATH/index.php(67): CodeIgniter\CodeIgniter->run()
CRITICAL - 2024-06-21 10:01:36 --> User does not exist for specified user id
in APPPATH/Models/UserModel.php on line 276.
 1 APPPATH/Controllers/Users.php(115): App\Models\UserModel->findUserById()
 2 SYSTEMPATH/CodeIgniter.php(932): App\Controllers\Users->ref_point()
 3 SYSTEMPATH/CodeIgniter.php(497): CodeIgniter\CodeIgniter->runController()
 4 SYSTEMPATH/CodeIgniter.php(366): CodeIgniter\CodeIgniter->handleRequest()
 5 FCPATH/index.php(67): CodeIgniter\CodeIgniter->run()
CRITICAL - 2024-06-21 10:01:46 --> User does not exist for specified user id
in APPPATH/Models/UserModel.php on line 276.
 1 APPPATH/Controllers/Users.php(115): App\Models\UserModel->findUserById()
 2 SYSTEMPATH/CodeIgniter.php(932): App\Controllers\Users->ref_point()
 3 SYSTEMPATH/CodeIgniter.php(497): CodeIgniter\CodeIgniter->runController()
 4 SYSTEMPATH/CodeIgniter.php(366): CodeIgniter\CodeIgniter->handleRequest()
 5 FCPATH/index.php(67): CodeIgniter\CodeIgniter->run()
CRITICAL - 2024-06-21 10:01:56 --> User does not exist for specified user id
in APPPATH/Models/UserModel.php on line 276.
 1 APPPATH/Controllers/Users.php(115): App\Models\UserModel->findUserById()
 2 SYSTEMPATH/CodeIgniter.php(932): App\Controllers\Users->ref_point()
 3 SYSTEMPATH/CodeIgniter.php(497): CodeIgniter\CodeIgniter->runController()
 4 SYSTEMPATH/CodeIgniter.php(366): CodeIgniter\CodeIgniter->handleRequest()
 5 FCPATH/index.php(67): CodeIgniter\CodeIgniter->run()
CRITICAL - 2024-06-21 10:02:06 --> User does not exist for specified user id
in APPPATH/Models/UserModel.php on line 276.
 1 APPPATH/Controllers/Users.php(115): App\Models\UserModel->findUserById()
 2 SYSTEMPATH/CodeIgniter.php(932): App\Controllers\Users->ref_point()
 3 SYSTEMPATH/CodeIgniter.php(497): CodeIgniter\CodeIgniter->runController()
 4 SYSTEMPATH/CodeIgniter.php(366): CodeIgniter\CodeIgniter->handleRequest()
 5 FCPATH/index.php(67): CodeIgniter\CodeIgniter->run()
CRITICAL - 2024-06-21 10:02:16 --> User does not exist for specified user id
in APPPATH/Models/UserModel.php on line 276.
 1 APPPATH/Controllers/Users.php(115): App\Models\UserModel->findUserById()
 2 SYSTEMPATH/CodeIgniter.php(932): App\Controllers\Users->ref_point()
 3 SYSTEMPATH/CodeIgniter.php(497): CodeIgniter\CodeIgniter->runController()
 4 SYSTEMPATH/CodeIgniter.php(366): CodeIgniter\CodeIgniter->handleRequest()
 5 FCPATH/index.php(67): CodeIgniter\CodeIgniter->run()
CRITICAL - 2024-06-21 10:02:26 --> User does not exist for specified user id
in APPPATH/Models/UserModel.php on line 276.
 1 APPPATH/Controllers/Users.php(115): App\Models\UserModel->findUserById()
 2 SYSTEMPATH/CodeIgniter.php(932): App\Controllers\Users->ref_point()
 3 SYSTEMPATH/CodeIgniter.php(497): CodeIgniter\CodeIgniter->runController()
 4 SYSTEMPATH/CodeIgniter.php(366): CodeIgniter\CodeIgniter->handleRequest()
 5 FCPATH/index.php(67): CodeIgniter\CodeIgniter->run()
CRITICAL - 2024-06-21 10:02:36 --> User does not exist for specified user id
in APPPATH/Models/UserModel.php on line 276.
 1 APPPATH/Controllers/Users.php(115): App\Models\UserModel->findUserById()
 2 SYSTEMPATH/CodeIgniter.php(932): App\Controllers\Users->ref_point()
 3 SYSTEMPATH/CodeIgniter.php(497): CodeIgniter\CodeIgniter->runController()
 4 SYSTEMPATH/CodeIgniter.php(366): CodeIgniter\CodeIgniter->handleRequest()
 5 FCPATH/index.php(67): CodeIgniter\CodeIgniter->run()
CRITICAL - 2024-06-21 10:02:46 --> User does not exist for specified user id
in APPPATH/Models/UserModel.php on line 276.
 1 APPPATH/Controllers/Users.php(115): App\Models\UserModel->findUserById()
 2 SYSTEMPATH/CodeIgniter.php(932): App\Controllers\Users->ref_point()
 3 SYSTEMPATH/CodeIgniter.php(497): CodeIgniter\CodeIgniter->runController()
 4 SYSTEMPATH/CodeIgniter.php(366): CodeIgniter\CodeIgniter->handleRequest()
 5 FCPATH/index.php(67): CodeIgniter\CodeIgniter->run()
CRITICAL - 2024-06-21 10:02:56 --> User does not exist for specified user id
in APPPATH/Models/UserModel.php on line 276.
 1 APPPATH/Controllers/Users.php(115): App\Models\UserModel->findUserById()
 2 SYSTEMPATH/CodeIgniter.php(932): App\Controllers\Users->ref_point()
 3 SYSTEMPATH/CodeIgniter.php(497): CodeIgniter\CodeIgniter->runController()
 4 SYSTEMPATH/CodeIgniter.php(366): CodeIgniter\CodeIgniter->handleRequest()
 5 FCPATH/index.php(67): CodeIgniter\CodeIgniter->run()
CRITICAL - 2024-06-21 10:03:06 --> User does not exist for specified user id
in APPPATH/Models/UserModel.php on line 276.
 1 APPPATH/Controllers/Users.php(115): App\Models\UserModel->findUserById()
 2 SYSTEMPATH/CodeIgniter.php(932): App\Controllers\Users->ref_point()
 3 SYSTEMPATH/CodeIgniter.php(497): CodeIgniter\CodeIgniter->runController()
 4 SYSTEMPATH/CodeIgniter.php(366): CodeIgniter\CodeIgniter->handleRequest()
 5 FCPATH/index.php(67): CodeIgniter\CodeIgniter->run()
CRITICAL - 2024-06-21 10:03:16 --> User does not exist for specified user id
in APPPATH/Models/UserModel.php on line 276.
 1 APPPATH/Controllers/Users.php(115): App\Models\UserModel->findUserById()
 2 SYSTEMPATH/CodeIgniter.php(932): App\Controllers\Users->ref_point()
 3 SYSTEMPATH/CodeIgniter.php(497): CodeIgniter\CodeIgniter->runController()
 4 SYSTEMPATH/CodeIgniter.php(366): CodeIgniter\CodeIgniter->handleRequest()
 5 FCPATH/index.php(67): CodeIgniter\CodeIgniter->run()
CRITICAL - 2024-06-21 10:03:26 --> User does not exist for specified user id
in APPPATH/Models/UserModel.php on line 276.
 1 APPPATH/Controllers/Users.php(115): App\Models\UserModel->findUserById()
 2 SYSTEMPATH/CodeIgniter.php(932): App\Controllers\Users->ref_point()
 3 SYSTEMPATH/CodeIgniter.php(497): CodeIgniter\CodeIgniter->runController()
 4 SYSTEMPATH/CodeIgniter.php(366): CodeIgniter\CodeIgniter->handleRequest()
 5 FCPATH/index.php(67): CodeIgniter\CodeIgniter->run()
CRITICAL - 2024-06-21 10:03:36 --> User does not exist for specified user id
in APPPATH/Models/UserModel.php on line 276.
 1 APPPATH/Controllers/Users.php(115): App\Models\UserModel->findUserById()
 2 SYSTEMPATH/CodeIgniter.php(932): App\Controllers\Users->ref_point()
 3 SYSTEMPATH/CodeIgniter.php(497): CodeIgniter\CodeIgniter->runController()
 4 SYSTEMPATH/CodeIgniter.php(366): CodeIgniter\CodeIgniter->handleRequest()
 5 FCPATH/index.php(67): CodeIgniter\CodeIgniter->run()
CRITICAL - 2024-06-21 10:03:46 --> User does not exist for specified user id
in APPPATH/Models/UserModel.php on line 276.
 1 APPPATH/Controllers/Users.php(115): App\Models\UserModel->findUserById()
 2 SYSTEMPATH/CodeIgniter.php(932): App\Controllers\Users->ref_point()
 3 SYSTEMPATH/CodeIgniter.php(497): CodeIgniter\CodeIgniter->runController()
 4 SYSTEMPATH/CodeIgniter.php(366): CodeIgniter\CodeIgniter->handleRequest()
 5 FCPATH/index.php(67): CodeIgniter\CodeIgniter->run()
CRITICAL - 2024-06-21 10:03:56 --> User does not exist for specified user id
in APPPATH/Models/UserModel.php on line 276.
 1 APPPATH/Controllers/Users.php(115): App\Models\UserModel->findUserById()
 2 SYSTEMPATH/CodeIgniter.php(932): App\Controllers\Users->ref_point()
 3 SYSTEMPATH/CodeIgniter.php(497): CodeIgniter\CodeIgniter->runController()
 4 SYSTEMPATH/CodeIgniter.php(366): CodeIgniter\CodeIgniter->handleRequest()
 5 FCPATH/index.php(67): CodeIgniter\CodeIgniter->run()
CRITICAL - 2024-06-21 10:04:06 --> User does not exist for specified user id
in APPPATH/Models/UserModel.php on line 276.
 1 APPPATH/Controllers/Users.php(115): App\Models\UserModel->findUserById()
 2 SYSTEMPATH/CodeIgniter.php(932): App\Controllers\Users->ref_point()
 3 SYSTEMPATH/CodeIgniter.php(497): CodeIgniter\CodeIgniter->runController()
 4 SYSTEMPATH/CodeIgniter.php(366): CodeIgniter\CodeIgniter->handleRequest()
 5 FCPATH/index.php(67): CodeIgniter\CodeIgniter->run()
CRITICAL - 2024-06-21 10:04:16 --> User does not exist for specified user id
in APPPATH/Models/UserModel.php on line 276.
 1 APPPATH/Controllers/Users.php(115): App\Models\UserModel->findUserById()
 2 SYSTEMPATH/CodeIgniter.php(932): App\Controllers\Users->ref_point()
 3 SYSTEMPATH/CodeIgniter.php(497): CodeIgniter\CodeIgniter->runController()
 4 SYSTEMPATH/CodeIgniter.php(366): CodeIgniter\CodeIgniter->handleRequest()
 5 FCPATH/index.php(67): CodeIgniter\CodeIgniter->run()
CRITICAL - 2024-06-21 10:04:26 --> User does not exist for specified user id
in APPPATH/Models/UserModel.php on line 276.
 1 APPPATH/Controllers/Users.php(115): App\Models\UserModel->findUserById()
 2 SYSTEMPATH/CodeIgniter.php(932): App\Controllers\Users->ref_point()
 3 SYSTEMPATH/CodeIgniter.php(497): CodeIgniter\CodeIgniter->runController()
 4 SYSTEMPATH/CodeIgniter.php(366): CodeIgniter\CodeIgniter->handleRequest()
 5 FCPATH/index.php(67): CodeIgniter\CodeIgniter->run()
CRITICAL - 2024-06-21 10:04:36 --> User does not exist for specified user id
in APPPATH/Models/UserModel.php on line 276.
 1 APPPATH/Controllers/Users.php(115): App\Models\UserModel->findUserById()
 2 SYSTEMPATH/CodeIgniter.php(932): App\Controllers\Users->ref_point()
 3 SYSTEMPATH/CodeIgniter.php(497): CodeIgniter\CodeIgniter->runController()
 4 SYSTEMPATH/CodeIgniter.php(366): CodeIgniter\CodeIgniter->handleRequest()
 5 FCPATH/index.php(67): CodeIgniter\CodeIgniter->run()
CRITICAL - 2024-06-21 10:04:46 --> User does not exist for specified user id
in APPPATH/Models/UserModel.php on line 276.
 1 APPPATH/Controllers/Users.php(115): App\Models\UserModel->findUserById()
 2 SYSTEMPATH/CodeIgniter.php(932): App\Controllers\Users->ref_point()
 3 SYSTEMPATH/CodeIgniter.php(497): CodeIgniter\CodeIgniter->runController()
 4 SYSTEMPATH/CodeIgniter.php(366): CodeIgniter\CodeIgniter->handleRequest()
 5 FCPATH/index.php(67): CodeIgniter\CodeIgniter->run()
CRITICAL - 2024-06-21 10:04:56 --> User does not exist for specified user id
in APPPATH/Models/UserModel.php on line 276.
 1 APPPATH/Controllers/Users.php(115): App\Models\UserModel->findUserById()
 2 SYSTEMPATH/CodeIgniter.php(932): App\Controllers\Users->ref_point()
 3 SYSTEMPATH/CodeIgniter.php(497): CodeIgniter\CodeIgniter->runController()
 4 SYSTEMPATH/CodeIgniter.php(366): CodeIgniter\CodeIgniter->handleRequest()
 5 FCPATH/index.php(67): CodeIgniter\CodeIgniter->run()
CRITICAL - 2024-06-21 10:05:06 --> User does not exist for specified user id
in APPPATH/Models/UserModel.php on line 276.
 1 APPPATH/Controllers/Users.php(115): App\Models\UserModel->findUserById()
 2 SYSTEMPATH/CodeIgniter.php(932): App\Controllers\Users->ref_point()
 3 SYSTEMPATH/CodeIgniter.php(497): CodeIgniter\CodeIgniter->runController()
 4 SYSTEMPATH/CodeIgniter.php(366): CodeIgniter\CodeIgniter->handleRequest()
 5 FCPATH/index.php(67): CodeIgniter\CodeIgniter->run()
CRITICAL - 2024-06-21 10:05:16 --> User does not exist for specified user id
in APPPATH/Models/UserModel.php on line 276.
 1 APPPATH/Controllers/Users.php(115): App\Models\UserModel->findUserById()
 2 SYSTEMPATH/CodeIgniter.php(932): App\Controllers\Users->ref_point()
 3 SYSTEMPATH/CodeIgniter.php(497): CodeIgniter\CodeIgniter->runController()
 4 SYSTEMPATH/CodeIgniter.php(366): CodeIgniter\CodeIgniter->handleRequest()
 5 FCPATH/index.php(67): CodeIgniter\CodeIgniter->run()
CRITICAL - 2024-06-21 10:05:26 --> User does not exist for specified user id
in APPPATH/Models/UserModel.php on line 276.
 1 APPPATH/Controllers/Users.php(115): App\Models\UserModel->findUserById()
 2 SYSTEMPATH/CodeIgniter.php(932): App\Controllers\Users->ref_point()
 3 SYSTEMPATH/CodeIgniter.php(497): CodeIgniter\CodeIgniter->runController()
 4 SYSTEMPATH/CodeIgniter.php(366): CodeIgniter\CodeIgniter->handleRequest()
 5 FCPATH/index.php(67): CodeIgniter\CodeIgniter->run()
CRITICAL - 2024-06-21 10:05:36 --> User does not exist for specified user id
in APPPATH/Models/UserModel.php on line 276.
 1 APPPATH/Controllers/Users.php(115): App\Models\UserModel->findUserById()
 2 SYSTEMPATH/CodeIgniter.php(932): App\Controllers\Users->ref_point()
 3 SYSTEMPATH/CodeIgniter.php(497): CodeIgniter\CodeIgniter->runController()
 4 SYSTEMPATH/CodeIgniter.php(366): CodeIgniter\CodeIgniter->handleRequest()
 5 FCPATH/index.php(67): CodeIgniter\CodeIgniter->run()
CRITICAL - 2024-06-21 10:05:46 --> User does not exist for specified user id
in APPPATH/Models/UserModel.php on line 276.
 1 APPPATH/Controllers/Users.php(115): App\Models\UserModel->findUserById()
 2 SYSTEMPATH/CodeIgniter.php(932): App\Controllers\Users->ref_point()
 3 SYSTEMPATH/CodeIgniter.php(497): CodeIgniter\CodeIgniter->runController()
 4 SYSTEMPATH/CodeIgniter.php(366): CodeIgniter\CodeIgniter->handleRequest()
 5 FCPATH/index.php(67): CodeIgniter\CodeIgniter->run()
CRITICAL - 2024-06-21 10:05:56 --> User does not exist for specified user id
in APPPATH/Models/UserModel.php on line 276.
 1 APPPATH/Controllers/Users.php(115): App\Models\UserModel->findUserById()
 2 SYSTEMPATH/CodeIgniter.php(932): App\Controllers\Users->ref_point()
 3 SYSTEMPATH/CodeIgniter.php(497): CodeIgniter\CodeIgniter->runController()
 4 SYSTEMPATH/CodeIgniter.php(366): CodeIgniter\CodeIgniter->handleRequest()
 5 FCPATH/index.php(67): CodeIgniter\CodeIgniter->run()
CRITICAL - 2024-06-21 10:06:06 --> User does not exist for specified user id
in APPPATH/Models/UserModel.php on line 276.
 1 APPPATH/Controllers/Users.php(115): App\Models\UserModel->findUserById()
 2 SYSTEMPATH/CodeIgniter.php(932): App\Controllers\Users->ref_point()
 3 SYSTEMPATH/CodeIgniter.php(497): CodeIgniter\CodeIgniter->runController()
 4 SYSTEMPATH/CodeIgniter.php(366): CodeIgniter\CodeIgniter->handleRequest()
 5 FCPATH/index.php(67): CodeIgniter\CodeIgniter->run()
CRITICAL - 2024-06-21 10:06:16 --> User does not exist for specified user id
in APPPATH/Models/UserModel.php on line 276.
 1 APPPATH/Controllers/Users.php(115): App\Models\UserModel->findUserById()
 2 SYSTEMPATH/CodeIgniter.php(932): App\Controllers\Users->ref_point()
 3 SYSTEMPATH/CodeIgniter.php(497): CodeIgniter\CodeIgniter->runController()
 4 SYSTEMPATH/CodeIgniter.php(366): CodeIgniter\CodeIgniter->handleRequest()
 5 FCPATH/index.php(67): CodeIgniter\CodeIgniter->run()
CRITICAL - 2024-06-21 10:06:26 --> User does not exist for specified user id
in APPPATH/Models/UserModel.php on line 276.
 1 APPPATH/Controllers/Users.php(115): App\Models\UserModel->findUserById()
 2 SYSTEMPATH/CodeIgniter.php(932): App\Controllers\Users->ref_point()
 3 SYSTEMPATH/CodeIgniter.php(497): CodeIgniter\CodeIgniter->runController()
 4 SYSTEMPATH/CodeIgniter.php(366): CodeIgniter\CodeIgniter->handleRequest()
 5 FCPATH/index.php(67): CodeIgniter\CodeIgniter->run()
CRITICAL - 2024-06-21 10:06:36 --> User does not exist for specified user id
in APPPATH/Models/UserModel.php on line 276.
 1 APPPATH/Controllers/Users.php(115): App\Models\UserModel->findUserById()
 2 SYSTEMPATH/CodeIgniter.php(932): App\Controllers\Users->ref_point()
 3 SYSTEMPATH/CodeIgniter.php(497): CodeIgniter\CodeIgniter->runController()
 4 SYSTEMPATH/CodeIgniter.php(366): CodeIgniter\CodeIgniter->handleRequest()
 5 FCPATH/index.php(67): CodeIgniter\CodeIgniter->run()
CRITICAL - 2024-06-21 10:06:46 --> User does not exist for specified user id
in APPPATH/Models/UserModel.php on line 276.
 1 APPPATH/Controllers/Users.php(115): App\Models\UserModel->findUserById()
 2 SYSTEMPATH/CodeIgniter.php(932): App\Controllers\Users->ref_point()
 3 SYSTEMPATH/CodeIgniter.php(497): CodeIgniter\CodeIgniter->runController()
 4 SYSTEMPATH/CodeIgniter.php(366): CodeIgniter\CodeIgniter->handleRequest()
 5 FCPATH/index.php(67): CodeIgniter\CodeIgniter->run()
CRITICAL - 2024-06-21 10:06:56 --> User does not exist for specified user id
in APPPATH/Models/UserModel.php on line 276.
 1 APPPATH/Controllers/Users.php(115): App\Models\UserModel->findUserById()
 2 SYSTEMPATH/CodeIgniter.php(932): App\Controllers\Users->ref_point()
 3 SYSTEMPATH/CodeIgniter.php(497): CodeIgniter\CodeIgniter->runController()
 4 SYSTEMPATH/CodeIgniter.php(366): CodeIgniter\CodeIgniter->handleRequest()
 5 FCPATH/index.php(67): CodeIgniter\CodeIgniter->run()
CRITICAL - 2024-06-21 10:07:06 --> User does not exist for specified user id
in APPPATH/Models/UserModel.php on line 276.
 1 APPPATH/Controllers/Users.php(115): App\Models\UserModel->findUserById()
 2 SYSTEMPATH/CodeIgniter.php(932): App\Controllers\Users->ref_point()
 3 SYSTEMPATH/CodeIgniter.php(497): CodeIgniter\CodeIgniter->runController()
 4 SYSTEMPATH/CodeIgniter.php(366): CodeIgniter\CodeIgniter->handleRequest()
 5 FCPATH/index.php(67): CodeIgniter\CodeIgniter->run()
CRITICAL - 2024-06-21 10:07:16 --> User does not exist for specified user id
in APPPATH/Models/UserModel.php on line 276.
 1 APPPATH/Controllers/Users.php(115): App\Models\UserModel->findUserById()
 2 SYSTEMPATH/CodeIgniter.php(932): App\Controllers\Users->ref_point()
 3 SYSTEMPATH/CodeIgniter.php(497): CodeIgniter\CodeIgniter->runController()
 4 SYSTEMPATH/CodeIgniter.php(366): CodeIgniter\CodeIgniter->handleRequest()
 5 FCPATH/index.php(67): CodeIgniter\CodeIgniter->run()
CRITICAL - 2024-06-21 10:07:26 --> User does not exist for specified user id
in APPPATH/Models/UserModel.php on line 276.
 1 APPPATH/Controllers/Users.php(115): App\Models\UserModel->findUserById()
 2 SYSTEMPATH/CodeIgniter.php(932): App\Controllers\Users->ref_point()
 3 SYSTEMPATH/CodeIgniter.php(497): CodeIgniter\CodeIgniter->runController()
 4 SYSTEMPATH/CodeIgniter.php(366): CodeIgniter\CodeIgniter->handleRequest()
 5 FCPATH/index.php(67): CodeIgniter\CodeIgniter->run()
CRITICAL - 2024-06-21 10:07:36 --> User does not exist for specified user id
in APPPATH/Models/UserModel.php on line 276.
 1 APPPATH/Controllers/Users.php(115): App\Models\UserModel->findUserById()
 2 SYSTEMPATH/CodeIgniter.php(932): App\Controllers\Users->ref_point()
 3 SYSTEMPATH/CodeIgniter.php(497): CodeIgniter\CodeIgniter->runController()
 4 SYSTEMPATH/CodeIgniter.php(366): CodeIgniter\CodeIgniter->handleRequest()
 5 FCPATH/index.php(67): CodeIgniter\CodeIgniter->run()
CRITICAL - 2024-06-21 10:07:46 --> User does not exist for specified user id
in APPPATH/Models/UserModel.php on line 276.
 1 APPPATH/Controllers/Users.php(115): App\Models\UserModel->findUserById()
 2 SYSTEMPATH/CodeIgniter.php(932): App\Controllers\Users->ref_point()
 3 SYSTEMPATH/CodeIgniter.php(497): CodeIgniter\CodeIgniter->runController()
 4 SYSTEMPATH/CodeIgniter.php(366): CodeIgniter\CodeIgniter->handleRequest()
 5 FCPATH/index.php(67): CodeIgniter\CodeIgniter->run()
CRITICAL - 2024-06-21 10:07:56 --> User does not exist for specified user id
in APPPATH/Models/UserModel.php on line 276.
 1 APPPATH/Controllers/Users.php(115): App\Models\UserModel->findUserById()
 2 SYSTEMPATH/CodeIgniter.php(932): App\Controllers\Users->ref_point()
 3 SYSTEMPATH/CodeIgniter.php(497): CodeIgniter\CodeIgniter->runController()
 4 SYSTEMPATH/CodeIgniter.php(366): CodeIgniter\CodeIgniter->handleRequest()
 5 FCPATH/index.php(67): CodeIgniter\CodeIgniter->run()
CRITICAL - 2024-06-21 10:08:06 --> User does not exist for specified user id
in APPPATH/Models/UserModel.php on line 276.
 1 APPPATH/Controllers/Users.php(115): App\Models\UserModel->findUserById()
 2 SYSTEMPATH/CodeIgniter.php(932): App\Controllers\Users->ref_point()
 3 SYSTEMPATH/CodeIgniter.php(497): CodeIgniter\CodeIgniter->runController()
 4 SYSTEMPATH/CodeIgniter.php(366): CodeIgniter\CodeIgniter->handleRequest()
 5 FCPATH/index.php(67): CodeIgniter\CodeIgniter->run()
CRITICAL - 2024-06-21 10:08:16 --> User does not exist for specified user id
in APPPATH/Models/UserModel.php on line 276.
 1 APPPATH/Controllers/Users.php(115): App\Models\UserModel->findUserById()
 2 SYSTEMPATH/CodeIgniter.php(932): App\Controllers\Users->ref_point()
 3 SYSTEMPATH/CodeIgniter.php(497): CodeIgniter\CodeIgniter->runController()
 4 SYSTEMPATH/CodeIgniter.php(366): CodeIgniter\CodeIgniter->handleRequest()
 5 FCPATH/index.php(67): CodeIgniter\CodeIgniter->run()
CRITICAL - 2024-06-21 10:08:26 --> User does not exist for specified user id
in APPPATH/Models/UserModel.php on line 276.
 1 APPPATH/Controllers/Users.php(115): App\Models\UserModel->findUserById()
 2 SYSTEMPATH/CodeIgniter.php(932): App\Controllers\Users->ref_point()
 3 SYSTEMPATH/CodeIgniter.php(497): CodeIgniter\CodeIgniter->runController()
 4 SYSTEMPATH/CodeIgniter.php(366): CodeIgniter\CodeIgniter->handleRequest()
 5 FCPATH/index.php(67): CodeIgniter\CodeIgniter->run()
CRITICAL - 2024-06-21 10:08:36 --> User does not exist for specified user id
in APPPATH/Models/UserModel.php on line 276.
 1 APPPATH/Controllers/Users.php(115): App\Models\UserModel->findUserById()
 2 SYSTEMPATH/CodeIgniter.php(932): App\Controllers\Users->ref_point()
 3 SYSTEMPATH/CodeIgniter.php(497): CodeIgniter\CodeIgniter->runController()
 4 SYSTEMPATH/CodeIgniter.php(366): CodeIgniter\CodeIgniter->handleRequest()
 5 FCPATH/index.php(67): CodeIgniter\CodeIgniter->run()
CRITICAL - 2024-06-21 10:08:46 --> User does not exist for specified user id
in APPPATH/Models/UserModel.php on line 276.
 1 APPPATH/Controllers/Users.php(115): App\Models\UserModel->findUserById()
 2 SYSTEMPATH/CodeIgniter.php(932): App\Controllers\Users->ref_point()
 3 SYSTEMPATH/CodeIgniter.php(497): CodeIgniter\CodeIgniter->runController()
 4 SYSTEMPATH/CodeIgniter.php(366): CodeIgniter\CodeIgniter->handleRequest()
 5 FCPATH/index.php(67): CodeIgniter\CodeIgniter->run()
CRITICAL - 2024-06-21 10:08:56 --> User does not exist for specified user id
in APPPATH/Models/UserModel.php on line 276.
 1 APPPATH/Controllers/Users.php(115): App\Models\UserModel->findUserById()
 2 SYSTEMPATH/CodeIgniter.php(932): App\Controllers\Users->ref_point()
 3 SYSTEMPATH/CodeIgniter.php(497): CodeIgniter\CodeIgniter->runController()
 4 SYSTEMPATH/CodeIgniter.php(366): CodeIgniter\CodeIgniter->handleRequest()
 5 FCPATH/index.php(67): CodeIgniter\CodeIgniter->run()
CRITICAL - 2024-06-21 10:09:06 --> User does not exist for specified user id
in APPPATH/Models/UserModel.php on line 276.
 1 APPPATH/Controllers/Users.php(115): App\Models\UserModel->findUserById()
 2 SYSTEMPATH/CodeIgniter.php(932): App\Controllers\Users->ref_point()
 3 SYSTEMPATH/CodeIgniter.php(497): CodeIgniter\CodeIgniter->runController()
 4 SYSTEMPATH/CodeIgniter.php(366): CodeIgniter\CodeIgniter->handleRequest()
 5 FCPATH/index.php(67): CodeIgniter\CodeIgniter->run()
CRITICAL - 2024-06-21 10:09:16 --> User does not exist for specified user id
in APPPATH/Models/UserModel.php on line 276.
 1 APPPATH/Controllers/Users.php(115): App\Models\UserModel->findUserById()
 2 SYSTEMPATH/CodeIgniter.php(932): App\Controllers\Users->ref_point()
 3 SYSTEMPATH/CodeIgniter.php(497): CodeIgniter\CodeIgniter->runController()
 4 SYSTEMPATH/CodeIgniter.php(366): CodeIgniter\CodeIgniter->handleRequest()
 5 FCPATH/index.php(67): CodeIgniter\CodeIgniter->run()
CRITICAL - 2024-06-21 10:09:26 --> User does not exist for specified user id
in APPPATH/Models/UserModel.php on line 276.
 1 APPPATH/Controllers/Users.php(115): App\Models\UserModel->findUserById()
 2 SYSTEMPATH/CodeIgniter.php(932): App\Controllers\Users->ref_point()
 3 SYSTEMPATH/CodeIgniter.php(497): CodeIgniter\CodeIgniter->runController()
 4 SYSTEMPATH/CodeIgniter.php(366): CodeIgniter\CodeIgniter->handleRequest()
 5 FCPATH/index.php(67): CodeIgniter\CodeIgniter->run()
CRITICAL - 2024-06-21 10:09:36 --> User does not exist for specified user id
in APPPATH/Models/UserModel.php on line 276.
 1 APPPATH/Controllers/Users.php(115): App\Models\UserModel->findUserById()
 2 SYSTEMPATH/CodeIgniter.php(932): App\Controllers\Users->ref_point()
 3 SYSTEMPATH/CodeIgniter.php(497): CodeIgniter\CodeIgniter->runController()
 4 SYSTEMPATH/CodeIgniter.php(366): CodeIgniter\CodeIgniter->handleRequest()
 5 FCPATH/index.php(67): CodeIgniter\CodeIgniter->run()
CRITICAL - 2024-06-21 10:09:46 --> User does not exist for specified user id
in APPPATH/Models/UserModel.php on line 276.
 1 APPPATH/Controllers/Users.php(115): App\Models\UserModel->findUserById()
 2 SYSTEMPATH/CodeIgniter.php(932): App\Controllers\Users->ref_point()
 3 SYSTEMPATH/CodeIgniter.php(497): CodeIgniter\CodeIgniter->runController()
 4 SYSTEMPATH/CodeIgniter.php(366): CodeIgniter\CodeIgniter->handleRequest()
 5 FCPATH/index.php(67): CodeIgniter\CodeIgniter->run()
CRITICAL - 2024-06-21 10:09:56 --> User does not exist for specified user id
in APPPATH/Models/UserModel.php on line 276.
 1 APPPATH/Controllers/Users.php(115): App\Models\UserModel->findUserById()
 2 SYSTEMPATH/CodeIgniter.php(932): App\Controllers\Users->ref_point()
 3 SYSTEMPATH/CodeIgniter.php(497): CodeIgniter\CodeIgniter->runController()
 4 SYSTEMPATH/CodeIgniter.php(366): CodeIgniter\CodeIgniter->handleRequest()
 5 FCPATH/index.php(67): CodeIgniter\CodeIgniter->run()
CRITICAL - 2024-06-21 10:10:06 --> User does not exist for specified user id
in APPPATH/Models/UserModel.php on line 276.
 1 APPPATH/Controllers/Users.php(115): App\Models\UserModel->findUserById()
 2 SYSTEMPATH/CodeIgniter.php(932): App\Controllers\Users->ref_point()
 3 SYSTEMPATH/CodeIgniter.php(497): CodeIgniter\CodeIgniter->runController()
 4 SYSTEMPATH/CodeIgniter.php(366): CodeIgniter\CodeIgniter->handleRequest()
 5 FCPATH/index.php(67): CodeIgniter\CodeIgniter->run()
CRITICAL - 2024-06-21 10:10:16 --> User does not exist for specified user id
in APPPATH/Models/UserModel.php on line 276.
 1 APPPATH/Controllers/Users.php(115): App\Models\UserModel->findUserById()
 2 SYSTEMPATH/CodeIgniter.php(932): App\Controllers\Users->ref_point()
 3 SYSTEMPATH/CodeIgniter.php(497): CodeIgniter\CodeIgniter->runController()
 4 SYSTEMPATH/CodeIgniter.php(366): CodeIgniter\CodeIgniter->handleRequest()
 5 FCPATH/index.php(67): CodeIgniter\CodeIgniter->run()
CRITICAL - 2024-06-21 10:10:26 --> User does not exist for specified user id
in APPPATH/Models/UserModel.php on line 276.
 1 APPPATH/Controllers/Users.php(115): App\Models\UserModel->findUserById()
 2 SYSTEMPATH/CodeIgniter.php(932): App\Controllers\Users->ref_point()
 3 SYSTEMPATH/CodeIgniter.php(497): CodeIgniter\CodeIgniter->runController()
 4 SYSTEMPATH/CodeIgniter.php(366): CodeIgniter\CodeIgniter->handleRequest()
 5 FCPATH/index.php(67): CodeIgniter\CodeIgniter->run()
CRITICAL - 2024-06-21 10:10:36 --> User does not exist for specified user id
in APPPATH/Models/UserModel.php on line 276.
 1 APPPATH/Controllers/Users.php(115): App\Models\UserModel->findUserById()
 2 SYSTEMPATH/CodeIgniter.php(932): App\Controllers\Users->ref_point()
 3 SYSTEMPATH/CodeIgniter.php(497): CodeIgniter\CodeIgniter->runController()
 4 SYSTEMPATH/CodeIgniter.php(366): CodeIgniter\CodeIgniter->handleRequest()
 5 FCPATH/index.php(67): CodeIgniter\CodeIgniter->run()
CRITICAL - 2024-06-21 10:10:46 --> User does not exist for specified user id
in APPPATH/Models/UserModel.php on line 276.
 1 APPPATH/Controllers/Users.php(115): App\Models\UserModel->findUserById()
 2 SYSTEMPATH/CodeIgniter.php(932): App\Controllers\Users->ref_point()
 3 SYSTEMPATH/CodeIgniter.php(497): CodeIgniter\CodeIgniter->runController()
 4 SYSTEMPATH/CodeIgniter.php(366): CodeIgniter\CodeIgniter->handleRequest()
 5 FCPATH/index.php(67): CodeIgniter\CodeIgniter->run()
CRITICAL - 2024-06-21 10:10:56 --> User does not exist for specified user id
in APPPATH/Models/UserModel.php on line 276.
 1 APPPATH/Controllers/Users.php(115): App\Models\UserModel->findUserById()
 2 SYSTEMPATH/CodeIgniter.php(932): App\Controllers\Users->ref_point()
 3 SYSTEMPATH/CodeIgniter.php(497): CodeIgniter\CodeIgniter->runController()
 4 SYSTEMPATH/CodeIgniter.php(366): CodeIgniter\CodeIgniter->handleRequest()
 5 FCPATH/index.php(67): CodeIgniter\CodeIgniter->run()
CRITICAL - 2024-06-21 10:11:06 --> User does not exist for specified user id
in APPPATH/Models/UserModel.php on line 276.
 1 APPPATH/Controllers/Users.php(115): App\Models\UserModel->findUserById()
 2 SYSTEMPATH/CodeIgniter.php(932): App\Controllers\Users->ref_point()
 3 SYSTEMPATH/CodeIgniter.php(497): CodeIgniter\CodeIgniter->runController()
 4 SYSTEMPATH/CodeIgniter.php(366): CodeIgniter\CodeIgniter->handleRequest()
 5 FCPATH/index.php(67): CodeIgniter\CodeIgniter->run()
CRITICAL - 2024-06-21 10:11:16 --> User does not exist for specified user id
in APPPATH/Models/UserModel.php on line 276.
 1 APPPATH/Controllers/Users.php(115): App\Models\UserModel->findUserById()
 2 SYSTEMPATH/CodeIgniter.php(932): App\Controllers\Users->ref_point()
 3 SYSTEMPATH/CodeIgniter.php(497): CodeIgniter\CodeIgniter->runController()
 4 SYSTEMPATH/CodeIgniter.php(366): CodeIgniter\CodeIgniter->handleRequest()
 5 FCPATH/index.php(67): CodeIgniter\CodeIgniter->run()
CRITICAL - 2024-06-21 10:11:26 --> User does not exist for specified user id
in APPPATH/Models/UserModel.php on line 276.
 1 APPPATH/Controllers/Users.php(115): App\Models\UserModel->findUserById()
 2 SYSTEMPATH/CodeIgniter.php(932): App\Controllers\Users->ref_point()
 3 SYSTEMPATH/CodeIgniter.php(497): CodeIgniter\CodeIgniter->runController()
 4 SYSTEMPATH/CodeIgniter.php(366): CodeIgniter\CodeIgniter->handleRequest()
 5 FCPATH/index.php(67): CodeIgniter\CodeIgniter->run()
CRITICAL - 2024-06-21 10:11:36 --> User does not exist for specified user id
in APPPATH/Models/UserModel.php on line 276.
 1 APPPATH/Controllers/Users.php(115): App\Models\UserModel->findUserById()
 2 SYSTEMPATH/CodeIgniter.php(932): App\Controllers\Users->ref_point()
 3 SYSTEMPATH/CodeIgniter.php(497): CodeIgniter\CodeIgniter->runController()
 4 SYSTEMPATH/CodeIgniter.php(366): CodeIgniter\CodeIgniter->handleRequest()
 5 FCPATH/index.php(67): CodeIgniter\CodeIgniter->run()
CRITICAL - 2024-06-21 10:11:46 --> User does not exist for specified user id
in APPPATH/Models/UserModel.php on line 276.
 1 APPPATH/Controllers/Users.php(115): App\Models\UserModel->findUserById()
 2 SYSTEMPATH/CodeIgniter.php(932): App\Controllers\Users->ref_point()
 3 SYSTEMPATH/CodeIgniter.php(497): CodeIgniter\CodeIgniter->runController()
 4 SYSTEMPATH/CodeIgniter.php(366): CodeIgniter\CodeIgniter->handleRequest()
 5 FCPATH/index.php(67): CodeIgniter\CodeIgniter->run()
CRITICAL - 2024-06-21 10:11:56 --> User does not exist for specified user id
in APPPATH/Models/UserModel.php on line 276.
 1 APPPATH/Controllers/Users.php(115): App\Models\UserModel->findUserById()
 2 SYSTEMPATH/CodeIgniter.php(932): App\Controllers\Users->ref_point()
 3 SYSTEMPATH/CodeIgniter.php(497): CodeIgniter\CodeIgniter->runController()
 4 SYSTEMPATH/CodeIgniter.php(366): CodeIgniter\CodeIgniter->handleRequest()
 5 FCPATH/index.php(67): CodeIgniter\CodeIgniter->run()
CRITICAL - 2024-06-21 10:12:06 --> User does not exist for specified user id
in APPPATH/Models/UserModel.php on line 276.
 1 APPPATH/Controllers/Users.php(115): App\Models\UserModel->findUserById()
 2 SYSTEMPATH/CodeIgniter.php(932): App\Controllers\Users->ref_point()
 3 SYSTEMPATH/CodeIgniter.php(497): CodeIgniter\CodeIgniter->runController()
 4 SYSTEMPATH/CodeIgniter.php(366): CodeIgniter\CodeIgniter->handleRequest()
 5 FCPATH/index.php(67): CodeIgniter\CodeIgniter->run()
CRITICAL - 2024-06-21 10:12:16 --> User does not exist for specified user id
in APPPATH/Models/UserModel.php on line 276.
 1 APPPATH/Controllers/Users.php(115): App\Models\UserModel->findUserById()
 2 SYSTEMPATH/CodeIgniter.php(932): App\Controllers\Users->ref_point()
 3 SYSTEMPATH/CodeIgniter.php(497): CodeIgniter\CodeIgniter->runController()
 4 SYSTEMPATH/CodeIgniter.php(366): CodeIgniter\CodeIgniter->handleRequest()
 5 FCPATH/index.php(67): CodeIgniter\CodeIgniter->run()
CRITICAL - 2024-06-21 10:12:26 --> User does not exist for specified user id
in APPPATH/Models/UserModel.php on line 276.
 1 APPPATH/Controllers/Users.php(115): App\Models\UserModel->findUserById()
 2 SYSTEMPATH/CodeIgniter.php(932): App\Controllers\Users->ref_point()
 3 SYSTEMPATH/CodeIgniter.php(497): CodeIgniter\CodeIgniter->runController()
 4 SYSTEMPATH/CodeIgniter.php(366): CodeIgniter\CodeIgniter->handleRequest()
 5 FCPATH/index.php(67): CodeIgniter\CodeIgniter->run()
CRITICAL - 2024-06-21 10:12:36 --> User does not exist for specified user id
in APPPATH/Models/UserModel.php on line 276.
 1 APPPATH/Controllers/Users.php(115): App\Models\UserModel->findUserById()
 2 SYSTEMPATH/CodeIgniter.php(932): App\Controllers\Users->ref_point()
 3 SYSTEMPATH/CodeIgniter.php(497): CodeIgniter\CodeIgniter->runController()
 4 SYSTEMPATH/CodeIgniter.php(366): CodeIgniter\CodeIgniter->handleRequest()
 5 FCPATH/index.php(67): CodeIgniter\CodeIgniter->run()
CRITICAL - 2024-06-21 10:12:46 --> User does not exist for specified user id
in APPPATH/Models/UserModel.php on line 276.
 1 APPPATH/Controllers/Users.php(115): App\Models\UserModel->findUserById()
 2 SYSTEMPATH/CodeIgniter.php(932): App\Controllers\Users->ref_point()
 3 SYSTEMPATH/CodeIgniter.php(497): CodeIgniter\CodeIgniter->runController()
 4 SYSTEMPATH/CodeIgniter.php(366): CodeIgniter\CodeIgniter->handleRequest()
 5 FCPATH/index.php(67): CodeIgniter\CodeIgniter->run()
CRITICAL - 2024-06-21 10:12:56 --> User does not exist for specified user id
in APPPATH/Models/UserModel.php on line 276.
 1 APPPATH/Controllers/Users.php(115): App\Models\UserModel->findUserById()
 2 SYSTEMPATH/CodeIgniter.php(932): App\Controllers\Users->ref_point()
 3 SYSTEMPATH/CodeIgniter.php(497): CodeIgniter\CodeIgniter->runController()
 4 SYSTEMPATH/CodeIgniter.php(366): CodeIgniter\CodeIgniter->handleRequest()
 5 FCPATH/index.php(67): CodeIgniter\CodeIgniter->run()
CRITICAL - 2024-06-21 10:13:06 --> User does not exist for specified user id
in APPPATH/Models/UserModel.php on line 276.
 1 APPPATH/Controllers/Users.php(115): App\Models\UserModel->findUserById()
 2 SYSTEMPATH/CodeIgniter.php(932): App\Controllers\Users->ref_point()
 3 SYSTEMPATH/CodeIgniter.php(497): CodeIgniter\CodeIgniter->runController()
 4 SYSTEMPATH/CodeIgniter.php(366): CodeIgniter\CodeIgniter->handleRequest()
 5 FCPATH/index.php(67): CodeIgniter\CodeIgniter->run()
CRITICAL - 2024-06-21 10:13:16 --> User does not exist for specified user id
in APPPATH/Models/UserModel.php on line 276.
 1 APPPATH/Controllers/Users.php(115): App\Models\UserModel->findUserById()
 2 SYSTEMPATH/CodeIgniter.php(932): App\Controllers\Users->ref_point()
 3 SYSTEMPATH/CodeIgniter.php(497): CodeIgniter\CodeIgniter->runController()
 4 SYSTEMPATH/CodeIgniter.php(366): CodeIgniter\CodeIgniter->handleRequest()
 5 FCPATH/index.php(67): CodeIgniter\CodeIgniter->run()
CRITICAL - 2024-06-21 10:13:26 --> User does not exist for specified user id
in APPPATH/Models/UserModel.php on line 276.
 1 APPPATH/Controllers/Users.php(115): App\Models\UserModel->findUserById()
 2 SYSTEMPATH/CodeIgniter.php(932): App\Controllers\Users->ref_point()
 3 SYSTEMPATH/CodeIgniter.php(497): CodeIgniter\CodeIgniter->runController()
 4 SYSTEMPATH/CodeIgniter.php(366): CodeIgniter\CodeIgniter->handleRequest()
 5 FCPATH/index.php(67): CodeIgniter\CodeIgniter->run()
CRITICAL - 2024-06-21 10:13:36 --> User does not exist for specified user id
in APPPATH/Models/UserModel.php on line 276.
 1 APPPATH/Controllers/Users.php(115): App\Models\UserModel->findUserById()
 2 SYSTEMPATH/CodeIgniter.php(932): App\Controllers\Users->ref_point()
 3 SYSTEMPATH/CodeIgniter.php(497): CodeIgniter\CodeIgniter->runController()
 4 SYSTEMPATH/CodeIgniter.php(366): CodeIgniter\CodeIgniter->handleRequest()
 5 FCPATH/index.php(67): CodeIgniter\CodeIgniter->run()
CRITICAL - 2024-06-21 10:13:46 --> User does not exist for specified user id
in APPPATH/Models/UserModel.php on line 276.
 1 APPPATH/Controllers/Users.php(115): App\Models\UserModel->findUserById()
 2 SYSTEMPATH/CodeIgniter.php(932): App\Controllers\Users->ref_point()
 3 SYSTEMPATH/CodeIgniter.php(497): CodeIgniter\CodeIgniter->runController()
 4 SYSTEMPATH/CodeIgniter.php(366): CodeIgniter\CodeIgniter->handleRequest()
 5 FCPATH/index.php(67): CodeIgniter\CodeIgniter->run()
CRITICAL - 2024-06-21 10:13:56 --> User does not exist for specified user id
in APPPATH/Models/UserModel.php on line 276.
 1 APPPATH/Controllers/Users.php(115): App\Models\UserModel->findUserById()
 2 SYSTEMPATH/CodeIgniter.php(932): App\Controllers\Users->ref_point()
 3 SYSTEMPATH/CodeIgniter.php(497): CodeIgniter\CodeIgniter->runController()
 4 SYSTEMPATH/CodeIgniter.php(366): CodeIgniter\CodeIgniter->handleRequest()
 5 FCPATH/index.php(67): CodeIgniter\CodeIgniter->run()
CRITICAL - 2024-06-21 10:14:06 --> User does not exist for specified user id
in APPPATH/Models/UserModel.php on line 276.
 1 APPPATH/Controllers/Users.php(115): App\Models\UserModel->findUserById()
 2 SYSTEMPATH/CodeIgniter.php(932): App\Controllers\Users->ref_point()
 3 SYSTEMPATH/CodeIgniter.php(497): CodeIgniter\CodeIgniter->runController()
 4 SYSTEMPATH/CodeIgniter.php(366): CodeIgniter\CodeIgniter->handleRequest()
 5 FCPATH/index.php(67): CodeIgniter\CodeIgniter->run()
CRITICAL - 2024-06-21 10:14:16 --> User does not exist for specified user id
in APPPATH/Models/UserModel.php on line 276.
 1 APPPATH/Controllers/Users.php(115): App\Models\UserModel->findUserById()
 2 SYSTEMPATH/CodeIgniter.php(932): App\Controllers\Users->ref_point()
 3 SYSTEMPATH/CodeIgniter.php(497): CodeIgniter\CodeIgniter->runController()
 4 SYSTEMPATH/CodeIgniter.php(366): CodeIgniter\CodeIgniter->handleRequest()
 5 FCPATH/index.php(67): CodeIgniter\CodeIgniter->run()
CRITICAL - 2024-06-21 10:14:26 --> User does not exist for specified user id
in APPPATH/Models/UserModel.php on line 276.
 1 APPPATH/Controllers/Users.php(115): App\Models\UserModel->findUserById()
 2 SYSTEMPATH/CodeIgniter.php(932): App\Controllers\Users->ref_point()
 3 SYSTEMPATH/CodeIgniter.php(497): CodeIgniter\CodeIgniter->runController()
 4 SYSTEMPATH/CodeIgniter.php(366): CodeIgniter\CodeIgniter->handleRequest()
 5 FCPATH/index.php(67): CodeIgniter\CodeIgniter->run()
ERROR - 2024-06-21 15:44:35 --> mysqli_sql_exception: Cannot add or update a child row: a foreign key constraint fails (`webuser_moj`.`working_experiences`, CONSTRAINT `working_experiences_user_id_foreign` FOREIGN KEY (`user_id`) REFERENCES `users` (`id`) ON DELETE CASCADE ON UPDATE CASCADE) in /home/webuser/web/dashboard.masterofjobs.in/public_html/vendor/codeigniter4/framework/system/Database/MySQLi/Connection.php:295
Stack trace:
#0 /home/webuser/web/dashboard.masterofjobs.in/public_html/vendor/codeigniter4/framework/system/Database/MySQLi/Connection.php(295): mysqli->query()
#1 /home/webuser/web/dashboard.masterofjobs.in/public_html/vendor/codeigniter4/framework/system/Database/BaseConnection.php(692): CodeIgniter\Database\MySQLi\Connection->execute()
#2 /home/webuser/web/dashboard.masterofjobs.in/public_html/vendor/codeigniter4/framework/system/Database/BaseConnection.php(606): CodeIgniter\Database\BaseConnection->simpleQuery()
#3 /home/webuser/web/dashboard.masterofjobs.in/public_html/app/Models/UserModel.php(609): CodeIgniter\Database\BaseConnection->query()
#4 /home/webuser/web/dashboard.masterofjobs.in/public_html/app/Controllers/Users.php(163): App\Models\UserModel->save_workex()
#5 /home/webuser/web/dashboard.masterofjobs.in/public_html/vendor/codeigniter4/framework/system/CodeIgniter.php(932): App\Controllers\Users->work_ex()
#6 /home/webuser/web/dashboard.masterofjobs.in/public_html/vendor/codeigniter4/framework/system/CodeIgniter.php(497): CodeIgniter\CodeIgniter->runController()
#7 /home/webuser/web/dashboard.masterofjobs.in/public_html/vendor/codeigniter4/framework/system/CodeIgniter.php(366): CodeIgniter\CodeIgniter->handleRequest()
#8 /home/webuser/web/dashboard.masterofjobs.in/public_html/public/index.php(67): CodeIgniter\CodeIgniter->run()
#9 {main}
CRITICAL - 2024-06-21 15:44:35 --> Cannot add or update a child row: a foreign key constraint fails (`webuser_moj`.`working_experiences`, CONSTRAINT `working_experiences_user_id_foreign` FOREIGN KEY (`user_id`) REFERENCES `users` (`id`) ON DELETE CASCADE ON UPDATE CASCADE)
in SYSTEMPATH/Database/MySQLi/Connection.php on line 295.
 1 SYSTEMPATH/Database/MySQLi/Connection.php(295): mysqli->query()
 2 SYSTEMPATH/Database/BaseConnection.php(692): CodeIgniter\Database\MySQLi\Connection->execute()
 3 SYSTEMPATH/Database/BaseConnection.php(606): CodeIgniter\Database\BaseConnection->simpleQuery()
 4 APPPATH/Models/UserModel.php(609): CodeIgniter\Database\BaseConnection->query()
 5 APPPATH/Controllers/Users.php(163): App\Models\UserModel->save_workex()
 6 SYSTEMPATH/CodeIgniter.php(932): App\Controllers\Users->work_ex()
 7 SYSTEMPATH/CodeIgniter.php(497): CodeIgniter\CodeIgniter->runController()
 8 SYSTEMPATH/CodeIgniter.php(366): CodeIgniter\CodeIgniter->handleRequest()
 9 FCPATH/index.php(67): CodeIgniter\CodeIgniter->run()
CRITICAL - 2024-06-21 10:14:36 --> User does not exist for specified user id
in APPPATH/Models/UserModel.php on line 276.
 1 APPPATH/Controllers/Users.php(115): App\Models\UserModel->findUserById()
 2 SYSTEMPATH/CodeIgniter.php(932): App\Controllers\Users->ref_point()
 3 SYSTEMPATH/CodeIgniter.php(497): CodeIgniter\CodeIgniter->runController()
 4 SYSTEMPATH/CodeIgniter.php(366): CodeIgniter\CodeIgniter->handleRequest()
 5 FCPATH/index.php(67): CodeIgniter\CodeIgniter->run()
ERROR - 2024-06-21 15:44:37 --> mysqli_sql_exception: Cannot add or update a child row: a foreign key constraint fails (`webuser_moj`.`working_experiences`, CONSTRAINT `working_experiences_user_id_foreign` FOREIGN KEY (`user_id`) REFERENCES `users` (`id`) ON DELETE CASCADE ON UPDATE CASCADE) in /home/webuser/web/dashboard.masterofjobs.in/public_html/vendor/codeigniter4/framework/system/Database/MySQLi/Connection.php:295
Stack trace:
#0 /home/webuser/web/dashboard.masterofjobs.in/public_html/vendor/codeigniter4/framework/system/Database/MySQLi/Connection.php(295): mysqli->query()
#1 /home/webuser/web/dashboard.masterofjobs.in/public_html/vendor/codeigniter4/framework/system/Database/BaseConnection.php(692): CodeIgniter\Database\MySQLi\Connection->execute()
#2 /home/webuser/web/dashboard.masterofjobs.in/public_html/vendor/codeigniter4/framework/system/Database/BaseConnection.php(606): CodeIgniter\Database\BaseConnection->simpleQuery()
#3 /home/webuser/web/dashboard.masterofjobs.in/public_html/app/Models/UserModel.php(609): CodeIgniter\Database\BaseConnection->query()
#4 /home/webuser/web/dashboard.masterofjobs.in/public_html/app/Controllers/Users.php(163): App\Models\UserModel->save_workex()
#5 /home/webuser/web/dashboard.masterofjobs.in/public_html/vendor/codeigniter4/framework/system/CodeIgniter.php(932): App\Controllers\Users->work_ex()
#6 /home/webuser/web/dashboard.masterofjobs.in/public_html/vendor/codeigniter4/framework/system/CodeIgniter.php(497): CodeIgniter\CodeIgniter->runController()
#7 /home/webuser/web/dashboard.masterofjobs.in/public_html/vendor/codeigniter4/framework/system/CodeIgniter.php(366): CodeIgniter\CodeIgniter->handleRequest()
#8 /home/webuser/web/dashboard.masterofjobs.in/public_html/public/index.php(67): CodeIgniter\CodeIgniter->run()
#9 {main}
CRITICAL - 2024-06-21 15:44:37 --> Cannot add or update a child row: a foreign key constraint fails (`webuser_moj`.`working_experiences`, CONSTRAINT `working_experiences_user_id_foreign` FOREIGN KEY (`user_id`) REFERENCES `users` (`id`) ON DELETE CASCADE ON UPDATE CASCADE)
in SYSTEMPATH/Database/MySQLi/Connection.php on line 295.
 1 SYSTEMPATH/Database/MySQLi/Connection.php(295): mysqli->query()
 2 SYSTEMPATH/Database/BaseConnection.php(692): CodeIgniter\Database\MySQLi\Connection->execute()
 3 SYSTEMPATH/Database/BaseConnection.php(606): CodeIgniter\Database\BaseConnection->simpleQuery()
 4 APPPATH/Models/UserModel.php(609): CodeIgniter\Database\BaseConnection->query()
 5 APPPATH/Controllers/Users.php(163): App\Models\UserModel->save_workex()
 6 SYSTEMPATH/CodeIgniter.php(932): App\Controllers\Users->work_ex()
 7 SYSTEMPATH/CodeIgniter.php(497): CodeIgniter\CodeIgniter->runController()
 8 SYSTEMPATH/CodeIgniter.php(366): CodeIgniter\CodeIgniter->handleRequest()
 9 FCPATH/index.php(67): CodeIgniter\CodeIgniter->run()
CRITICAL - 2024-06-21 10:14:46 --> User does not exist for specified user id
in APPPATH/Models/UserModel.php on line 276.
 1 APPPATH/Controllers/Users.php(115): App\Models\UserModel->findUserById()
 2 SYSTEMPATH/CodeIgniter.php(932): App\Controllers\Users->ref_point()
 3 SYSTEMPATH/CodeIgniter.php(497): CodeIgniter\CodeIgniter->runController()
 4 SYSTEMPATH/CodeIgniter.php(366): CodeIgniter\CodeIgniter->handleRequest()
 5 FCPATH/index.php(67): CodeIgniter\CodeIgniter->run()
CRITICAL - 2024-06-21 10:14:50 --> Trying to access array offset on value of type null
in APPPATH/Models/BasicModel.php on line 216.
 1 APPPATH/Models/BasicModel.php(216): CodeIgniter\Debug\Exceptions->errorHandler()
 2 APPPATH/Models/BasicModel.php(32): App\Models\BasicModel->getUserWorkEmptyFields()
 3 APPPATH/Controllers/Basic.php(16): App\Models\BasicModel->getEmptyFields()
 4 SYSTEMPATH/CodeIgniter.php(932): App\Controllers\Basic->getUserProfileEmptyFields()
 5 SYSTEMPATH/CodeIgniter.php(497): CodeIgniter\CodeIgniter->runController()
 6 SYSTEMPATH/CodeIgniter.php(366): CodeIgniter\CodeIgniter->handleRequest()
 7 FCPATH/index.php(67): CodeIgniter\CodeIgniter->run()
CRITICAL - 2024-06-21 10:14:50 --> User does not exist for specified user id
in APPPATH/Models/UserModel.php on line 276.
 1 APPPATH/Controllers/Users.php(115): App\Models\UserModel->findUserById()
 2 SYSTEMPATH/CodeIgniter.php(932): App\Controllers\Users->ref_point()
 3 SYSTEMPATH/CodeIgniter.php(497): CodeIgniter\CodeIgniter->runController()
 4 SYSTEMPATH/CodeIgniter.php(366): CodeIgniter\CodeIgniter->handleRequest()
 5 FCPATH/index.php(67): CodeIgniter\CodeIgniter->run()
CRITICAL - 2024-06-21 10:14:50 --> Trying to access array offset on value of type null
in APPPATH/Models/BasicModel.php on line 216.
 1 APPPATH/Models/BasicModel.php(216): CodeIgniter\Debug\Exceptions->errorHandler()
 2 APPPATH/Models/BasicModel.php(32): App\Models\BasicModel->getUserWorkEmptyFields()
 3 APPPATH/Controllers/Basic.php(16): App\Models\BasicModel->getEmptyFields()
 4 SYSTEMPATH/CodeIgniter.php(932): App\Controllers\Basic->getUserProfileEmptyFields()
 5 SYSTEMPATH/CodeIgniter.php(497): CodeIgniter\CodeIgniter->runController()
 6 SYSTEMPATH/CodeIgniter.php(366): CodeIgniter\CodeIgniter->handleRequest()
 7 FCPATH/index.php(67): CodeIgniter\CodeIgniter->run()
CRITICAL - 2024-06-21 10:14:50 --> User does not exist for specified user id
in APPPATH/Models/UserModel.php on line 276.
 1 APPPATH/Controllers/Users.php(115): App\Models\UserModel->findUserById()
 2 SYSTEMPATH/CodeIgniter.php(932): App\Controllers\Users->ref_point()
 3 SYSTEMPATH/CodeIgniter.php(497): CodeIgniter\CodeIgniter->runController()
 4 SYSTEMPATH/CodeIgniter.php(366): CodeIgniter\CodeIgniter->handleRequest()
 5 FCPATH/index.php(67): CodeIgniter\CodeIgniter->run()
CRITICAL - 2024-06-21 10:14:56 --> User does not exist for specified user id
in APPPATH/Models/UserModel.php on line 276.
 1 APPPATH/Controllers/Users.php(115): App\Models\UserModel->findUserById()
 2 SYSTEMPATH/CodeIgniter.php(932): App\Controllers\Users->ref_point()
 3 SYSTEMPATH/CodeIgniter.php(497): CodeIgniter\CodeIgniter->runController()
 4 SYSTEMPATH/CodeIgniter.php(366): CodeIgniter\CodeIgniter->handleRequest()
 5 FCPATH/index.php(67): CodeIgniter\CodeIgniter->run()
CRITICAL - 2024-06-21 10:15:04 --> User does not exist for specified user id
in APPPATH/Models/UserModel.php on line 276.
 1 APPPATH/Controllers/Users.php(41): App\Models\UserModel->findUserById()
 2 SYSTEMPATH/CodeIgniter.php(932): App\Controllers\Users->get_user()
 3 SYSTEMPATH/CodeIgniter.php(497): CodeIgniter\CodeIgniter->runController()
 4 SYSTEMPATH/CodeIgniter.php(366): CodeIgniter\CodeIgniter->handleRequest()
 5 FCPATH/index.php(67): CodeIgniter\CodeIgniter->run()
CRITICAL - 2024-06-21 10:15:04 --> User does not exist for specified user id
in APPPATH/Models/UserModel.php on line 276.
 1 APPPATH/Controllers/Users.php(41): App\Models\UserModel->findUserById()
 2 SYSTEMPATH/CodeIgniter.php(932): App\Controllers\Users->get_user()
 3 SYSTEMPATH/CodeIgniter.php(497): CodeIgniter\CodeIgniter->runController()
 4 SYSTEMPATH/CodeIgniter.php(366): CodeIgniter\CodeIgniter->handleRequest()
 5 FCPATH/index.php(67): CodeIgniter\CodeIgniter->run()
CRITICAL - 2024-06-21 10:15:05 --> User does not exist for specified user id
in APPPATH/Models/UserModel.php on line 276.
 1 APPPATH/Controllers/Users.php(41): App\Models\UserModel->findUserById()
 2 SYSTEMPATH/CodeIgniter.php(932): App\Controllers\Users->get_user()
 3 SYSTEMPATH/CodeIgniter.php(497): CodeIgniter\CodeIgniter->runController()
 4 SYSTEMPATH/CodeIgniter.php(366): CodeIgniter\CodeIgniter->handleRequest()
 5 FCPATH/index.php(67): CodeIgniter\CodeIgniter->run()
CRITICAL - 2024-06-21 10:15:05 --> User does not exist for specified user id
in APPPATH/Models/UserModel.php on line 276.
 1 APPPATH/Controllers/Users.php(41): App\Models\UserModel->findUserById()
 2 SYSTEMPATH/CodeIgniter.php(932): App\Controllers\Users->get_user()
 3 SYSTEMPATH/CodeIgniter.php(497): CodeIgniter\CodeIgniter->runController()
 4 SYSTEMPATH/CodeIgniter.php(366): CodeIgniter\CodeIgniter->handleRequest()
 5 FCPATH/index.php(67): CodeIgniter\CodeIgniter->run()
CRITICAL - 2024-06-21 10:15:06 --> User does not exist for specified user id
in APPPATH/Models/UserModel.php on line 276.
 1 APPPATH/Controllers/Users.php(115): App\Models\UserModel->findUserById()
 2 SYSTEMPATH/CodeIgniter.php(932): App\Controllers\Users->ref_point()
 3 SYSTEMPATH/CodeIgniter.php(497): CodeIgniter\CodeIgniter->runController()
 4 SYSTEMPATH/CodeIgniter.php(366): CodeIgniter\CodeIgniter->handleRequest()
 5 FCPATH/index.php(67): CodeIgniter\CodeIgniter->run()
CRITICAL - 2024-06-21 10:15:16 --> User does not exist for specified user id
in APPPATH/Models/UserModel.php on line 276.
 1 APPPATH/Controllers/Users.php(115): App\Models\UserModel->findUserById()
 2 SYSTEMPATH/CodeIgniter.php(932): App\Controllers\Users->ref_point()
 3 SYSTEMPATH/CodeIgniter.php(497): CodeIgniter\CodeIgniter->runController()
 4 SYSTEMPATH/CodeIgniter.php(366): CodeIgniter\CodeIgniter->handleRequest()
 5 FCPATH/index.php(67): CodeIgniter\CodeIgniter->run()
CRITICAL - 2024-06-21 10:15:26 --> User does not exist for specified user id
in APPPATH/Models/UserModel.php on line 276.
 1 APPPATH/Controllers/Users.php(115): App\Models\UserModel->findUserById()
 2 SYSTEMPATH/CodeIgniter.php(932): App\Controllers\Users->ref_point()
 3 SYSTEMPATH/CodeIgniter.php(497): CodeIgniter\CodeIgniter->runController()
 4 SYSTEMPATH/CodeIgniter.php(366): CodeIgniter\CodeIgniter->handleRequest()
 5 FCPATH/index.php(67): CodeIgniter\CodeIgniter->run()
CRITICAL - 2024-06-21 10:15:36 --> User does not exist for specified user id
in APPPATH/Models/UserModel.php on line 276.
 1 APPPATH/Controllers/Users.php(115): App\Models\UserModel->findUserById()
 2 SYSTEMPATH/CodeIgniter.php(932): App\Controllers\Users->ref_point()
 3 SYSTEMPATH/CodeIgniter.php(497): CodeIgniter\CodeIgniter->runController()
 4 SYSTEMPATH/CodeIgniter.php(366): CodeIgniter\CodeIgniter->handleRequest()
 5 FCPATH/index.php(67): CodeIgniter\CodeIgniter->run()
CRITICAL - 2024-06-21 10:15:46 --> User does not exist for specified user id
in APPPATH/Models/UserModel.php on line 276.
 1 APPPATH/Controllers/Users.php(115): App\Models\UserModel->findUserById()
 2 SYSTEMPATH/CodeIgniter.php(932): App\Controllers\Users->ref_point()
 3 SYSTEMPATH/CodeIgniter.php(497): CodeIgniter\CodeIgniter->runController()
 4 SYSTEMPATH/CodeIgniter.php(366): CodeIgniter\CodeIgniter->handleRequest()
 5 FCPATH/index.php(67): CodeIgniter\CodeIgniter->run()
CRITICAL - 2024-06-21 10:15:56 --> User does not exist for specified user id
in APPPATH/Models/UserModel.php on line 276.
 1 APPPATH/Controllers/Users.php(115): App\Models\UserModel->findUserById()
 2 SYSTEMPATH/CodeIgniter.php(932): App\Controllers\Users->ref_point()
 3 SYSTEMPATH/CodeIgniter.php(497): CodeIgniter\CodeIgniter->runController()
 4 SYSTEMPATH/CodeIgniter.php(366): CodeIgniter\CodeIgniter->handleRequest()
 5 FCPATH/index.php(67): CodeIgniter\CodeIgniter->run()
CRITICAL - 2024-06-21 10:16:06 --> User does not exist for specified user id
in APPPATH/Models/UserModel.php on line 276.
 1 APPPATH/Controllers/Users.php(115): App\Models\UserModel->findUserById()
 2 SYSTEMPATH/CodeIgniter.php(932): App\Controllers\Users->ref_point()
 3 SYSTEMPATH/CodeIgniter.php(497): CodeIgniter\CodeIgniter->runController()
 4 SYSTEMPATH/CodeIgniter.php(366): CodeIgniter\CodeIgniter->handleRequest()
 5 FCPATH/index.php(67): CodeIgniter\CodeIgniter->run()
CRITICAL - 2024-06-21 10:16:16 --> User does not exist for specified user id
in APPPATH/Models/UserModel.php on line 276.
 1 APPPATH/Controllers/Users.php(115): App\Models\UserModel->findUserById()
 2 SYSTEMPATH/CodeIgniter.php(932): App\Controllers\Users->ref_point()
 3 SYSTEMPATH/CodeIgniter.php(497): CodeIgniter\CodeIgniter->runController()
 4 SYSTEMPATH/CodeIgniter.php(366): CodeIgniter\CodeIgniter->handleRequest()
 5 FCPATH/index.php(67): CodeIgniter\CodeIgniter->run()
CRITICAL - 2024-06-21 10:16:26 --> User does not exist for specified user id
in APPPATH/Models/UserModel.php on line 276.
 1 APPPATH/Controllers/Users.php(115): App\Models\UserModel->findUserById()
 2 SYSTEMPATH/CodeIgniter.php(932): App\Controllers\Users->ref_point()
 3 SYSTEMPATH/CodeIgniter.php(497): CodeIgniter\CodeIgniter->runController()
 4 SYSTEMPATH/CodeIgniter.php(366): CodeIgniter\CodeIgniter->handleRequest()
 5 FCPATH/index.php(67): CodeIgniter\CodeIgniter->run()
CRITICAL - 2024-06-21 10:16:36 --> User does not exist for specified user id
in APPPATH/Models/UserModel.php on line 276.
 1 APPPATH/Controllers/Users.php(115): App\Models\UserModel->findUserById()
 2 SYSTEMPATH/CodeIgniter.php(932): App\Controllers\Users->ref_point()
 3 SYSTEMPATH/CodeIgniter.php(497): CodeIgniter\CodeIgniter->runController()
 4 SYSTEMPATH/CodeIgniter.php(366): CodeIgniter\CodeIgniter->handleRequest()
 5 FCPATH/index.php(67): CodeIgniter\CodeIgniter->run()
CRITICAL - 2024-06-21 10:16:46 --> User does not exist for specified user id
in APPPATH/Models/UserModel.php on line 276.
 1 APPPATH/Controllers/Users.php(115): App\Models\UserModel->findUserById()
 2 SYSTEMPATH/CodeIgniter.php(932): App\Controllers\Users->ref_point()
 3 SYSTEMPATH/CodeIgniter.php(497): CodeIgniter\CodeIgniter->runController()
 4 SYSTEMPATH/CodeIgniter.php(366): CodeIgniter\CodeIgniter->handleRequest()
 5 FCPATH/index.php(67): CodeIgniter\CodeIgniter->run()
CRITICAL - 2024-06-21 10:16:56 --> User does not exist for specified user id
in APPPATH/Models/UserModel.php on line 276.
 1 APPPATH/Controllers/Users.php(115): App\Models\UserModel->findUserById()
 2 SYSTEMPATH/CodeIgniter.php(932): App\Controllers\Users->ref_point()
 3 SYSTEMPATH/CodeIgniter.php(497): CodeIgniter\CodeIgniter->runController()
 4 SYSTEMPATH/CodeIgniter.php(366): CodeIgniter\CodeIgniter->handleRequest()
 5 FCPATH/index.php(67): CodeIgniter\CodeIgniter->run()
ERROR - 2024-06-21 15:47:00 --> mysqli_sql_exception: Cannot add or update a child row: a foreign key constraint fails (`webuser_moj`.`job_pref_user`, CONSTRAINT `job_pref_user_user_id_foreign` FOREIGN KEY (`user_id`) REFERENCES `users` (`id`) ON DELETE CASCADE ON UPDATE CASCADE) in /home/webuser/web/dashboard.masterofjobs.in/public_html/vendor/codeigniter4/framework/system/Database/MySQLi/Connection.php:295
Stack trace:
#0 /home/webuser/web/dashboard.masterofjobs.in/public_html/vendor/codeigniter4/framework/system/Database/MySQLi/Connection.php(295): mysqli->query()
#1 /home/webuser/web/dashboard.masterofjobs.in/public_html/vendor/codeigniter4/framework/system/Database/BaseConnection.php(692): CodeIgniter\Database\MySQLi\Connection->execute()
#2 /home/webuser/web/dashboard.masterofjobs.in/public_html/vendor/codeigniter4/framework/system/Database/BaseConnection.php(606): CodeIgniter\Database\BaseConnection->simpleQuery()
#3 /home/webuser/web/dashboard.masterofjobs.in/public_html/app/Models/Job_prefModel.php(294): CodeIgniter\Database\BaseConnection->query()
#4 /home/webuser/web/dashboard.masterofjobs.in/public_html/app/Controllers/Job_pref.php(206): App\Models\Job_prefModel->user_save()
#5 /home/webuser/web/dashboard.masterofjobs.in/public_html/vendor/codeigniter4/framework/system/CodeIgniter.php(932): App\Controllers\Job_pref->user_save()
#6 /home/webuser/web/dashboard.masterofjobs.in/public_html/vendor/codeigniter4/framework/system/CodeIgniter.php(497): CodeIgniter\CodeIgniter->runController()
#7 /home/webuser/web/dashboard.masterofjobs.in/public_html/vendor/codeigniter4/framework/system/CodeIgniter.php(366): CodeIgniter\CodeIgniter->handleRequest()
#8 /home/webuser/web/dashboard.masterofjobs.in/public_html/public/index.php(67): CodeIgniter\CodeIgniter->run()
#9 {main}
CRITICAL - 2024-06-21 15:47:00 --> Cannot add or update a child row: a foreign key constraint fails (`webuser_moj`.`job_pref_user`, CONSTRAINT `job_pref_user_user_id_foreign` FOREIGN KEY (`user_id`) REFERENCES `users` (`id`) ON DELETE CASCADE ON UPDATE CASCADE)
in SYSTEMPATH/Database/MySQLi/Connection.php on line 295.
 1 SYSTEMPATH/Database/MySQLi/Connection.php(295): mysqli->query()
 2 SYSTEMPATH/Database/BaseConnection.php(692): CodeIgniter\Database\MySQLi\Connection->execute()
 3 SYSTEMPATH/Database/BaseConnection.php(606): CodeIgniter\Database\BaseConnection->simpleQuery()
 4 APPPATH/Models/Job_prefModel.php(294): CodeIgniter\Database\BaseConnection->query()
 5 APPPATH/Controllers/Job_pref.php(206): App\Models\Job_prefModel->user_save()
 6 SYSTEMPATH/CodeIgniter.php(932): App\Controllers\Job_pref->user_save()
 7 SYSTEMPATH/CodeIgniter.php(497): CodeIgniter\CodeIgniter->runController()
 8 SYSTEMPATH/CodeIgniter.php(366): CodeIgniter\CodeIgniter->handleRequest()
 9 FCPATH/index.php(67): CodeIgniter\CodeIgniter->run()
CRITICAL - 2024-06-21 10:17:06 --> User does not exist for specified user id
in APPPATH/Models/UserModel.php on line 276.
 1 APPPATH/Controllers/Users.php(115): App\Models\UserModel->findUserById()
 2 SYSTEMPATH/CodeIgniter.php(932): App\Controllers\Users->ref_point()
 3 SYSTEMPATH/CodeIgniter.php(497): CodeIgniter\CodeIgniter->runController()
 4 SYSTEMPATH/CodeIgniter.php(366): CodeIgniter\CodeIgniter->handleRequest()
 5 FCPATH/index.php(67): CodeIgniter\CodeIgniter->run()
CRITICAL - 2024-06-21 10:17:16 --> User does not exist for specified user id
in APPPATH/Models/UserModel.php on line 276.
 1 APPPATH/Controllers/Users.php(115): App\Models\UserModel->findUserById()
 2 SYSTEMPATH/CodeIgniter.php(932): App\Controllers\Users->ref_point()
 3 SYSTEMPATH/CodeIgniter.php(497): CodeIgniter\CodeIgniter->runController()
 4 SYSTEMPATH/CodeIgniter.php(366): CodeIgniter\CodeIgniter->handleRequest()
 5 FCPATH/index.php(67): CodeIgniter\CodeIgniter->run()
CRITICAL - 2024-06-21 10:17:26 --> User does not exist for specified user id
in APPPATH/Models/UserModel.php on line 276.
 1 APPPATH/Controllers/Users.php(115): App\Models\UserModel->findUserById()
 2 SYSTEMPATH/CodeIgniter.php(932): App\Controllers\Users->ref_point()
 3 SYSTEMPATH/CodeIgniter.php(497): CodeIgniter\CodeIgniter->runController()
 4 SYSTEMPATH/CodeIgniter.php(366): CodeIgniter\CodeIgniter->handleRequest()
 5 FCPATH/index.php(67): CodeIgniter\CodeIgniter->run()
CRITICAL - 2024-06-21 10:17:36 --> User does not exist for specified user id
in APPPATH/Models/UserModel.php on line 276.
 1 APPPATH/Controllers/Users.php(115): App\Models\UserModel->findUserById()
 2 SYSTEMPATH/CodeIgniter.php(932): App\Controllers\Users->ref_point()
 3 SYSTEMPATH/CodeIgniter.php(497): CodeIgniter\CodeIgniter->runController()
 4 SYSTEMPATH/CodeIgniter.php(366): CodeIgniter\CodeIgniter->handleRequest()
 5 FCPATH/index.php(67): CodeIgniter\CodeIgniter->run()
CRITICAL - 2024-06-21 10:17:46 --> User does not exist for specified user id
in APPPATH/Models/UserModel.php on line 276.
 1 APPPATH/Controllers/Users.php(115): App\Models\UserModel->findUserById()
 2 SYSTEMPATH/CodeIgniter.php(932): App\Controllers\Users->ref_point()
 3 SYSTEMPATH/CodeIgniter.php(497): CodeIgniter\CodeIgniter->runController()
 4 SYSTEMPATH/CodeIgniter.php(366): CodeIgniter\CodeIgniter->handleRequest()
 5 FCPATH/index.php(67): CodeIgniter\CodeIgniter->run()
CRITICAL - 2024-06-21 10:17:56 --> User does not exist for specified user id
in APPPATH/Models/UserModel.php on line 276.
 1 APPPATH/Controllers/Users.php(115): App\Models\UserModel->findUserById()
 2 SYSTEMPATH/CodeIgniter.php(932): App\Controllers\Users->ref_point()
 3 SYSTEMPATH/CodeIgniter.php(497): CodeIgniter\CodeIgniter->runController()
 4 SYSTEMPATH/CodeIgniter.php(366): CodeIgniter\CodeIgniter->handleRequest()
 5 FCPATH/index.php(67): CodeIgniter\CodeIgniter->run()
CRITICAL - 2024-06-21 10:18:06 --> User does not exist for specified user id
in APPPATH/Models/UserModel.php on line 276.
 1 APPPATH/Controllers/Users.php(115): App\Models\UserModel->findUserById()
 2 SYSTEMPATH/CodeIgniter.php(932): App\Controllers\Users->ref_point()
 3 SYSTEMPATH/CodeIgniter.php(497): CodeIgniter\CodeIgniter->runController()
 4 SYSTEMPATH/CodeIgniter.php(366): CodeIgniter\CodeIgniter->handleRequest()
 5 FCPATH/index.php(67): CodeIgniter\CodeIgniter->run()
CRITICAL - 2024-06-21 10:18:06 --> User does not exist for specified user id
in APPPATH/Models/UserModel.php on line 276.
 1 APPPATH/Controllers/Users.php(115): App\Models\UserModel->findUserById()
 2 SYSTEMPATH/CodeIgniter.php(932): App\Controllers\Users->ref_point()
 3 SYSTEMPATH/CodeIgniter.php(497): CodeIgniter\CodeIgniter->runController()
 4 SYSTEMPATH/CodeIgniter.php(366): CodeIgniter\CodeIgniter->handleRequest()
 5 FCPATH/index.php(67): CodeIgniter\CodeIgniter->run()
CRITICAL - 2024-06-21 10:18:06 --> User does not exist for specified user id
in APPPATH/Models/UserModel.php on line 276.
 1 APPPATH/Controllers/Users.php(115): App\Models\UserModel->findUserById()
 2 SYSTEMPATH/CodeIgniter.php(932): App\Controllers\Users->ref_point()
 3 SYSTEMPATH/CodeIgniter.php(497): CodeIgniter\CodeIgniter->runController()
 4 SYSTEMPATH/CodeIgniter.php(366): CodeIgniter\CodeIgniter->handleRequest()
 5 FCPATH/index.php(67): CodeIgniter\CodeIgniter->run()
CRITICAL - 2024-06-21 10:18:07 --> Trying to access array offset on value of type null
in APPPATH/Models/BasicModel.php on line 216.
 1 APPPATH/Models/BasicModel.php(216): CodeIgniter\Debug\Exceptions->errorHandler()
 2 APPPATH/Models/BasicModel.php(32): App\Models\BasicModel->getUserWorkEmptyFields()
 3 APPPATH/Controllers/Basic.php(16): App\Models\BasicModel->getEmptyFields()
 4 SYSTEMPATH/CodeIgniter.php(932): App\Controllers\Basic->getUserProfileEmptyFields()
 5 SYSTEMPATH/CodeIgniter.php(497): CodeIgniter\CodeIgniter->runController()
 6 SYSTEMPATH/CodeIgniter.php(366): CodeIgniter\CodeIgniter->handleRequest()
 7 FCPATH/index.php(67): CodeIgniter\CodeIgniter->run()
CRITICAL - 2024-06-21 10:18:07 --> Trying to access array offset on value of type null
in APPPATH/Models/BasicModel.php on line 216.
 1 APPPATH/Models/BasicModel.php(216): CodeIgniter\Debug\Exceptions->errorHandler()
 2 APPPATH/Models/BasicModel.php(32): App\Models\BasicModel->getUserWorkEmptyFields()
 3 APPPATH/Controllers/Basic.php(16): App\Models\BasicModel->getEmptyFields()
 4 SYSTEMPATH/CodeIgniter.php(932): App\Controllers\Basic->getUserProfileEmptyFields()
 5 SYSTEMPATH/CodeIgniter.php(497): CodeIgniter\CodeIgniter->runController()
 6 SYSTEMPATH/CodeIgniter.php(366): CodeIgniter\CodeIgniter->handleRequest()
 7 FCPATH/index.php(67): CodeIgniter\CodeIgniter->run()
CRITICAL - 2024-06-21 10:18:16 --> User does not exist for specified user id
in APPPATH/Models/UserModel.php on line 276.
 1 APPPATH/Controllers/Users.php(115): App\Models\UserModel->findUserById()
 2 SYSTEMPATH/CodeIgniter.php(932): App\Controllers\Users->ref_point()
 3 SYSTEMPATH/CodeIgniter.php(497): CodeIgniter\CodeIgniter->runController()
 4 SYSTEMPATH/CodeIgniter.php(366): CodeIgniter\CodeIgniter->handleRequest()
 5 FCPATH/index.php(67): CodeIgniter\CodeIgniter->run()
CRITICAL - 2024-06-21 10:18:26 --> User does not exist for specified user id
in APPPATH/Models/UserModel.php on line 276.
 1 APPPATH/Controllers/Users.php(115): App\Models\UserModel->findUserById()
 2 SYSTEMPATH/CodeIgniter.php(932): App\Controllers\Users->ref_point()
 3 SYSTEMPATH/CodeIgniter.php(497): CodeIgniter\CodeIgniter->runController()
 4 SYSTEMPATH/CodeIgniter.php(366): CodeIgniter\CodeIgniter->handleRequest()
 5 FCPATH/index.php(67): CodeIgniter\CodeIgniter->run()
CRITICAL - 2024-06-21 10:18:36 --> User does not exist for specified user id
in APPPATH/Models/UserModel.php on line 276.
 1 APPPATH/Controllers/Users.php(115): App\Models\UserModel->findUserById()
 2 SYSTEMPATH/CodeIgniter.php(932): App\Controllers\Users->ref_point()
 3 SYSTEMPATH/CodeIgniter.php(497): CodeIgniter\CodeIgniter->runController()
 4 SYSTEMPATH/CodeIgniter.php(366): CodeIgniter\CodeIgniter->handleRequest()
 5 FCPATH/index.php(67): CodeIgniter\CodeIgniter->run()
CRITICAL - 2024-06-21 10:18:46 --> User does not exist for specified user id
in APPPATH/Models/UserModel.php on line 276.
 1 APPPATH/Controllers/Users.php(115): App\Models\UserModel->findUserById()
 2 SYSTEMPATH/CodeIgniter.php(932): App\Controllers\Users->ref_point()
 3 SYSTEMPATH/CodeIgniter.php(497): CodeIgniter\CodeIgniter->runController()
 4 SYSTEMPATH/CodeIgniter.php(366): CodeIgniter\CodeIgniter->handleRequest()
 5 FCPATH/index.php(67): CodeIgniter\CodeIgniter->run()
CRITICAL - 2024-06-21 10:19:27 --> User does not exist for specified user id
in APPPATH/Models/UserModel.php on line 276.
 1 APPPATH/Controllers/Users.php(41): App\Models\UserModel->findUserById()
 2 SYSTEMPATH/CodeIgniter.php(932): App\Controllers\Users->get_user()
 3 SYSTEMPATH/CodeIgniter.php(497): CodeIgniter\CodeIgniter->runController()
 4 SYSTEMPATH/CodeIgniter.php(366): CodeIgniter\CodeIgniter->handleRequest()
 5 FCPATH/index.php(67): CodeIgniter\CodeIgniter->run()
CRITICAL - 2024-06-21 10:19:28 --> User does not exist for specified user id
in APPPATH/Models/UserModel.php on line 276.
 1 APPPATH/Controllers/Users.php(41): App\Models\UserModel->findUserById()
 2 SYSTEMPATH/CodeIgniter.php(932): App\Controllers\Users->get_user()
 3 SYSTEMPATH/CodeIgniter.php(497): CodeIgniter\CodeIgniter->runController()
 4 SYSTEMPATH/CodeIgniter.php(366): CodeIgniter\CodeIgniter->handleRequest()
 5 FCPATH/index.php(67): CodeIgniter\CodeIgniter->run()
CRITICAL - 2024-06-21 10:19:28 --> User does not exist for specified user id
in APPPATH/Models/UserModel.php on line 276.
 1 APPPATH/Controllers/Users.php(41): App\Models\UserModel->findUserById()
 2 SYSTEMPATH/CodeIgniter.php(932): App\Controllers\Users->get_user()
 3 SYSTEMPATH/CodeIgniter.php(497): CodeIgniter\CodeIgniter->runController()
 4 SYSTEMPATH/CodeIgniter.php(366): CodeIgniter\CodeIgniter->handleRequest()
 5 FCPATH/index.php(67): CodeIgniter\CodeIgniter->run()
CRITICAL - 2024-06-21 10:19:29 --> User does not exist for specified user id
in APPPATH/Models/UserModel.php on line 276.
 1 APPPATH/Controllers/Users.php(41): App\Models\UserModel->findUserById()
 2 SYSTEMPATH/CodeIgniter.php(932): App\Controllers\Users->get_user()
 3 SYSTEMPATH/CodeIgniter.php(497): CodeIgniter\CodeIgniter->runController()
 4 SYSTEMPATH/CodeIgniter.php(366): CodeIgniter\CodeIgniter->handleRequest()
 5 FCPATH/index.php(67): CodeIgniter\CodeIgniter->run()
CRITICAL - 2024-06-21 10:19:30 --> User does not exist for specified user id
in APPPATH/Models/UserModel.php on line 276.
 1 APPPATH/Controllers/Users.php(41): App\Models\UserModel->findUserById()
 2 SYSTEMPATH/CodeIgniter.php(932): App\Controllers\Users->get_user()
 3 SYSTEMPATH/CodeIgniter.php(497): CodeIgniter\CodeIgniter->runController()
 4 SYSTEMPATH/CodeIgniter.php(366): CodeIgniter\CodeIgniter->handleRequest()
 5 FCPATH/index.php(67): CodeIgniter\CodeIgniter->run()
CRITICAL - 2024-06-21 10:19:30 --> User does not exist for specified user id
in APPPATH/Models/UserModel.php on line 276.
 1 APPPATH/Controllers/Users.php(41): App\Models\UserModel->findUserById()
 2 SYSTEMPATH/CodeIgniter.php(932): App\Controllers\Users->get_user()
 3 SYSTEMPATH/CodeIgniter.php(497): CodeIgniter\CodeIgniter->runController()
 4 SYSTEMPATH/CodeIgniter.php(366): CodeIgniter\CodeIgniter->handleRequest()
 5 FCPATH/index.php(67): CodeIgniter\CodeIgniter->run()
CRITICAL - 2024-06-21 10:22:22 --> Trying to access array offset on value of type null
in APPPATH/Models/BasicModel.php on line 216.
 1 APPPATH/Models/BasicModel.php(216): CodeIgniter\Debug\Exceptions->errorHandler()
 2 APPPATH/Models/BasicModel.php(32): App\Models\BasicModel->getUserWorkEmptyFields()
 3 APPPATH/Controllers/Basic.php(16): App\Models\BasicModel->getEmptyFields()
 4 SYSTEMPATH/CodeIgniter.php(932): App\Controllers\Basic->getUserProfileEmptyFields()
 5 SYSTEMPATH/CodeIgniter.php(497): CodeIgniter\CodeIgniter->runController()
 6 SYSTEMPATH/CodeIgniter.php(366): CodeIgniter\CodeIgniter->handleRequest()
 7 FCPATH/index.php(67): CodeIgniter\CodeIgniter->run()
CRITICAL - 2024-06-21 10:22:22 --> User does not exist for specified user id
in APPPATH/Models/UserModel.php on line 276.
 1 APPPATH/Controllers/Users.php(115): App\Models\UserModel->findUserById()
 2 SYSTEMPATH/CodeIgniter.php(932): App\Controllers\Users->ref_point()
 3 SYSTEMPATH/CodeIgniter.php(497): CodeIgniter\CodeIgniter->runController()
 4 SYSTEMPATH/CodeIgniter.php(366): CodeIgniter\CodeIgniter->handleRequest()
 5 FCPATH/index.php(67): CodeIgniter\CodeIgniter->run()
CRITICAL - 2024-06-21 10:22:22 --> User does not exist for specified user id
in APPPATH/Models/UserModel.php on line 276.
 1 APPPATH/Controllers/Users.php(115): App\Models\UserModel->findUserById()
 2 SYSTEMPATH/CodeIgniter.php(932): App\Controllers\Users->ref_point()
 3 SYSTEMPATH/CodeIgniter.php(497): CodeIgniter\CodeIgniter->runController()
 4 SYSTEMPATH/CodeIgniter.php(366): CodeIgniter\CodeIgniter->handleRequest()
 5 FCPATH/index.php(67): CodeIgniter\CodeIgniter->run()
CRITICAL - 2024-06-21 10:22:22 --> Trying to access array offset on value of type null
in APPPATH/Models/BasicModel.php on line 216.
 1 APPPATH/Models/BasicModel.php(216): CodeIgniter\Debug\Exceptions->errorHandler()
 2 APPPATH/Models/BasicModel.php(32): App\Models\BasicModel->getUserWorkEmptyFields()
 3 APPPATH/Controllers/Basic.php(16): App\Models\BasicModel->getEmptyFields()
 4 SYSTEMPATH/CodeIgniter.php(932): App\Controllers\Basic->getUserProfileEmptyFields()
 5 SYSTEMPATH/CodeIgniter.php(497): CodeIgniter\CodeIgniter->runController()
 6 SYSTEMPATH/CodeIgniter.php(366): CodeIgniter\CodeIgniter->handleRequest()
 7 FCPATH/index.php(67): CodeIgniter\CodeIgniter->run()
CRITICAL - 2024-06-21 11:21:17 --> Undefined array key "point"
in APPPATH/Models/UserModel.php on line 404.
 1 APPPATH/Models/UserModel.php(404): CodeIgniter\Debug\Exceptions->errorHandler()
 2 APPPATH/Controllers/Users.php(112): App\Models\UserModel->update_ref()
 3 SYSTEMPATH/CodeIgniter.php(932): App\Controllers\Users->ref_update()
 4 SYSTEMPATH/CodeIgniter.php(497): CodeIgniter\CodeIgniter->runController()
 5 SYSTEMPATH/CodeIgniter.php(366): CodeIgniter\CodeIgniter->handleRequest()
 6 FCPATH/index.php(67): CodeIgniter\CodeIgniter->run()
CRITICAL - 2024-06-21 11:21:28 --> Undefined array key "point"
in APPPATH/Models/UserModel.php on line 404.
 1 APPPATH/Models/UserModel.php(404): CodeIgniter\Debug\Exceptions->errorHandler()
 2 APPPATH/Controllers/Users.php(112): App\Models\UserModel->update_ref()
 3 SYSTEMPATH/CodeIgniter.php(932): App\Controllers\Users->ref_update()
 4 SYSTEMPATH/CodeIgniter.php(497): CodeIgniter\CodeIgniter->runController()
 5 SYSTEMPATH/CodeIgniter.php(366): CodeIgniter\CodeIgniter->handleRequest()
 6 FCPATH/index.php(67): CodeIgniter\CodeIgniter->run()
CRITICAL - 2024-06-21 11:22:02 --> Undefined array key "point"
in APPPATH/Models/UserModel.php on line 404.
 1 APPPATH/Models/UserModel.php(404): CodeIgniter\Debug\Exceptions->errorHandler()
 2 APPPATH/Controllers/Users.php(112): App\Models\UserModel->update_ref()
 3 SYSTEMPATH/CodeIgniter.php(932): App\Controllers\Users->ref_update()
 4 SYSTEMPATH/CodeIgniter.php(497): CodeIgniter\CodeIgniter->runController()
 5 SYSTEMPATH/CodeIgniter.php(366): CodeIgniter\CodeIgniter->handleRequest()
 6 FCPATH/index.php(67): CodeIgniter\CodeIgniter->run()
CRITICAL - 2024-06-21 11:22:26 --> Undefined array key "point"
in APPPATH/Models/UserModel.php on line 404.
 1 APPPATH/Models/UserModel.php(404): CodeIgniter\Debug\Exceptions->errorHandler()
 2 APPPATH/Controllers/Users.php(112): App\Models\UserModel->update_ref()
 3 SYSTEMPATH/CodeIgniter.php(932): App\Controllers\Users->ref_update()
 4 SYSTEMPATH/CodeIgniter.php(497): CodeIgniter\CodeIgniter->runController()
 5 SYSTEMPATH/CodeIgniter.php(366): CodeIgniter\CodeIgniter->handleRequest()
 6 FCPATH/index.php(67): CodeIgniter\CodeIgniter->run()
CRITICAL - 2024-06-21 11:22:33 --> Undefined array key "point"
in APPPATH/Controllers/Users.php on line 109.
 1 APPPATH/Controllers/Users.php(109): CodeIgniter\Debug\Exceptions->errorHandler()
 2 SYSTEMPATH/CodeIgniter.php(932): App\Controllers\Users->ref_update()
 3 SYSTEMPATH/CodeIgniter.php(497): CodeIgniter\CodeIgniter->runController()
 4 SYSTEMPATH/CodeIgniter.php(366): CodeIgniter\CodeIgniter->handleRequest()
 5 FCPATH/index.php(67): CodeIgniter\CodeIgniter->run()
CRITICAL - 2024-06-21 15:23:52 --> Trying to access array offset on value of type null
in APPPATH/Models/BasicModel.php on line 216.
 1 APPPATH/Models/BasicModel.php(216): CodeIgniter\Debug\Exceptions->errorHandler()
 2 APPPATH/Models/BasicModel.php(32): App\Models\BasicModel->getUserWorkEmptyFields()
 3 APPPATH/Controllers/Basic.php(16): App\Models\BasicModel->getEmptyFields()
 4 SYSTEMPATH/CodeIgniter.php(932): App\Controllers\Basic->getUserProfileEmptyFields()
 5 SYSTEMPATH/CodeIgniter.php(497): CodeIgniter\CodeIgniter->runController()
 6 SYSTEMPATH/CodeIgniter.php(366): CodeIgniter\CodeIgniter->handleRequest()
 7 FCPATH/index.php(67): CodeIgniter\CodeIgniter->run()
CRITICAL - 2024-06-21 15:23:52 --> User does not exist for specified user id
in APPPATH/Models/UserModel.php on line 276.
 1 APPPATH/Controllers/Users.php(140): App\Models\UserModel->findUserById()
 2 SYSTEMPATH/CodeIgniter.php(932): App\Controllers\Users->ref_point()
 3 SYSTEMPATH/CodeIgniter.php(497): CodeIgniter\CodeIgniter->runController()
 4 SYSTEMPATH/CodeIgniter.php(366): CodeIgniter\CodeIgniter->handleRequest()
 5 FCPATH/index.php(67): CodeIgniter\CodeIgniter->run()
CRITICAL - 2024-06-21 17:06:04 --> User does not exist for specified user id
in APPPATH/Models/UserModel.php on line 276.
 1 APPPATH/Controllers/Users.php(140): App\Models\UserModel->findUserById()
 2 SYSTEMPATH/CodeIgniter.php(932): App\Controllers\Users->ref_point()
 3 SYSTEMPATH/CodeIgniter.php(497): CodeIgniter\CodeIgniter->runController()
 4 SYSTEMPATH/CodeIgniter.php(366): CodeIgniter\CodeIgniter->handleRequest()
 5 FCPATH/index.php(67): CodeIgniter\CodeIgniter->run()
CRITICAL - 2024-06-21 17:06:04 --> Trying to access array offset on value of type null
in APPPATH/Models/BasicModel.php on line 216.
 1 APPPATH/Models/BasicModel.php(216): CodeIgniter\Debug\Exceptions->errorHandler()
 2 APPPATH/Models/BasicModel.php(32): App\Models\BasicModel->getUserWorkEmptyFields()
 3 APPPATH/Controllers/Basic.php(16): App\Models\BasicModel->getEmptyFields()
 4 SYSTEMPATH/CodeIgniter.php(932): App\Controllers\Basic->getUserProfileEmptyFields()
 5 SYSTEMPATH/CodeIgniter.php(497): CodeIgniter\CodeIgniter->runController()
 6 SYSTEMPATH/CodeIgniter.php(366): CodeIgniter\CodeIgniter->handleRequest()
 7 FCPATH/index.php(67): CodeIgniter\CodeIgniter->run()
CRITICAL - 2024-06-21 17:07:13 --> User does not exist for specified user id
in APPPATH/Models/UserModel.php on line 276.
 1 APPPATH/Controllers/Users.php(140): App\Models\UserModel->findUserById()
 2 SYSTEMPATH/CodeIgniter.php(932): App\Controllers\Users->ref_point()
 3 SYSTEMPATH/CodeIgniter.php(497): CodeIgniter\CodeIgniter->runController()
 4 SYSTEMPATH/CodeIgniter.php(366): CodeIgniter\CodeIgniter->handleRequest()
 5 FCPATH/index.php(67): CodeIgniter\CodeIgniter->run()
CRITICAL - 2024-06-21 17:07:13 --> Trying to access array offset on value of type null
in APPPATH/Models/BasicModel.php on line 216.
 1 APPPATH/Models/BasicModel.php(216): CodeIgniter\Debug\Exceptions->errorHandler()
 2 APPPATH/Models/BasicModel.php(32): App\Models\BasicModel->getUserWorkEmptyFields()
 3 APPPATH/Controllers/Basic.php(16): App\Models\BasicModel->getEmptyFields()
 4 SYSTEMPATH/CodeIgniter.php(932): App\Controllers\Basic->getUserProfileEmptyFields()
 5 SYSTEMPATH/CodeIgniter.php(497): CodeIgniter\CodeIgniter->runController()
 6 SYSTEMPATH/CodeIgniter.php(366): CodeIgniter\CodeIgniter->handleRequest()
 7 FCPATH/index.php(67): CodeIgniter\CodeIgniter->run()
CRITICAL - 2024-06-21 17:19:11 --> User does not exist for specified user id
in APPPATH/Models/UserModel.php on line 276.
 1 APPPATH/Controllers/Users.php(140): App\Models\UserModel->findUserById()
 2 SYSTEMPATH/CodeIgniter.php(932): App\Controllers\Users->ref_point()
 3 SYSTEMPATH/CodeIgniter.php(497): CodeIgniter\CodeIgniter->runController()
 4 SYSTEMPATH/CodeIgniter.php(366): CodeIgniter\CodeIgniter->handleRequest()
 5 FCPATH/index.php(67): CodeIgniter\CodeIgniter->run()
CRITICAL - 2024-06-21 17:19:11 --> Trying to access array offset on value of type null
in APPPATH/Models/BasicModel.php on line 216.
 1 APPPATH/Models/BasicModel.php(216): CodeIgniter\Debug\Exceptions->errorHandler()
 2 APPPATH/Models/BasicModel.php(32): App\Models\BasicModel->getUserWorkEmptyFields()
 3 APPPATH/Controllers/Basic.php(16): App\Models\BasicModel->getEmptyFields()
 4 SYSTEMPATH/CodeIgniter.php(932): App\Controllers\Basic->getUserProfileEmptyFields()
 5 SYSTEMPATH/CodeIgniter.php(497): CodeIgniter\CodeIgniter->runController()
 6 SYSTEMPATH/CodeIgniter.php(366): CodeIgniter\CodeIgniter->handleRequest()
 7 FCPATH/index.php(67): CodeIgniter\CodeIgniter->run()
CRITICAL - 2024-06-21 17:23:21 --> Trying to access array offset on value of type null
in APPPATH/Models/BasicModel.php on line 216.
 1 APPPATH/Models/BasicModel.php(216): CodeIgniter\Debug\Exceptions->errorHandler()
 2 APPPATH/Models/BasicModel.php(32): App\Models\BasicModel->getUserWorkEmptyFields()
 3 APPPATH/Controllers/Basic.php(16): App\Models\BasicModel->getEmptyFields()
 4 SYSTEMPATH/CodeIgniter.php(932): App\Controllers\Basic->getUserProfileEmptyFields()
 5 SYSTEMPATH/CodeIgniter.php(497): CodeIgniter\CodeIgniter->runController()
 6 SYSTEMPATH/CodeIgniter.php(366): CodeIgniter\CodeIgniter->handleRequest()
 7 FCPATH/index.php(67): CodeIgniter\CodeIgniter->run()
CRITICAL - 2024-06-21 17:23:21 --> User does not exist for specified user id
in APPPATH/Models/UserModel.php on line 276.
 1 APPPATH/Controllers/Users.php(140): App\Models\UserModel->findUserById()
 2 SYSTEMPATH/CodeIgniter.php(932): App\Controllers\Users->ref_point()
 3 SYSTEMPATH/CodeIgniter.php(497): CodeIgniter\CodeIgniter->runController()
 4 SYSTEMPATH/CodeIgniter.php(366): CodeIgniter\CodeIgniter->handleRequest()
 5 FCPATH/index.php(67): CodeIgniter\CodeIgniter->run()
CRITICAL - 2024-06-21 17:23:34 --> Trying to access array offset on value of type null
in APPPATH/Models/BasicModel.php on line 216.
 1 APPPATH/Models/BasicModel.php(216): CodeIgniter\Debug\Exceptions->errorHandler()
 2 APPPATH/Models/BasicModel.php(32): App\Models\BasicModel->getUserWorkEmptyFields()
 3 APPPATH/Controllers/Basic.php(16): App\Models\BasicModel->getEmptyFields()
 4 SYSTEMPATH/CodeIgniter.php(932): App\Controllers\Basic->getUserProfileEmptyFields()
 5 SYSTEMPATH/CodeIgniter.php(497): CodeIgniter\CodeIgniter->runController()
 6 SYSTEMPATH/CodeIgniter.php(366): CodeIgniter\CodeIgniter->handleRequest()
 7 FCPATH/index.php(67): CodeIgniter\CodeIgniter->run()
CRITICAL - 2024-06-21 17:23:34 --> User does not exist for specified user id
in APPPATH/Models/UserModel.php on line 276.
 1 APPPATH/Controllers/Users.php(140): App\Models\UserModel->findUserById()
 2 SYSTEMPATH/CodeIgniter.php(932): App\Controllers\Users->ref_point()
 3 SYSTEMPATH/CodeIgniter.php(497): CodeIgniter\CodeIgniter->runController()
 4 SYSTEMPATH/CodeIgniter.php(366): CodeIgniter\CodeIgniter->handleRequest()
 5 FCPATH/index.php(67): CodeIgniter\CodeIgniter->run()
CRITICAL - 2024-06-21 17:23:36 --> Trying to access array offset on value of type null
in APPPATH/Models/BasicModel.php on line 216.
 1 APPPATH/Models/BasicModel.php(216): CodeIgniter\Debug\Exceptions->errorHandler()
 2 APPPATH/Models/BasicModel.php(32): App\Models\BasicModel->getUserWorkEmptyFields()
 3 APPPATH/Controllers/Basic.php(16): App\Models\BasicModel->getEmptyFields()
 4 SYSTEMPATH/CodeIgniter.php(932): App\Controllers\Basic->getUserProfileEmptyFields()
 5 SYSTEMPATH/CodeIgniter.php(497): CodeIgniter\CodeIgniter->runController()
 6 SYSTEMPATH/CodeIgniter.php(366): CodeIgniter\CodeIgniter->handleRequest()
 7 FCPATH/index.php(67): CodeIgniter\CodeIgniter->run()
CRITICAL - 2024-06-21 17:23:36 --> Trying to access array offset on value of type null
in APPPATH/Models/BasicModel.php on line 216.
 1 APPPATH/Models/BasicModel.php(216): CodeIgniter\Debug\Exceptions->errorHandler()
 2 APPPATH/Models/BasicModel.php(32): App\Models\BasicModel->getUserWorkEmptyFields()
 3 APPPATH/Controllers/Basic.php(16): App\Models\BasicModel->getEmptyFields()
 4 SYSTEMPATH/CodeIgniter.php(932): App\Controllers\Basic->getUserProfileEmptyFields()
 5 SYSTEMPATH/CodeIgniter.php(497): CodeIgniter\CodeIgniter->runController()
 6 SYSTEMPATH/CodeIgniter.php(366): CodeIgniter\CodeIgniter->handleRequest()
 7 FCPATH/index.php(67): CodeIgniter\CodeIgniter->run()
CRITICAL - 2024-06-21 17:26:04 --> Trying to access array offset on value of type null
in APPPATH/Models/BasicModel.php on line 216.
 1 APPPATH/Models/BasicModel.php(216): CodeIgniter\Debug\Exceptions->errorHandler()
 2 APPPATH/Models/BasicModel.php(32): App\Models\BasicModel->getUserWorkEmptyFields()
 3 APPPATH/Controllers/Basic.php(16): App\Models\BasicModel->getEmptyFields()
 4 SYSTEMPATH/CodeIgniter.php(932): App\Controllers\Basic->getUserProfileEmptyFields()
 5 SYSTEMPATH/CodeIgniter.php(497): CodeIgniter\CodeIgniter->runController()
 6 SYSTEMPATH/CodeIgniter.php(366): CodeIgniter\CodeIgniter->handleRequest()
 7 FCPATH/index.php(67): CodeIgniter\CodeIgniter->run()
CRITICAL - 2024-06-21 17:26:04 --> User does not exist for specified user id
in APPPATH/Models/UserModel.php on line 276.
 1 APPPATH/Controllers/Users.php(140): App\Models\UserModel->findUserById()
 2 SYSTEMPATH/CodeIgniter.php(932): App\Controllers\Users->ref_point()
 3 SYSTEMPATH/CodeIgniter.php(497): CodeIgniter\CodeIgniter->runController()
 4 SYSTEMPATH/CodeIgniter.php(366): CodeIgniter\CodeIgniter->handleRequest()
 5 FCPATH/index.php(67): CodeIgniter\CodeIgniter->run()
CRITICAL - 2024-06-21 17:26:09 --> Trying to access array offset on value of type null
in APPPATH/Models/BasicModel.php on line 216.
 1 APPPATH/Models/BasicModel.php(216): CodeIgniter\Debug\Exceptions->errorHandler()
 2 APPPATH/Models/BasicModel.php(32): App\Models\BasicModel->getUserWorkEmptyFields()
 3 APPPATH/Controllers/Basic.php(16): App\Models\BasicModel->getEmptyFields()
 4 SYSTEMPATH/CodeIgniter.php(932): App\Controllers\Basic->getUserProfileEmptyFields()
 5 SYSTEMPATH/CodeIgniter.php(497): CodeIgniter\CodeIgniter->runController()
 6 SYSTEMPATH/CodeIgniter.php(366): CodeIgniter\CodeIgniter->handleRequest()
 7 FCPATH/index.php(67): CodeIgniter\CodeIgniter->run()
CRITICAL - 2024-06-21 17:26:09 --> Trying to access array offset on value of type null
in APPPATH/Models/BasicModel.php on line 216.
 1 APPPATH/Models/BasicModel.php(216): CodeIgniter\Debug\Exceptions->errorHandler()
 2 APPPATH/Models/BasicModel.php(32): App\Models\BasicModel->getUserWorkEmptyFields()
 3 APPPATH/Controllers/Basic.php(16): App\Models\BasicModel->getEmptyFields()
 4 SYSTEMPATH/CodeIgniter.php(932): App\Controllers\Basic->getUserProfileEmptyFields()
 5 SYSTEMPATH/CodeIgniter.php(497): CodeIgniter\CodeIgniter->runController()
 6 SYSTEMPATH/CodeIgniter.php(366): CodeIgniter\CodeIgniter->handleRequest()
 7 FCPATH/index.php(67): CodeIgniter\CodeIgniter->run()
CRITICAL - 2024-06-21 17:26:14 --> User does not exist for specified user id
in APPPATH/Models/UserModel.php on line 276.
 1 APPPATH/Controllers/Users.php(140): App\Models\UserModel->findUserById()
 2 SYSTEMPATH/CodeIgniter.php(932): App\Controllers\Users->ref_point()
 3 SYSTEMPATH/CodeIgniter.php(497): CodeIgniter\CodeIgniter->runController()
 4 SYSTEMPATH/CodeIgniter.php(366): CodeIgniter\CodeIgniter->handleRequest()
 5 FCPATH/index.php(67): CodeIgniter\CodeIgniter->run()
CRITICAL - 2024-06-21 17:26:14 --> Trying to access array offset on value of type null
in APPPATH/Models/BasicModel.php on line 216.
 1 APPPATH/Models/BasicModel.php(216): CodeIgniter\Debug\Exceptions->errorHandler()
 2 APPPATH/Models/BasicModel.php(32): App\Models\BasicModel->getUserWorkEmptyFields()
 3 APPPATH/Controllers/Basic.php(16): App\Models\BasicModel->getEmptyFields()
 4 SYSTEMPATH/CodeIgniter.php(932): App\Controllers\Basic->getUserProfileEmptyFields()
 5 SYSTEMPATH/CodeIgniter.php(497): CodeIgniter\CodeIgniter->runController()
 6 SYSTEMPATH/CodeIgniter.php(366): CodeIgniter\CodeIgniter->handleRequest()
 7 FCPATH/index.php(67): CodeIgniter\CodeIgniter->run()
CRITICAL - 2024-06-21 17:26:37 --> Trying to access array offset on value of type null
in APPPATH/Models/BasicModel.php on line 216.
 1 APPPATH/Models/BasicModel.php(216): CodeIgniter\Debug\Exceptions->errorHandler()
 2 APPPATH/Models/BasicModel.php(32): App\Models\BasicModel->getUserWorkEmptyFields()
 3 APPPATH/Controllers/Basic.php(16): App\Models\BasicModel->getEmptyFields()
 4 SYSTEMPATH/CodeIgniter.php(932): App\Controllers\Basic->getUserProfileEmptyFields()
 5 SYSTEMPATH/CodeIgniter.php(497): CodeIgniter\CodeIgniter->runController()
 6 SYSTEMPATH/CodeIgniter.php(366): CodeIgniter\CodeIgniter->handleRequest()
 7 FCPATH/index.php(67): CodeIgniter\CodeIgniter->run()
CRITICAL - 2024-06-21 17:26:37 --> Trying to access array offset on value of type null
in APPPATH/Models/BasicModel.php on line 216.
 1 APPPATH/Models/BasicModel.php(216): CodeIgniter\Debug\Exceptions->errorHandler()
 2 APPPATH/Models/BasicModel.php(32): App\Models\BasicModel->getUserWorkEmptyFields()
 3 APPPATH/Controllers/Basic.php(16): App\Models\BasicModel->getEmptyFields()
 4 SYSTEMPATH/CodeIgniter.php(932): App\Controllers\Basic->getUserProfileEmptyFields()
 5 SYSTEMPATH/CodeIgniter.php(497): CodeIgniter\CodeIgniter->runController()
 6 SYSTEMPATH/CodeIgniter.php(366): CodeIgniter\CodeIgniter->handleRequest()
 7 FCPATH/index.php(67): CodeIgniter\CodeIgniter->run()
